entity_id,kind,name,label,fallback,wikidata_qid,source,fetched_at
4b0e3049,player,Aaliyah Alleyne,आलिया एलेने,False,Q73157241,https://www.wikidata.org/wiki/Q73157241,2026-10-03T11:34:13.105074+00:00
25c73eb6,player,Abbi Aitken,अब्बी एटकेन-ड्रमंड,False,Q22957404,https://www.wikidata.org/wiki/Q22957404,2026-10-03T11:34:00.828353+00:00
7c1ba524,player,Anuja Patil,अनुजा पाटिल,False,Q4777767,https://www.wikidata.org/wiki/Q4777767,2026-10-03T11:34:13.105074+00:00
cd4d7695,player,Aarif Sheikh,आरिफ शेख,False,Q17388748,https://www.wikidata.org/wiki/Q17388748,2026-10-03T11:34:13.105074+00:00
17aa4f1d,player,Aaron Jones,एरॉन जोन्स (क्रिकेटर),False,Q22278432,https://www.wikidata.org/wiki/Q22278432,2026-10-03T11:34:13.105074+00:00
dcbea954,player,Aasif Sheikh,आसिफ शेख (क्रिकेटर),False,Q47087110,https://www.wikidata.org/wiki/Q47087110,2026-10-03T11:33:56.662400+00:00
d2d15439,player,Aayan Afzal Khan,Aayan Afzal Khan,True,Q114724632,https://www.wikidata.org/wiki/Q114724632,2026-10-03T11:33:57.600001+00:00
fa463154,player,Ajit Agarkar,अजीत आगरकर,False,Q3520013,https://www.wikidata.org/wiki/Q3520013,2026-10-03T11:33:57.602014+00:00
6ef13460,player,Andrew Balbirnie,एंड्रयू बालबर्नी,False,Q4756267,https://www.wikidata.org/wiki/Q4756267,2026-10-03T11:34:00.828353+00:00
c4487b84,player,AB de Villiers,एबी डी विलियर्स,False,Q3011889,https://www.wikidata.org/wiki/Q3011889,2026-10-03T11:34:02.401104+00:00
0cfb42b5,player,Abdul Majid Abbasi,Abdul Majid Abbasi,True,,https://query.wikidata.org/sparql,2026-10-03T11:33:57.600001+00:00
390ff45b,player,Abdul Razzaq,अब्दुल रज्जाक,False,Q3202740,https://www.wikidata.org/wiki/Q3202740,2026-10-03T11:34:00.828353+00:00
888e32bf,player,Abdur Razzak,Abdur Razzak,True,Q3348179,https://www.wikidata.org/wiki/Q3348179,2026-10-03T11:34:13.105074+00:00
9565fda6,player,Amanjot Kaur,Amanjot Kaur,True,Q116417448,https://www.wikidata.org/wiki/Q116417448,2026-10-03T11:33:57.600001+00:00
dcf0e8f4,player,Anne Bosch,ऐनी बॉश,False,Q27921687,https://www.wikidata.org/wiki/Q27921687,2026-10-03T11:34:02.402630+00:00
053dc208,player,Arran Brindle,Arran Brindle,True,Q4795832,https://www.wikidata.org/wiki/Q4795832,2026-10-03T11:34:02.405334+00:00
a2421394,player,Ashton Agar,एश्टन अगर,False,Q4806015,https://www.wikidata.org/wiki/Q4806015,2026-10-03T11:34:02.402630+00:00
ffd5fcd8,player,Ava Canning,एवा कैनिंग,False,Q106959806,https://www.wikidata.org/wiki/Q106959806,2026-10-03T11:33:57.600001+00:00
910dd54e,player,Alice Capsey,ऐलिस कैप्सी,False,Q106147249,https://www.wikidata.org/wiki/Q106147249,2026-10-03T11:33:56.662400+00:00
2b6e6dec,player,Adam Gilchrist,एडम गिलक्रिस्ट,False,Q349516,https://www.wikidata.org/wiki/Q349516,2026-10-03T11:34:02.405334+00:00
78fa5f6d,player,A Chandel,A Chandel,True,,https://query.wikidata.org/sparql,2026-10-03T11:33:57.600001+00:00
ac56b5a7,player,Chamari Atapattu,चमारी अटापट्टू,False,Q16230755,https://www.wikidata.org/wiki/Q16230755,2026-10-03T11:34:00.828353+00:00
7673c908,player,Amelia Kerr,अमेलिया केर,False,Q27898955,https://www.wikidata.org/wiki/Q27898955,2026-10-03T11:34:13.105074+00:00
66498395,player,Alana Dalzell,Alana Dalzell,True,Q112632048,https://www.wikidata.org/wiki/Q112632048,2026-10-03T11:33:57.600001+00:00
5b16a806,player,Akila Dananjaya,अकिला धनंजय,False,Q2829042,https://www.wikidata.org/wiki/Q2829042,2026-10-03T11:34:13.105074+00:00
d2b1f515,player,Annerie Dercksen,Annerie Dercksen,True,Q116643949,https://www.wikidata.org/wiki/Q116643949,2026-10-03T11:33:56.662400+00:00
92aeac25,player,Alex Hales,एलेक्स हेल्स,False,Q4717118,https://www.wikidata.org/wiki/Q4717118,2026-10-03T11:33:57.600001+00:00
896d78ad,player,Angelo Mathews,Angelo Mathews,True,Q3531300,https://www.wikidata.org/wiki/Q3531300,2026-10-03T11:34:02.402630+00:00
bbd41817,player,Andre Russell,आंद्रे रसेल,False,Q3531349,https://www.wikidata.org/wiki/Q3531349,2026-10-03T11:33:57.602014+00:00
1bae756b,player,Andre Fletcher,आंद्रे फ्लेचर,False,Q4754780,https://www.wikidata.org/wiki/Q4754780,2026-10-03T11:34:02.402630+00:00
803dbf1d,player,Aryan Dutt,आर्यन दत्त,False,Q106810295,https://www.wikidata.org/wiki/Q106810295,2026-10-03T11:33:57.600001+00:00
b05e45e4,player,Amy Jones,एमी जोन्स,False,Q16224496,https://www.wikidata.org/wiki/Q16224496,2026-10-03T11:34:02.402630+00:00
72b7ed1e,player,Amy Satterthwaite,एमी सैटरथवेट,False,Q4749374,https://www.wikidata.org/wiki/Q4749374,2026-10-03T11:33:57.600001+00:00
37138918,player,Afif Hossain,अफिफ हुसैन,False,Q27978942,https://www.wikidata.org/wiki/Q27978942,2026-10-03T11:34:13.105074+00:00
ddc0828d,player,Andrew Flintoff,एंड्रयू फ़्लिंटफ़,False,Q95885,https://www.wikidata.org/wiki/Q95885,2026-10-03T11:33:57.600001+00:00
350bb1b1,player,Adam Milne,एडम मिल्ने,False,Q4679499,https://www.wikidata.org/wiki/Q4679499,2026-10-03T11:34:02.401104+00:00
bc969efb,player,Ashleigh Gardner,एशले गार्डनर,False,Q28542240,https://www.wikidata.org/wiki/Q28542240,2026-10-03T11:34:13.105074+00:00
9f0270e0,player,Graeme Cremer,ग्रीम क्रेमर,False,Q5592242,https://www.wikidata.org/wiki/Q5592242,2026-10-03T11:34:02.405334+00:00
89c16049,player,Salman Ali Agha,आगा सलमान,False,Q21622685,https://www.wikidata.org/wiki/Q21622685,2026-10-03T11:34:13.105074+00:00
10854c82,player,Anju Gurung,Anju Gurung,True,Q111664158,https://www.wikidata.org/wiki/Q111664158,2026-10-03T11:33:56.662400+00:00
b5f30525,player,Ahmad Ramdoni,Ahmad Ramdoni,True,,https://query.wikidata.org/sparql,2026-10-03T11:33:56.662400+00:00
f61e2829,player,Abtaha Maqsood,अबताहा मकसूद,False,Q28758344,https://www.wikidata.org/wiki/Q28758344,2026-10-03T11:34:13.105074+00:00
f6b4f746,player,Ahmed Faiz,अहमद फैज,False,Q18350520,https://www.wikidata.org/wiki/Q18350520,2026-10-03T11:34:00.828353+00:00
79b4839e,player,Ahmed Raza,अहमद राज़ा,False,Q4695981,https://www.wikidata.org/wiki/Q4695981,2026-10-03T11:33:57.600001+00:00
f8fd6e3f,player,Ahmed Shehzad,अहमद शहज़ाद,False,Q4696019,https://www.wikidata.org/wiki/Q4696019,2026-10-03T11:33:57.600001+00:00
afbc53ba,player,Ahmer Bin Nisar,Ahmer Bin Nisar,True,,https://query.wikidata.org/sparql,2026-10-03T11:34:13.105074+00:00
e8fa03ed,player,Amy Hunter,एमी हंटर (क्रिकेटर),False,Q106959811,https://www.wikidata.org/wiki/Q106959811,2026-10-03T11:33:57.600001+00:00
9414a81c,player,AI Chudasama,AI Chudasama,True,,https://query.wikidata.org/sparql,2026-10-03T11:33:57.600001+00:00
6762a445,player,A Ikuzwe,A Ikuzwe,True,,https://query.wikidata.org/sparql,2026-10-03T11:33:56.662400+00:00
c736a96b,player,Aiman Anwer,आइमान एनवर,False,Q25750637,https://www.wikidata.org/wiki/Q25750637,2026-10-03T11:34:13.105074+00:00
31453abb,player,Aina Najwa,Aina Najwa,True,Q55366888,https://www.wikidata.org/wiki/Q55366888,2026-10-03T11:33:56.662400+00:00
4c7744de,player,Ainna Hamizah Hashim,ऐना हमीज़ा हाशिम,False,Q55366875,https://www.wikidata.org/wiki/Q55366875,2026-10-03T11:33:56.662400+00:00
2cd18a73,player,Aisya Eleesa,Aisya Eleesa,True,Q116474094,https://www.wikidata.org/wiki/Q116474094,2026-10-03T11:33:56.662400+00:00
f6c2659d,player,Aizaz Khan,एजाज खान,False,Q4699426,https://www.wikidata.org/wiki/Q4699426,2026-10-03T11:34:00.828353+00:00
b9164a9b,player,Alex Blackwell,एलेक्स ब्लैकवेल,False,Q3526026,https://www.wikidata.org/wiki/Q3526026,2026-10-03T11:34:02.405334+00:00
b8d490fd,player,Aaron Finch,आरोन फिंच,False,Q4662015,https://www.wikidata.org/wiki/Q4662015,2026-10-03T11:34:02.405334+00:00
321644de,player,Alyssa Healy,अलीसा हैली,False,Q4738765,https://www.wikidata.org/wiki/Q4738765,2026-10-03T11:33:57.602014+00:00
4d7f517e,player,Akeal Hosein,अकील होसिन,False,Q22005214,https://www.wikidata.org/wiki/Q22005214,2026-10-03T11:34:02.405334+00:00
b68d14a9,player,Andrew Strauss,एंड्रयू स्ट्रॉस,False,Q507772,https://www.wikidata.org/wiki/Q507772,2026-10-03T11:33:57.600001+00:00
e92841c0,player,A Kano,A Kano,True,,https://query.wikidata.org/sparql,2026-10-03T11:33:56.662400+00:00
0d518f89,player,Ayabonga Khaka,अयबोंगा खाका,False,Q16730776,https://www.wikidata.org/wiki/Q16730776,2026-10-03T11:34:00.828353+00:00
83558266,player,Alana King,अलाना किंग,False,Q42659874,https://www.wikidata.org/wiki/Q42659874,2026-10-03T11:34:13.105074+00:00
f888a374,player,Aimee Maguire,Aimee Maguire,True,Q134184131,https://www.wikidata.org/wiki/Q134184131,2026-10-03T11:33:57.600001+00:00
6a26221c,player,Aiden Markram,एडेन मार्कराम,False,Q16236328,https://www.wikidata.org/wiki/Q16236328,2026-10-03T11:34:13.105074+00:00
eb9082b2,player,A Kohli,A Kohli,True,,https://query.wikidata.org/sparql,2026-10-03T11:33:56.662400+00:00
596982e6,player,Ali Dawood,Ali Dawood,True,,https://query.wikidata.org/sparql,2026-10-03T11:34:13.105074+00:00
090c0213,player,Ailsa Lister,ऐल्सा लिस्टर,False,Q106959807,https://www.wikidata.org/wiki/Q106959807,2026-10-03T11:33:56.662400+00:00
2904b4b6,player,Aliya Riaz,आलिया रियाज,False,Q18211319,https://www.wikidata.org/wiki/Q18211319,2026-10-03T11:34:13.105074+00:00
ab6b1c45,player,Andile Phehlukwayo,एंडिले फेहलुकवेओ,False,Q20745176,https://www.wikidata.org/wiki/Q20745176,2026-10-03T11:34:02.405334+00:00
09a58e2d,player,Audrey Mazvishaya,ऑड्रे मज़्विशाया,False,Q108801774,https://www.wikidata.org/wiki/Q108801774,2026-10-03T11:34:02.405334+00:00
4ca3d67d,player,AM Kamara,AM Kamara,True,,https://query.wikidata.org/sparql,2026-10-03T11:33:56.662400+00:00
34e36b65,player,Ally Kimote,अल्ली किमोट,False,Q20744915,https://www.wikidata.org/wiki/Q20744915,2026-10-03T11:34:02.401104+00:00
44b53fba,player,Amna Tariq,Amna Tariq,True,,https://query.wikidata.org/sparql,2026-10-03T11:33:56.662400+00:00
a49985e6,player,Anisa Mohammed,अनिसा मोहम्मद,False,Q4765292,https://www.wikidata.org/wiki/Q4765292,2026-10-03T11:34:02.405334+00:00
781f1a40,player,A Mokgotlhe,A Mokgotlhe,True,,https://query.wikidata.org/sparql,2026-10-03T11:33:56.662400+00:00
ae2c396f,player,Anna Peterson,अन्ना पीटरसन,False,Q24007016,https://www.wikidata.org/wiki/Q24007016,2026-10-03T11:34:00.828353+00:00
29e95537,player,Ajinkya Rahane,अजिंक्य रहाणे,False,Q137669,https://www.wikidata.org/wiki/Q137669,2026-10-03T11:34:00.828353+00:00
06653fcc,player,Anam Amin,अनम अमीन,False,Q18162025,https://www.wikidata.org/wiki/Q18162025,2026-10-03T11:34:13.105074+00:00
f41598c1,player,Alastair Cook,अलस्टेयर कुक,False,Q500551,https://www.wikidata.org/wiki/Q500551,2026-10-03T11:33:56.662400+00:00
c8e6bddd,player,Ashley Ndiraya,एशले निदिराय,False,Q28755516,https://www.wikidata.org/wiki/Q28755516,2026-10-03T11:34:02.402630+00:00
96fd40ae,player,Ashish Nehra,आशीष नेहरा,False,Q3522120,https://www.wikidata.org/wiki/Q3522120,2026-10-03T11:34:00.828353+00:00
72275237,player,Anjar Tadarus,Anjar Tadarus,True,,https://query.wikidata.org/sparql,2026-10-03T11:33:56.662400+00:00
397369e0,player,Arlene Kelly,Arlene Kelly,True,Q112256714,https://www.wikidata.org/wiki/Q112256714,2026-10-03T11:34:13.105074+00:00
552b228c,player,Anshuman Rath,Anshuman Rath,True,Q18637904,https://www.wikidata.org/wiki/Q18637904,2026-10-03T11:34:02.401104+00:00
b3b39bed,player,Aaqib Ilyas,अकीब इलियास,False,Q28341347,https://www.wikidata.org/wiki/Q28341347,2026-10-03T11:34:13.105074+00:00
14157abf,player,Aqib Iqbal,Aqib Iqbal,True,,https://query.wikidata.org/sparql,2026-10-03T11:33:56.662400+00:00
eadc8924,player,Arundhati Reddy,अरुंधति रेड्डी,False,Q56678282,https://www.wikidata.org/wiki/Q56678282,2026-10-03T11:34:13.955263+00:00
e957b38f,player,Andrew McBrine,एंडी मैकब्राइन,False,Q16224833,https://www.wikidata.org/wiki/Q16224833,2026-10-03T11:34:00.828353+00:00
2e171977,player,Axar Patel,अक्षर पटेल,False,Q16225109,https://www.wikidata.org/wiki/Q16225109,2026-10-03T11:34:02.405334+00:00
244048f6,player,Arshdeep Singh,अर्शदीप सिंह,False,Q60734086,https://www.wikidata.org/wiki/Q60734086,2026-10-03T11:33:56.662400+00:00
04e145f4,player,A Salomao,A Salomao,True,,https://query.wikidata.org/sparql,2026-10-03T11:33:56.662400+00:00
06cad4f0,player,Alishan Sharafu,अलीशान शराफू,False,Q104717338,https://www.wikidata.org/wiki/Q104717338,2026-10-03T11:33:56.662400+00:00
32497ecd,player,Anya Shrubsole,अन्या श्रुबसोलें,False,Q4778211,https://www.wikidata.org/wiki/Q4778211,2026-10-03T11:33:57.600001+00:00
0a4736eb,player,Asif Ali,आसिफ अली (क्रिकेटर),False,Q22958372,https://www.wikidata.org/wiki/Q22958372,2026-10-03T11:34:02.402630+00:00
074acfb4,player,Asif Khan,Asif Khan,True,Q21621679,https://www.wikidata.org/wiki/Q21621679,2026-10-03T11:34:00.828353+00:00
b0946605,player,Alzarri Joseph,अलज़ारी जोसेफ,False,Q22005697,https://www.wikidata.org/wiki/Q22005697,2026-10-03T11:34:13.105074+00:00
98dfe425,player,Asmavia Iqbal,Asmavia Iqbal,True,Q4807429,https://www.wikidata.org/wiki/Q4807429,2026-10-03T11:33:57.600001+00:00
26b3df21,player,AS Qwele,AS Qwele,True,,https://query.wikidata.org/sparql,2026-10-03T11:33:56.662400+00:00
42d9dd09,player,Afy Fletcher,अफी फ्लेचर,False,Q23772672,https://www.wikidata.org/wiki/Q23772672,2026-10-03T11:34:00.828353+00:00
14baca9f,player,Andrie Steyn,एंड्री स्टेन,False,Q24088568,https://www.wikidata.org/wiki/Q24088568,2026-10-03T11:34:02.402630+00:00
65d9b6b6,player,Annabel Sutherland,एनाबेल सदरलैंड,False,Q60474182,https://www.wikidata.org/wiki/Q60474182,2026-10-03T11:33:56.662400+00:00
43a2244f,player,Aphisara Suwanchonrathi,Aphisara Suwanchonrathi,True,Q116471429,https://www.wikidata.org/wiki/Q116471429,2026-10-03T11:33:57.600001+00:00
bd77eb62,player,Andrew Symonds,एन्ड्र्यू सायमन्ड्स,False,Q2723418,https://www.wikidata.org/wiki/Q2723418,2026-10-03T11:34:13.105074+00:00
69d03465,player,Alex Carey,एलेक्स कैरी (क्रिकेटर),False,Q24005538,https://www.wikidata.org/wiki/Q24005538,2026-10-03T11:34:00.828353+00:00
249d60c9,player,Adil Rashid,आदिल रशिद,False,Q4682815,https://www.wikidata.org/wiki/Q4682815,2026-10-03T11:33:57.600001+00:00
72e60730,player,Assad Vala,असद वाला,False,Q18638006,https://www.wikidata.org/wiki/Q18638006,2026-10-03T11:33:57.600001+00:00
02610bad,player,Adri van der Merwe,अद्री वैन डेर मेरवे,False,Q66771642,https://www.wikidata.org/wiki/Q66771642,2026-10-03T11:33:56.662400+00:00
44d6a8b8,player,Ayan Khan,Ayan Khan,True,Q27899086,https://www.wikidata.org/wiki/Q27899086,2026-10-03T11:34:13.105074+00:00
2f899a44,player,Ayasha Rahman,Ayasha Rahman,True,Q15730198,https://www.wikidata.org/wiki/Q15730198,2026-10-03T11:34:00.828353+00:00
8c2c0a03,player,Ayesha Naseem,Ayesha Naseem,True,,https://query.wikidata.org/sparql,2026-10-03T11:33:57.600001+00:00
e15f4fa4,player,Ayesha Zafar,आयशा जफर,False,Q21623368,https://www.wikidata.org/wiki/Q21623368,2026-10-03T11:34:13.105074+00:00
37ceee4e,player,Aysha,Aysha,True,,https://query.wikidata.org/sparql,2026-10-03T11:33:57.600001+00:00
14f96089,player,Adam Zampa,एडम ज़म्पा,False,Q16225921,https://www.wikidata.org/wiki/Q16225921,2026-10-03T11:34:00.828353+00:00
8a75e999,player,Mohammad Babar Azam,बाबर आज़म,False,Q4837515,https://www.wikidata.org/wiki/Q4837515,2026-10-03T11:34:00.828353+00:00
fbb657bb,player,Babar Hayat,बाबर हयात,False,Q15966602,https://www.wikidata.org/wiki/Q15966602,2026-10-03T11:34:02.405334+00:00
7fca84b7,player,Brandon King,ब्रैंडन किंग,False,Q20744916,https://www.wikidata.org/wiki/Q20744916,2026-10-03T11:34:13.105074+00:00
adbf0400,player,Basil Hameed,बेसिल हमीद,False,Q77709013,https://www.wikidata.org/wiki/Q77709013,2026-10-03T11:33:57.600001+00:00
e087956b,player,Ben Stokes,बेन स्टोक्स,False,Q4886521,https://www.wikidata.org/wiki/Q4886521,2026-10-03T11:34:00.828353+00:00
ea0cdc12,player,Ajantha Mendis,अजंता मेंडिस,False,Q2480608,https://www.wikidata.org/wiki/Q2480608,2026-10-03T11:33:57.602014+00:00
564afdcf,player,Bernadine Bezuidenhout,बर्नडाइन बेजुइडनहॉट,False,Q24062451,https://www.wikidata.org/wiki/Q24062451,2026-10-03T11:34:02.402630+00:00
8a522c6c,player,B Biza,B Biza,True,,https://query.wikidata.org/sparql,2026-10-03T11:33:57.600001+00:00
b8a55852,player,Brendon McCullum,ब्रेंडन मैकुलम,False,Q3345051,https://www.wikidata.org/wiki/Q3345051,2026-10-03T11:34:00.828353+00:00
d5403021,player,Brian Lara,ब्रायन लारा,False,Q202877,https://www.wikidata.org/wiki/Q202877,2026-10-03T11:34:02.404741+00:00
ac0edb42,player,Britney Cooper,ब्रिटनी कूपर,False,Q16728187,https://www.wikidata.org/wiki/Q16728187,2026-10-03T11:34:00.828353+00:00
b3020075,player,Babette de Leede,बेबेट डी लीडे,False,Q28777182,https://www.wikidata.org/wiki/Q28777182,2026-10-03T11:34:13.105074+00:00
fc4375ef,player,Bas de Leede,बास डी लीडे,False,Q41312679,https://www.wikidata.org/wiki/Q41312679,2026-10-03T11:33:56.662400+00:00
dcdb87f2,player,Bilal Khan,बिलाल खान,False,Q21642657,https://www.wikidata.org/wiki/Q21642657,2026-10-03T11:34:13.105074+00:00
3b770527,player,Bismah Maroof,बिस्माह मारूफ,False,Q4918276,https://www.wikidata.org/wiki/Q4918276,2026-10-03T11:33:57.602014+00:00
eaa36b2a,player,Brian Bennett,Brian Bennett,True,Q123997904,https://www.wikidata.org/wiki/Q123997904,2026-10-03T11:33:56.662400+00:00
124b57a7,player,Belinda Clark,बेलिंडा क्लार्क,False,Q3195953,https://www.wikidata.org/wiki/Q3195953,2026-10-03T11:43:10.242849+00:00
b0c772ee,player,Brad Haddin,ब्रेड हैडिन,False,Q2923403,https://www.wikidata.org/wiki/Q2923403,2026-10-03T11:34:02.405334+00:00
3766056b,player,Barry McCarthy,बैरी मैकार्थी,False,Q21062028,https://www.wikidata.org/wiki/Q21062028,2026-10-03T11:34:00.828353+00:00
436c763a,player,Brandon McMullen,Brandon McMullen,True,Q119960964,https://www.wikidata.org/wiki/Q119960964,2026-10-03T11:34:13.105074+00:00
5d1e7582,player,Kusal Mendis,कुसल मेंडिस,False,Q20745045,https://www.wikidata.org/wiki/Q20745045,2026-10-03T11:34:13.105074+00:00
2e81a32d,player,Bhuvneshwar Kumar,भुवनेश्वर कुमार,False,Q2003153,https://www.wikidata.org/wiki/Q2003153,2026-10-03T11:34:00.828353+00:00
dd09ff8e,player,Brett Lee,ब्रेट ली,False,Q422980,https://www.wikidata.org/wiki/Q422980,2026-10-03T11:34:13.105074+00:00
52d1dbc8,player,Beth Mooney,बेथ मूनी,False,Q16224916,https://www.wikidata.org/wiki/Q16224916,2026-10-03T11:34:00.828353+00:00
9868bc75,player,Jeevan Mendis,जीवन मेंडिस,False,Q3531176,https://www.wikidata.org/wiki/Q3531176,2026-10-03T11:34:02.402630+00:00
efb6cb2a,player,Brooke Halliday,ब्रुक हॉलिडे,False,Q105627790,https://www.wikidata.org/wiki/Q105627790,2026-10-03T11:34:13.105074+00:00
e85d03d6,player,Bernard Scholtz,बर्नार्ड शोल्ट्ज़,False,Q4893629,https://www.wikidata.org/wiki/Q4893629,2026-10-03T11:34:00.828353+00:00
b55fb828,player,Sugandika Kumari,सुगंधिका कुमारी,False,Q27049122,https://www.wikidata.org/wiki/Q27049122,2026-10-03T11:34:13.105074+00:00
2d4317da,player,B Murekatete,B Murekatete,True,,https://query.wikidata.org/sparql,2026-10-03T11:33:57.600001+00:00
449f4e3c,player,Blessing Muzarabani,ब्लेस्सींग मुजरबानी,False,Q41585980,https://www.wikidata.org/wiki/Q41585980,2026-10-03T11:34:13.105074+00:00
4d1cc284,player,Bindu Rawal,Bindu Rawal,True,Q108561851,https://www.wikidata.org/wiki/Q108561851,2026-10-03T11:33:56.662400+00:00
53597be1,player,Brendan Taylor,ब्रेंडन टेलर,False,Q620283,https://www.wikidata.org/wiki/Q620283,2026-10-03T11:34:13.105074+00:00
f50ca46d,player,B Shanti,B Shanti,True,,https://query.wikidata.org/sparql,2026-10-03T11:33:57.600001+00:00
3a6cbb8e,player,Brenda Tau,बे्रन्डा ताऊ,False,Q28777183,https://www.wikidata.org/wiki/Q28777183,2026-10-03T11:34:13.105074+00:00
a9fabff4,player,Yashoda Mendis,Yashoda Mendis,True,Q16231441,https://www.wikidata.org/wiki/Q16231441,2026-10-03T11:34:02.402630+00:00
d92d3563,player,Chloe Abel,Chloe Abel,True,Q125857309,https://www.wikidata.org/wiki/Q125857309,2026-10-03T11:33:57.600001+00:00
75820733,player,Chinelle Henry,चिनले हेनरी,False,Q16466563,https://www.wikidata.org/wiki/Q16466563,2026-10-03T11:34:02.401104+00:00
9920dd86,player,Chad Soper,चाड सोपर,False,Q21063290,https://www.wikidata.org/wiki/Q21063290,2026-10-03T11:34:13.105074+00:00
01c1b96c,player,Concy Aweko,कॉन्सी अवेको,False,Q55433689,https://www.wikidata.org/wiki/Q55433689,2026-10-03T11:34:00.828353+00:00
bd0a4a7d,player,Craig Young,क्रेग यंग (क्रिकेटर),False,Q16225917,https://www.wikidata.org/wiki/Q16225917,2026-10-03T11:34:00.828353+00:00
49691d7a,player,Christopher Mpofu,क्रिस्टोफर मपोफु,False,Q5112913,https://www.wikidata.org/wiki/Q5112913,2026-10-03T11:34:02.405334+00:00
478a63e7,player,Curtis Campher,कर्टिस केम्फ,False,Q87255031,https://www.wikidata.org/wiki/Q87255031,2026-10-03T11:34:13.105074+00:00
94d7f855,player,Colin de Grandhomme,कोलिन डी ग्रैंडहोम,False,Q5145709,https://www.wikidata.org/wiki/Q5145709,2026-10-03T11:34:02.405334+00:00
c6a019f5,player,Caroline de Lange,कैरोलीन डी लैंग,False,Q66310410,https://www.wikidata.org/wiki/Q66310410,2026-10-03T11:34:13.105074+00:00
c6625a26,player,Charlie Dean,चार्ली डीन,False,Q106241375,https://www.wikidata.org/wiki/Q106241375,2026-10-03T11:33:56.662400+00:00
c4022bff,player,Chan Ka Man,Chan Ka Man,True,,https://query.wikidata.org/sparql,2026-10-03T11:33:57.602014+00:00
77b26349,player,Chaya Mughal,छाया मुगल,False,Q55433725,https://www.wikidata.org/wiki/Q55433725,2026-10-03T11:33:56.662400+00:00
db584dad,player,CH Gayle,क्रिस गेल,False,Q2732196,https://www.wikidata.org/wiki/Q2732196,2026-10-03T11:34:02.404741+00:00
4d84ad05,player,CJA Amini,CJA Amini,True,,https://query.wikidata.org/sparql,2026-10-03T11:34:00.828353+00:00
8abdf100,player,Corey Anderson,कोरी एण्डरसन,False,Q5170329,https://www.wikidata.org/wiki/Q5170329,2026-10-03T11:33:57.602014+00:00
f32dbc84,player,Chamu Chibhabha,चमु चिभाभा,False,Q3525078,https://www.wikidata.org/wiki/Q3525078,2026-10-03T11:34:02.405334+00:00
ffe699c0,player,Chris Jordan,क्रिस जॉर्डन,False,Q5107047,https://www.wikidata.org/wiki/Q5107047,2026-10-03T11:34:00.828353+00:00
1e960f2a,player,Craig Kieswetter,Craig Kieswetter,True,Q5181117,https://www.wikidata.org/wiki/Q5181117,2026-10-03T11:33:57.600001+00:00
cfad138c,player,Chamara Kapugedera,Chamara Kapugedera,True,Q3529872,https://www.wikidata.org/wiki/Q3529872,2026-10-03T11:33:57.600001+00:00
d1c94b25,player,Charl Langeveldt,शार्ल लँगेवेल्ड्ट,False,Q3520841,https://www.wikidata.org/wiki/Q3520841,2026-10-03T11:34:02.401104+00:00
4d4605e6,player,Chloe Tryon,क्लो ट्राईऑन,False,Q5102889,https://www.wikidata.org/wiki/Q5102889,2026-10-03T11:34:02.401104+00:00
d0513f63,player,Cameron White,कैमरून व्हाइट,False,Q2748521,https://www.wikidata.org/wiki/Q2748521,2026-10-03T11:34:13.105074+00:00
bb4d1237,player,C Magaia,C Magaia,True,,https://query.wikidata.org/sparql,2026-10-03T11:33:56.662400+00:00
3250b7db,player,C Mahamalage,C Mahamalage,True,,https://query.wikidata.org/sparql,2026-10-03T11:33:57.600001+00:00
60e11a00,player,Clare Shillington,Clare Shillington,True,Q16221585,https://www.wikidata.org/wiki/Q16221585,2026-10-03T11:34:02.405334+00:00
d4188b60,player,Charlotte Edwards,चार्लोट एडवर्ड्स,False,Q3526063,https://www.wikidata.org/wiki/Q3526063,2026-10-03T11:34:02.405334+00:00
f1328a90,player,Christina Gough,क्रिस्टीना गफ,False,Q65030710,https://www.wikidata.org/wiki/Q65030710,2026-10-03T11:34:13.105074+00:00
af2c687b,player,Colin Munro,कोलिन मुनरो,False,Q5145435,https://www.wikidata.org/wiki/Q5145435,2026-10-03T11:33:57.600001+00:00
5a50471c,player,Cara Murray,कारा मरे,False,Q54861582,https://www.wikidata.org/wiki/Q54861582,2026-10-03T11:33:56.662400+00:00
56418eae,player,Cecelia Joyce,Cecelia Joyce,True,Q12978229,https://www.wikidata.org/wiki/Q12978229,2026-10-03T11:34:02.405334+00:00
639000b6,player,Chedean Nation,चेडियन नेशन,False,Q23884120,https://www.wikidata.org/wiki/Q23884120,2026-10-03T11:34:00.828353+00:00
5680f1ad,player,Collins Obuya,कोलिंस ओबुया,False,Q3531610,https://www.wikidata.org/wiki/Q3531610,2026-10-03T11:33:57.600001+00:00
e342e5fb,player,Carlos Brathwaite,कार्लोस ब्रेथवेट,False,Q18684975,https://www.wikidata.org/wiki/Q18684975,2026-10-03T11:34:02.401104+00:00
342d8ade,player,Dilhara Fernando,दिलहारा फर्नांडो,False,Q3537609,https://www.wikidata.org/wiki/Q3537609,2026-10-03T11:34:02.402630+00:00
c96311d4,player,Craig Ervine,क्रेग इरविन,False,Q16209446,https://www.wikidata.org/wiki/Q16209446,2026-10-03T11:34:02.405334+00:00
bff0535a,player,Chamani Seneviratne,चमानी सेनेविरत्ने,False,Q5069452,https://www.wikidata.org/wiki/Q5069452,2026-10-03T11:34:02.405334+00:00
8088632c,player,C Rububagumya,C Rububagumya,True,,https://query.wikidata.org/sparql,2026-10-03T11:33:56.662400+00:00
4c5d73db,player,Chris Woakes,क्रिस वोक्स,False,Q5108508,https://www.wikidata.org/wiki/Q5108508,2026-10-03T11:33:57.600001+00:00
fb9a8cc3,player,Cherry-Ann Fraser,चेरी-एन फ्रेजर,False,Q85748527,https://www.wikidata.org/wiki/Q85748527,2026-10-03T11:33:57.600001+00:00
9c376401,player,Calum MacLeod,कैलम मैकलेओड,False,Q3997291,https://www.wikidata.org/wiki/Q3997291,2026-10-03T11:33:57.600001+00:00
99c86133,player,Chipo Mugeri,चिपो मुगेरी-तिरिपानो,False,Q22007070,https://www.wikidata.org/wiki/Q22007070,2026-10-03T11:34:00.828353+00:00
f6ddfe08,player,Chanida Sutthiruang,चनिदा सुथिरुंग,False,Q28755523,https://www.wikidata.org/wiki/Q28755523,2026-10-03T11:34:13.105074+00:00
8d7fba79,player,Chiedza Dhururu,चिद्ज़ा धुरुरु,False,Q108801708,https://www.wikidata.org/wiki/Q108801708,2026-10-03T11:33:56.662400+00:00
808bb510,player,C Uwase,C Uwase,True,,https://query.wikidata.org/sparql,2026-10-03T11:33:57.600001+00:00
d67d5f00,player,David Miller,डेविड मिलर,False,Q6828449,https://www.wikidata.org/wiki/Q6828449,2026-10-03T11:34:00.828353+00:00
dcce6f09,player,David Warner,डेविड वॉर्नर (क्रिकेटर),False,Q3018962,https://www.wikidata.org/wiki/Q3018962,2026-10-03T11:33:57.600001+00:00
2e81be88,player,Darcie Brown,डार्सी ब्राउन,False,Q100893904,https://www.wikidata.org/wiki/Q100893904,2026-10-03T11:34:00.828353+00:00
201fef33,player,Deepti Sharma,दीप्ति शर्मा,False,Q21622838,https://www.wikidata.org/wiki/Q21622838,2026-10-03T11:34:13.105074+00:00
b0dc5d0d,player,D Dhingra,D Dhingra,True,,https://query.wikidata.org/sparql,2026-10-03T11:33:57.600001+00:00
c3394c16,player,Darcey Carter,Darcey Carter,True,Q120269999,https://www.wikidata.org/wiki/Q120269999,2026-10-03T11:33:57.600001+00:00
5596d5bf,player,Dietlind Foerster,डाइटलिंड फ़ॉस्टर,False,Q66771654,https://www.wikidata.org/wiki/Q66771654,2026-10-03T11:33:56.662400+00:00
ea8b65ab,player,Danielle Hazell,Danielle Hazell,True,Q5219380,https://www.wikidata.org/wiki/Q5219380,2026-10-03T11:34:00.828353+00:00
1d6ff329,player,Dayalan Hemalatha,दयालन हेमलथा,False,Q28474056,https://www.wikidata.org/wiki/Q28474056,2026-10-03T11:34:13.955263+00:00
f8c72766,player,Dillon Heyliger,डिलन हेलिगर,False,Q48075022,https://www.wikidata.org/wiki/Q48075022,2026-10-03T11:33:56.662400+00:00
a51e6c6e,player,Diana Baig,डायना बेग,False,Q5271091,https://www.wikidata.org/wiki/Q5271091,2026-10-03T11:34:13.105074+00:00
f2670a3d,player,Dilara Akter,Dilara Akter,True,Q116770037,https://www.wikidata.org/wiki/Q116770037,2026-10-03T11:33:57.600001+00:00
87e562a9,player,Dwayne Bravo,ब्रावो,False,Q3038629,https://www.wikidata.org/wiki/Q3038629,2026-10-03T11:34:02.402630+00:00
c03c6200,player,Darren Sammy,डैरेन सेमी,False,Q117743,https://www.wikidata.org/wiki/Q117743,2026-10-03T11:34:02.405334+00:00
a62f55ba,player,DJ Hawoe,DJ Hawoe,True,,https://query.wikidata.org/sparql,2026-10-03T11:33:56.662400+00:00
fd835ab3,player,David Hussey,डेविड हसी,False,Q672856,https://www.wikidata.org/wiki/Q672856,2026-10-03T11:34:13.105074+00:00
ad9c32a2,player,Dawid Malan,दाविद मालन,False,Q5242349,https://www.wikidata.org/wiki/Q5242349,2026-10-03T11:33:57.600001+00:00
eade4650,player,Daryl Mitchell,डेरिल मिशेल (न्यूजीलैंड के क्रिकेटर),False,Q21622066,https://www.wikidata.org/wiki/Q21622066,2026-10-03T11:34:00.828353+00:00
53bee17f,player,Deandra Dottin,डिंड्रा डॉटिन,False,Q5246692,https://www.wikidata.org/wiki/Q5246692,2026-10-03T11:34:00.828353+00:00
7f048519,player,David Willey,डेविड विले,False,Q5241102,https://www.wikidata.org/wiki/Q5241102,2026-10-03T11:34:00.828353+00:00
d7c6af50,player,Daniel Vettori,डेनियल विटोरी,False,Q3345022,https://www.wikidata.org/wiki/Q3345022,2026-10-03T11:34:00.828353+00:00
14b14cd8,player,Darren Bravo,डैरेन ब्रावो,False,Q3529556,https://www.wikidata.org/wiki/Q3529556,2026-10-03T11:33:57.602014+00:00
7d608e12,player,Dhananjaya de Silva,धनंजय डी सिल्वा,False,Q20740775,https://www.wikidata.org/wiki/Q20740775,2026-10-03T11:34:02.401104+00:00
d693012d,player,Delissa Kimmince,डेल्सा किमंन्स,False,Q16224584,https://www.wikidata.org/wiki/Q16224584,2026-10-03T11:33:57.602014+00:00
46a7ac78,player,Dinesh Nakrani,दिनेश नाकरानी,False,Q55584118,https://www.wikidata.org/wiki/Q55584118,2026-10-03T11:34:13.105074+00:00
3cbedf51,player,D Ndikubwimana,D Ndikubwimana,True,,https://query.wikidata.org/sparql,2026-10-03T11:33:56.662400+00:00
a139c379,player,Danielle Wyatt,डेनिएल वैट,False,Q5219456,https://www.wikidata.org/wiki/Q5219456,2026-10-03T11:33:57.600001+00:00
df5a6881,player,Devon Conway,डेव्हन कॉनवे,False,Q20981443,https://www.wikidata.org/wiki/Q20981443,2026-10-03T11:34:00.828353+00:00
d18f9182,player,Mahela Jayawardene,महेला जयवर्धने,False,Q2739165,https://www.wikidata.org/wiki/Q2739165,2026-10-03T11:34:02.402630+00:00
d1523761,player,Denesh Ramdin,दिनेश रामदीन,False,Q5256898,https://www.wikidata.org/wiki/Q5256898,2026-10-03T11:34:02.404741+00:00
d2763568,player,Danielle Gibson,Danielle Gibson,True,Q106069869,https://www.wikidata.org/wiki/Q106069869,2026-10-03T11:34:13.105074+00:00
69762509,player,Damien Martyn,Damien Martyn,True,Q5212475,https://www.wikidata.org/wiki/Q5212475,2026-10-03T11:34:13.105074+00:00
35205dfc,player,Dwayne Smith,ड्वेन स्मिथ,False,Q5318032,https://www.wikidata.org/wiki/Q5318032,2026-10-03T11:34:02.405334+00:00
1747ea18,player,Dipendra Singh Airee,दीपेंद्र सिंह ऐरी,False,Q28935471,https://www.wikidata.org/wiki/Q28935471,2026-10-03T11:34:13.105074+00:00
8c5775f3,player,Dane van Niekerk,डेन वैन निएकर,False,Q5215860,https://www.wikidata.org/wiki/Q5215860,2026-10-03T11:34:00.828353+00:00
8fd1a8f5,player,Dale Steyn,डेल स्टेन,False,Q3531671,https://www.wikidata.org/wiki/Q3531671,2026-10-03T11:34:02.401104+00:00
8c0d904e,player,D Wulandari,D Wulandari,True,,https://query.wikidata.org/sparql,2026-10-03T11:33:57.600001+00:00
50ee0500,player,Eimear Richardson,एमियर रिचर्डसन,False,Q16225323,https://www.wikidata.org/wiki/Q16225323,2026-10-03T11:34:02.405334+00:00
fe731c62,player,Erin Osborne,Erin Osborne,True,Q3525949,https://www.wikidata.org/wiki/Q3525949,2026-10-03T11:33:57.602014+00:00
be150fc8,player,Ellyse Perry,एलिस पेरी,False,Q600090,https://www.wikidata.org/wiki/Q600090,2026-10-03T11:33:57.602014+00:00
705489eb,player,Ekta Bisht,एकता बिष्ट,False,Q15205490,https://www.wikidata.org/wiki/Q15205490,2026-10-03T11:34:02.401104+00:00
d2babdd5,player,Elton Chigumbura,एल्टन चिगुंबुरा,False,Q3531305,https://www.wikidata.org/wiki/Q3531305,2026-10-03T11:34:02.405334+00:00
a48fc79d,player,Ed Joyce,एड जॉयस,False,Q3529904,https://www.wikidata.org/wiki/Q3529904,2026-10-03T11:33:57.600001+00:00
d3851cd8,player,Ehsan Khan,एहसान खान (क्रिकेटर),False,Q27842971,https://www.wikidata.org/wiki/Q27842971,2026-10-03T11:34:00.828353+00:00
f1fa1c6b,player,E Iloku,E Iloku,True,,https://query.wikidata.org/sparql,2026-10-03T11:33:56.662400+00:00
7693851c,player,Eden Carson,Eden Carson,True,Q113355827,https://www.wikidata.org/wiki/Q113355827,2026-10-03T11:33:56.662400+00:00
d2a6c0e6,player,Eoin Morgan,इयोन मोर्गन,False,Q3522251,https://www.wikidata.org/wiki/Q3522251,2026-10-03T11:33:57.600001+00:00
cde96d97,player,Elyse Villani,एलिस विलानी,False,Q5368540,https://www.wikidata.org/wiki/Q5368540,2026-10-03T11:33:57.602014+00:00
5fa7f030,player,EL Bartram,EL Bartram,True,,https://query.wikidata.org/sparql,2026-10-03T11:34:13.105074+00:00
0ebfb1ad,player,Evin Lewis,इविन लुईस,False,Q16224701,https://www.wikidata.org/wiki/Q16224701,2026-10-03T11:34:02.401104+00:00
45dd7433,player,Ellen Watson,एलेन वॉटसन,False,Q55610759,https://www.wikidata.org/wiki/Q55610759,2026-10-03T11:33:56.662400+00:00
4d35d0b3,player,Eva Lynch,ईवा लिंच,False,Q66310416,https://www.wikidata.org/wiki/Q66310416,2026-10-03T11:33:56.662400+00:00
4c8a1197,player,Erika Oda,Erika Oda,True,,https://query.wikidata.org/sparql,2026-10-03T11:33:56.662400+00:00
fdc6b34d,player,Esha Oza,ईषा रोहित,False,Q55433741,https://www.wikidata.org/wiki/Q55433741,2026-10-03T11:33:56.662400+00:00
3ac13a94,player,E Rukiriza,E Rukiriza,True,,https://query.wikidata.org/sparql,2026-10-03T11:33:57.600001+00:00
59063d6b,player,E Sandy,E Sandy,True,,https://query.wikidata.org/sparql,2026-10-03T11:33:57.600001+00:00
e7068bfd,player,Eveleen Kejarukua,Eveleen Kejarukua,True,Q66771638,https://www.wikidata.org/wiki/Q66771638,2026-10-03T11:33:56.662400+00:00
79ff52b5,player,E Van Zyl,E Van Zyl,True,,https://query.wikidata.org/sparql,2026-10-03T11:33:56.662400+00:00
f5e70dd4,player,E Wachira,E Wachira,True,,https://query.wikidata.org/sparql,2026-10-03T11:33:56.662400+00:00
bd4ea627,player,Fahim Ashraf,फहीम अशरफ,False,Q21620774,https://www.wikidata.org/wiki/Q21620774,2026-10-03T11:34:13.105074+00:00
558cdd64,player,Fahima Khatun,फहीमा खातून,False,Q16224580,https://www.wikidata.org/wiki/Q16224580,2026-10-03T11:34:13.105074+00:00
1777c020,player,Fakhar Zaman,फखर ज़मान,False,Q21623370,https://www.wikidata.org/wiki/Q21623370,2026-10-03T11:34:02.402630+00:00
6e96c956,player,Fargana Hoque,फरगाना होक,False,Q15730360,https://www.wikidata.org/wiki/Q15730360,2026-10-03T11:34:02.402630+00:00
ea9c54de,player,Fatima Sana,फातिमा सना,False,Q63699907,https://www.wikidata.org/wiki/Q63699907,2026-10-03T11:33:56.662400+00:00
bd9fbd51,player,Fiaz Bhutt,फैयाज बट,False,Q48075021,https://www.wikidata.org/wiki/Q48075021,2026-10-03T11:34:02.401104+00:00
3c8faed4,player,F Banunaek,F Banunaek,True,,https://query.wikidata.org/sparql,2026-10-03T11:33:56.662400+00:00
dce2019b,player,Farhaan Behardien,फरहान बेहारडियन,False,Q5435130,https://www.wikidata.org/wiki/Q5435130,2026-10-03T11:34:02.401104+00:00
c0dc015b,player,Francisca Chipare,फ़्रांसिस्का चिपारे,False,Q109516334,https://www.wikidata.org/wiki/Q109516334,2026-10-03T11:33:56.662400+00:00
6df697a9,player,Fran Jonas,फ्रान जोनास,False,Q105442268,https://www.wikidata.org/wiki/Q105442268,2026-10-03T11:33:57.600001+00:00
a28132bd,player,Fran Wilson,फ्रां विल्सन,False,Q5478203,https://www.wikidata.org/wiki/Q5478203,2026-10-03T11:34:02.401104+00:00
3355b542,player,Faf du Plessis,फाफ डू प्लेसी,False,Q429539,https://www.wikidata.org/wiki/Q429539,2026-10-03T11:34:02.401104+00:00
292d11ee,player,F Eseigbe,F Eseigbe,True,,https://query.wikidata.org/sparql,2026-10-03T11:33:56.662400+00:00
abc9f8a4,player,Freya Kemp,Freya Kemp,True,Q112007635,https://www.wikidata.org/wiki/Q112007635,2026-10-03T11:33:57.600001+00:00
bf74b130,player,Finn Allen,फिन एलन,False,Q45338751,https://www.wikidata.org/wiki/Q45338751,2026-10-03T11:34:13.105074+00:00
c7c60bc5,player,Fiza,Fiza,True,,https://query.wikidata.org/sparql,2026-10-03T11:33:57.600001+00:00
1c726c76,player,Fatuma Kibasu,Fatuma Kibasu,True,Q113622189,https://www.wikidata.org/wiki/Q113622189,2026-10-03T11:33:56.662400+00:00
022745d5,player,Frederique Overdijk,फ़्रेडरिक ओवरडिज्क,False,Q66310538,https://www.wikidata.org/wiki/Q66310538,2026-10-03T11:33:56.662400+00:00
2479daa6,player,Freya Davies,फ्रेया डेविस,False,Q61767048,https://www.wikidata.org/wiki/Q61767048,2026-10-03T11:34:13.105074+00:00
287ed3a0,player,Georgia Elwiss,जॉर्जिया एल्विस,False,Q5547469,https://www.wikidata.org/wiki/Q5547469,2026-10-03T11:34:00.828353+00:00
2af0e3b1,player,GA Priandana,GA Priandana,True,,https://query.wikidata.org/sparql,2026-10-03T11:33:57.600001+00:00
f708a0bc,player,Brad Hogg,ब्रेड हॉग,False,Q2735524,https://www.wikidata.org/wiki/Q2735524,2026-10-03T11:34:13.105074+00:00
72861603,player,Graeme Smith,ग्रीम स्मिथ,False,Q1427233,https://www.wikidata.org/wiki/Q1427233,2026-10-03T11:34:02.401104+00:00
05de1a5a,player,Gary Wilson,गैरी विल्सन,False,Q3529682,https://www.wikidata.org/wiki/Q3529682,2026-10-03T11:33:57.600001+00:00
e969e580,player,GD Arta,GD Arta,True,,https://query.wikidata.org/sparql,2026-10-03T11:33:56.662400+00:00
c03449e0,player,Grant Elliott,ग्रांट इलियट,False,Q5596204,https://www.wikidata.org/wiki/Q5596204,2026-10-03T11:34:02.401104+00:00
940feccc,player,Georgina Dempsey,जॉर्जीना डेम्पसे,False,Q107000475,https://www.wikidata.org/wiki/Q107000475,2026-10-03T11:33:57.600001+00:00
ee7d0c82,player,Glenn McGrath,ग्लेन मैकग्रा,False,Q1392178,https://www.wikidata.org/wiki/Q1392178,2026-10-03T11:34:13.105074+00:00
9a46c4e5,player,Glenn Phillips,ग्लेन फिलिप्स (क्रिकेटर),False,Q22007419,https://www.wikidata.org/wiki/Q22007419,2026-10-03T11:34:13.105074+00:00
575494db,player,Georgia Plimmer,Georgia Plimmer,True,Q113361117,https://www.wikidata.org/wiki/Q113361117,2026-10-03T11:33:57.600001+00:00
bb345e0b,player,Gautam Gambhir,गौतम गंभीर,False,Q2721515,https://www.wikidata.org/wiki/Q2721515,2026-10-03T11:34:00.828353+00:00
99cddc5e,player,George Dockrell,जॉर्ज डॉकरेल,False,Q3530576,https://www.wikidata.org/wiki/Q3530576,2026-10-03T11:34:00.828353+00:00
1b9d1579,player,Gaby Lewis,गैबी लुईस,False,Q22002913,https://www.wikidata.org/wiki/Q22002913,2026-10-03T11:34:13.105074+00:00
b5ae57ee,player,Gisele Ishimwe,Gisele Ishimwe,True,Q116414385,https://www.wikidata.org/wiki/Q116414385,2026-10-03T11:33:56.662400+00:00
5056011d,player,George Bailey,जॉर्ज बेली,False,Q4711426,https://www.wikidata.org/wiki/Q4711426,2026-10-03T11:34:02.401104+00:00
33b3d2df,player,Gareth Delany,गैरेथ डेलानी,False,Q30063484,https://www.wikidata.org/wiki/Q30063484,2026-10-03T11:33:56.662400+00:00
b681e71e,player,Glenn Maxwell,ग्लेन मैक्सवेल,False,Q4272108,https://www.wikidata.org/wiki/Q4272108,2026-10-03T11:34:00.828353+00:00
992979fa,player,Diviya G K,Diviya G K,True,Q111993873,https://www.wikidata.org/wiki/Q111993873,2026-10-03T11:34:00.828353+00:00
f606177e,player,Geetika Kodali,गीतिका कोडाली,False,Q66773512,https://www.wikidata.org/wiki/Q66773512,2026-10-03T11:33:56.662400+00:00
b2e1d224,player,Gyanendra Malla,ज्ञानेन्द्र मल्ल,False,Q5623985,https://www.wikidata.org/wiki/Q5623985,2026-10-03T11:33:57.600001+00:00
a6898f7a,player,G Matome,G Matome,True,,https://query.wikidata.org/sparql,2026-10-03T11:33:56.662400+00:00
72166006,player,Grace Harris,ग्रेस हैरिस,False,Q21064534,https://www.wikidata.org/wiki/Q21064534,2026-10-03T11:34:00.828353+00:00
97bdec3d,player,Gudakesh Motie,गुडाकेश मोती,False,Q21622127,https://www.wikidata.org/wiki/Q21622127,2026-10-03T11:34:13.105074+00:00
221ad9d9,player,Graeme Swann,Graeme Swann,True,Q3047220,https://www.wikidata.org/wiki/Q3047220,2026-10-03T11:33:57.600001+00:00
88bcd09d,player,Geua Tom,Geua Tom,True,Q114375524,https://www.wikidata.org/wiki/Q114375524,2026-10-03T11:33:56.662400+00:00
9ff1e91e,player,Gull Feroza,Gull Feroza,True,Q112129118,https://www.wikidata.org/wiki/Q112129118,2026-10-03T11:33:56.662400+00:00
9811e35e,player,Gulsan Jha,गुलसन झा,False,Q108576598,https://www.wikidata.org/wiki/Q108576598,2026-10-03T11:33:57.600001+00:00
f0b4e47d,player,Georgia Wareham,जॉर्जिया वेयरहम,False,Q55956249,https://www.wikidata.org/wiki/Q55956249,2026-10-03T11:34:13.105074+00:00
53068b45,player,Hasini Perera,हसीनी परेरा,False,Q16236961,https://www.wikidata.org/wiki/Q16236961,2026-10-03T11:34:00.828353+00:00
8b5b6769,player,Harbhajan Singh,हरभजन सिंह,False,Q9475,https://www.wikidata.org/wiki/Q9475,2026-10-03T11:34:00.828353+00:00
24bb1c2f,player,Haris Rauf,हारिस रऊफ,False,Q61729076,https://www.wikidata.org/wiki/Q61729076,2026-10-03T11:33:56.662400+00:00
2911de16,player,Hasan Ali,हसन अली,False,Q21620719,https://www.wikidata.org/wiki/Q21620719,2026-10-03T11:34:13.105074+00:00
dbd79036,player,Shashikala Siriwardene,शशिकला सिरीवर्डीन,False,Q7490573,https://www.wikidata.org/wiki/Q7490573,2026-10-03T11:34:02.405334+00:00
4ae1755b,player,Harry Brook,हैरी ब्रूक,False,Q27914997,https://www.wikidata.org/wiki/Q27914997,2026-10-03T11:34:13.105074+00:00
4ba0289e,player,Heather Knight,हीथर नाइट,False,Q5693931,https://www.wikidata.org/wiki/Q5693931,2026-10-03T11:34:00.828353+00:00
3664712e,player,Harleen Deol,हरलीन देओल,False,Q61796492,https://www.wikidata.org/wiki/Q61796492,2026-10-03T11:34:13.105074+00:00
6d48df01,player,Heather Siegers,हीदर सीजर्स,False,Q28777195,https://www.wikidata.org/wiki/Q28777195,2026-10-03T11:34:13.105074+00:00
c5928dec,player,Lahiru Thirimanne,लहिरु थिरिमने,False,Q6473241,https://www.wikidata.org/wiki/Q6473241,2026-10-03T11:34:00.828353+00:00
9948e262,player,Rassie van der Dussen,रस्सी वैन डेर डूसन,False,Q21872793,https://www.wikidata.org/wiki/Q21872793,2026-10-03T11:34:00.828353+00:00
ff014c34,player,George Munsey,जॉर्ज मुन्से,False,Q20707524,https://www.wikidata.org/wiki/Q20707524,2026-10-03T11:34:13.105074+00:00
b3af5bff,player,H Goto,H Goto,True,,https://query.wikidata.org/sparql,2026-10-03T11:33:57.600001+00:00
e1d1b294,player,Herschelle Gibbs,हर्शल गिब्स,False,Q3269729,https://www.wikidata.org/wiki/Q3269729,2026-10-03T11:34:02.401104+00:00
f537d39c,player,Heena Hotchandani,Heena Hotchandani,True,Q55433738,https://www.wikidata.org/wiki/Q55433738,2026-10-03T11:33:56.662400+00:00
dbe50b21,player,Hardik Pandya,हार्दिक पाण्डया,False,Q19895060,https://www.wikidata.org/wiki/Q19895060,2026-10-03T11:34:13.105074+00:00
ffa296f7,player,Henriette Ishimwe,Henriette Ishimwe,True,Q111851481,https://www.wikidata.org/wiki/Q111851481,2026-10-03T11:33:56.662400+00:00
9efce9fd,player,Hiu Ying Cheung,Hiu Ying Cheung,True,,https://query.wikidata.org/sparql,2026-10-03T11:33:56.662400+00:00
a3034d3d,player,HJ Thomas,HJ Thomas,True,,https://query.wikidata.org/sparql,2026-10-03T11:33:56.662400+00:00
f8e27d4a,player,Hansima Karunaratne,Hansima Karunaratne,True,Q27049126,https://www.wikidata.org/wiki/Q27049126,2026-10-03T11:34:13.105074+00:00
53cd8da6,player,Harmanpreet Kaur,हरमनप्रीत कौर,False,Q3525920,https://www.wikidata.org/wiki/Q3525920,2026-10-03T11:34:00.828353+00:00
235c2bb6,player,Heinrich Klaasen,हेनरिक क्लासेन,False,Q20981646,https://www.wikidata.org/wiki/Q20981646,2026-10-03T11:34:02.401104+00:00
d32cf49a,player,Hayley Matthews,हेले मैथ्यूज,False,Q21621458,https://www.wikidata.org/wiki/Q21621458,2026-10-03T11:34:02.401104+00:00
85021bcd,player,Harshitha Madavi,हर्षिता मदवि,False,Q27049118,https://www.wikidata.org/wiki/Q27049118,2026-10-03T11:34:13.105074+00:00
e798611a,player,Hashim Amla,हाशिम आमला,False,Q735128,https://www.wikidata.org/wiki/Q735128,2026-10-03T11:34:02.401104+00:00
31fbf891,player,Hamilton Masakadza,हैमिल्टन मसाकाद्ज़ा,False,Q3525035,https://www.wikidata.org/wiki/Q3525035,2026-10-03T11:34:02.405334+00:00
d6f9dfd6,player,Deepika Rasangika,Deepika Rasangika,True,Q16466582,https://www.wikidata.org/wiki/Q16466582,2026-10-03T11:34:02.405334+00:00
03521fd3,player,Henry Nicholls,हेनरी निकोल्स,False,Q21622201,https://www.wikidata.org/wiki/Q21622201,2026-10-03T11:34:02.405334+00:00
2cbe5db1,player,HM Omary,HM Omary,True,,https://query.wikidata.org/sparql,2026-10-03T11:33:56.662400+00:00
d2fcce2f,player,Rangana Herath,रंगना हेराथ,False,Q3530604,https://www.wikidata.org/wiki/Q3530604,2026-10-03T11:34:02.402630+00:00
8ca1f93a,player,Hannah Rowe,हन्ना रोवे,False,Q21622607,https://www.wikidata.org/wiki/Q21622607,2026-10-03T11:34:02.405334+00:00
b8cce99f,player,Hayley Jensen,हेले जेनसन (क्रिकेटर),False,Q16212868,https://www.wikidata.org/wiki/Q16212868,2026-10-03T11:34:02.401104+00:00
7027d12f,player,Hannah Rainey,हन्ना रैनी,False,Q55433751,https://www.wikidata.org/wiki/Q55433751,2026-10-03T11:33:56.662400+00:00
8d6b36e3,player,Holly Huddleston,होली हडलस्टोन,False,Q16212592,https://www.wikidata.org/wiki/Q16212592,2026-10-03T11:33:57.600001+00:00
2b7609f1,player,Henry Ssenyondo,हेनरी सेन्सियोन्डो,False,Q18349169,https://www.wikidata.org/wiki/Q18349169,2026-10-03T11:34:00.828353+00:00
c01d7726,player,Harsh Thaker,हर्ष ठाकर,False,Q56877149,https://www.wikidata.org/wiki/Q56877149,2026-10-03T11:34:13.105074+00:00
59ea70a4,player,Harry Tector,हैरी टेक्टर,False,Q30066771,https://www.wikidata.org/wiki/Q30066771,2026-10-03T11:34:13.955263+00:00
a6ec88f4,player,Hannah Landheer,हन्ना लैंडहीर,False,Q66774384,https://www.wikidata.org/wiki/Q66774384,2026-10-03T11:33:56.662400+00:00
521abce2,player,I Barma,I Barma,True,,https://query.wikidata.org/sparql,2026-10-03T11:34:02.402630+00:00
60c250bf,player,Izzy Gaze,Izzy Gaze,True,Q113354751,https://www.wikidata.org/wiki/Q113354751,2026-10-03T11:33:57.600001+00:00
b1021056,player,I Chuma,I Chuma,True,,https://query.wikidata.org/sparql,2026-10-03T11:33:56.662400+00:00
29e253dd,player,Iftikhar Ahmed,इफ्तिखार अहमद,False,Q21244769,https://www.wikidata.org/wiki/Q21244769,2026-10-03T11:34:02.402630+00:00
ac7fa28f,player,Jonathan Trott,जोनाथन ट्रॉट,False,Q3529861,https://www.wikidata.org/wiki/Q3529861,2026-10-03T11:34:02.402630+00:00
47b32a5a,player,Iris Zwilling,आइरिस ज़विलिंग,False,Q66310540,https://www.wikidata.org/wiki/Q66310540,2026-10-03T11:33:56.662400+00:00
190957d2,player,IKEG Artawan,IKEG Artawan,True,,https://query.wikidata.org/sparql,2026-10-03T11:33:57.600001+00:00
4d7c5b56,player,IK Gamantika,IK Gamantika,True,,https://query.wikidata.org/sparql,2026-10-03T11:33:56.662400+00:00
5fa06777,player,Irfan Pathan,इरफ़ान पठान,False,Q1746795,https://www.wikidata.org/wiki/Q1746795,2026-10-03T11:34:00.828353+00:00
9cb8d7a6,player,Imad Wasim,इमाद वसीम,False,Q6001994,https://www.wikidata.org/wiki/Q6001994,2026-10-03T11:33:57.600001+00:00
40c041ea,player,Imam-ul-Haq,इमाम-उल-हक़,False,Q21063305,https://www.wikidata.org/wiki/Q21063305,2026-10-03T11:34:13.105074+00:00
d3b4b8ed,player,Isobel Joyce,Isobel Joyce,True,Q10974101,https://www.wikidata.org/wiki/Q10974101,2026-10-03T11:34:02.405334+00:00
a9a18e3e,player,Imran Anwar,Imran Anwar,True,,https://query.wikidata.org/sparql,2026-10-03T11:33:56.662400+00:00
acee4cc4,player,Imran Tahir,इमरान ताहिर,False,Q3530644,https://www.wikidata.org/wiki/Q3530644,2026-10-03T11:34:00.828353+00:00
5fbe14fc,player,Imrul Kayes,इमरुल कायेस,False,Q3348182,https://www.wikidata.org/wiki/Q3348182,2026-10-03T11:34:00.828353+00:00
8d62fc14,player,Isani Vaghela,इसानी वाघेला,False,Q109697767,https://www.wikidata.org/wiki/Q109697767,2026-10-03T11:33:57.600001+00:00
2f145a4f,player,Immaculate Nakisuuyi,इमैक्युलेट नकिसुयि,False,Q55433713,https://www.wikidata.org/wiki/Q55433713,2026-10-03T11:33:56.662400+00:00
9f87d0f0,player,I Nandakumar,I Nandakumar,True,,https://query.wikidata.org/sparql,2026-10-03T11:33:57.600001+00:00
b9a3d8c6,player,Inzamam-ul-Haq,इंज़माम उल हक,False,Q1393201,https://www.wikidata.org/wiki/Q1393201,2026-10-03T11:34:00.828353+00:00
1c5c3dce,player,Isaac Okpe,इसहाक ओकेपे,False,Q56630793,https://www.wikidata.org/wiki/Q56630793,2026-10-03T11:34:13.105074+00:00
aaccb8ca,player,Iqra Sahar,Iqra Sahar,True,,https://query.wikidata.org/sparql,2026-10-03T11:33:57.600001+00:00
dc596fac,player,Iram Javed,इरम जावेद,False,Q18210992,https://www.wikidata.org/wiki/Q18210992,2026-10-03T11:34:13.105074+00:00
a61850e6,player,Inoka Ranaweera,इनोका राणावीरा,False,Q16734953,https://www.wikidata.org/wiki/Q16734953,2026-10-03T11:34:02.401104+00:00
33155d1b,player,Ian Bell,इयान बेल,False,Q767692,https://www.wikidata.org/wiki/Q767692,2026-10-03T11:34:13.105074+00:00
752f7486,player,Ishan Kishan,इशान किशन,False,Q21621705,https://www.wikidata.org/wiki/Q21621705,2026-10-03T11:34:13.105074+00:00
5bb1a1c4,player,Ishant Sharma,इशांत शर्मा,False,Q3522062,https://www.wikidata.org/wiki/Q3522062,2026-10-03T11:33:57.600001+00:00
641ac5ff,player,Ish Sodhi,ईश सोढ़ी,False,Q16225579,https://www.wikidata.org/wiki/Q16225579,2026-10-03T11:34:13.105074+00:00
83cde44d,player,Isabel Toua,इसाबेल तौआ,False,Q55433782,https://www.wikidata.org/wiki/Q55433782,2026-10-03T11:33:56.662400+00:00
5aa8574b,player,I van der Woning,I van der Woning,True,,https://query.wikidata.org/sparql,2026-10-03T11:33:57.600001+00:00
44c3cb6d,player,Irene van Zyl,इरेन वैन ज़ाइल,False,Q66773530,https://www.wikidata.org/wiki/Q66773530,2026-10-03T11:34:02.405334+00:00
b72a8938,player,Arrasta Diergaardt,ज्यूरिएन डियरगार्ड,False,Q66771656,https://www.wikidata.org/wiki/Q66771656,2026-10-03T11:33:56.662400+00:00
dadbdb68,player,Jacob Duffy,जैकब डफी,False,Q16228140,https://www.wikidata.org/wiki/Q16228140,2026-10-03T11:34:02.405334+00:00
752183c1,player,Jahanara Alam,जहांआरा आलम,False,Q15730284,https://www.wikidata.org/wiki/Q15730284,2026-10-03T11:34:00.828353+00:00
c3d35165,player,Albie Morkel,Albie Morkel,True,Q3525482,https://www.wikidata.org/wiki/Q3525482,2026-10-03T11:34:02.401104+00:00
5ec41cd7,player,Jasdeep Singh,जसदीप सिंह,False,Q20858323,https://www.wikidata.org/wiki/Q20858323,2026-10-03T11:34:13.105074+00:00
b80dd12c,player,Jatinder Singh,जतिंदर सिंह,False,Q18978136,https://www.wikidata.org/wiki/Q18978136,2026-10-03T11:34:00.828353+00:00
d921449d,player,Javeria Khan,जावरिया खान,False,Q6165359,https://www.wikidata.org/wiki/Q6165359,2026-10-03T11:34:00.828353+00:00
7c503806,player,Johan Botha,जोहान बोथा,False,Q3531334,https://www.wikidata.org/wiki/Q3531334,2026-10-03T11:34:02.401104+00:00
5574750c,player,Jofra Archer,जोफ्रा आर्चर,False,Q25714029,https://www.wikidata.org/wiki/Q25714029,2026-10-03T11:34:13.105074+00:00
99b75528,player,Jos Buttler,जोस बटलर,False,Q6279104,https://www.wikidata.org/wiki/Q6279104,2026-10-03T11:34:00.828353+00:00
09a9d073,player,Johnson Charles,जॉनसन चार्ल्स,False,Q6268213,https://www.wikidata.org/wiki/Q6268213,2026-10-03T11:34:00.828353+00:00
3eac9d95,player,Jacob Oram,जैकब ओरम,False,Q3630213,https://www.wikidata.org/wiki/Q3630213,2026-10-03T11:34:00.828353+00:00
9219eff0,player,James Neesham,जेम्स नीशम,False,Q15769329,https://www.wikidata.org/wiki/Q15769329,2026-10-03T11:34:00.828353+00:00
5ebc3941,player,Jess Duffin,Jess Duffin,True,Q3525978,https://www.wikidata.org/wiki/Q3525978,2026-10-03T11:33:57.602014+00:00
cf73ad76,player,James Franklin,James Franklin,True,Q3530165,https://www.wikidata.org/wiki/Q3530165,2026-10-03T11:34:00.828353+00:00
d4f98302,player,Janet Ronalds,जेनेट रोनाल्ड्स,False,Q105490848,https://www.wikidata.org/wiki/Q105490848,2026-10-03T11:33:56.662400+00:00
a343262c,player,Joe Root,जो रूट,False,Q3180174,https://www.wikidata.org/wiki/Q3180174,2026-10-03T11:34:00.828353+00:00
4180d897,player,Jerome Taylor,जेरोम टेलर,False,Q6182931,https://www.wikidata.org/wiki/Q6182931,2026-10-03T11:34:02.405334+00:00
a2632c7c,player,Jannillea Glasgow,जेनिलिया ग्लासगो,False,Q110722902,https://www.wikidata.org/wiki/Q110722902,2026-10-03T11:33:57.600001+00:00
84f1ae7f,player,Jhulan Goswami,झूलन गोस्वामी,False,Q3526852,https://www.wikidata.org/wiki/Q3526852,2026-10-03T11:34:02.405334+00:00
86dc8f2e,player,Jacques Kallis,जाक कालिस,False,Q982650,https://www.wikidata.org/wiki/Q982650,2026-10-03T11:34:02.401104+00:00
2dfdd316,player,Jamahidaya Intan,जमहीदया इंतान,False,Q55366854,https://www.wikidata.org/wiki/Q55366854,2026-10-03T11:34:02.402630+00:00
cb08b611,player,Jemimah Rodrigues,जेमिमाह रॉड्रिक्स,False,Q42898219,https://www.wikidata.org/wiki/Q42898219,2026-10-03T11:34:13.105074+00:00
462411b3,player,Jasprit Bumrah,जसप्रीत बुमराह,False,Q16227998,https://www.wikidata.org/wiki/Q16227998,2026-10-03T11:34:13.105074+00:00
d1c36f5c,player,Jason Roy,जेसन रॉय,False,Q6163392,https://www.wikidata.org/wiki/Q6163392,2026-10-03T11:34:00.828353+00:00
bb134e5c,player,JJ Smit,जे जे स्मित,False,Q21062639,https://www.wikidata.org/wiki/Q21062639,2026-10-03T11:34:02.405334+00:00
907c51ab,player,Jenny Gunn,Jenny Gunn,True,Q3526579,https://www.wikidata.org/wiki/Q3526579,2026-10-03T11:34:02.405334+00:00
9061a703,player,Joshua Little,जोशुआ लिटिल,False,Q26838122,https://www.wikidata.org/wiki/Q26838122,2026-10-03T11:34:13.105074+00:00
0475a86b,player,Jess Jonassen,जेस जोनासन,False,Q16212966,https://www.wikidata.org/wiki/Q16212966,2026-10-03T11:34:00.828353+00:00
1b1c23bb,player,Jane Maguire,जेन मगुइरे,False,Q108830250,https://www.wikidata.org/wiki/Q108830250,2026-10-03T11:33:57.600001+00:00
d12143bf,player,James Anderson,जेम्स एंडरसन,False,Q654375,https://www.wikidata.org/wiki/Q654375,2026-10-03T11:34:13.105074+00:00
aaa6e84c,player,Janet Mbabazi,जेनेट म्बाबाज़ि,False,Q55433698,https://www.wikidata.org/wiki/Q55433698,2026-10-03T11:33:56.662400+00:00
abb83e27,player,Jonny Bairstow,जॉनी बैरस्टो,False,Q3183593,https://www.wikidata.org/wiki/Q3183593,2026-10-03T11:34:00.828353+00:00
6581d753,player,Justin Kemp,Justin Kemp,True,Q6317772,https://www.wikidata.org/wiki/Q6317772,2026-10-03T11:34:02.401104+00:00
9af58032,player,Jess Kerr,जेस केर,False,Q83688320,https://www.wikidata.org/wiki/Q83688320,2026-10-03T11:33:56.662400+00:00
3c87f0c3,player,Jan Frylinck,जान फ्राइलिनक,False,Q6148942,https://www.wikidata.org/wiki/Q6148942,2026-10-03T11:34:02.402630+00:00
36dfa62e,player,Josephine Nkomo,जोसफिन नकोमो,False,Q28755565,https://www.wikidata.org/wiki/Q28755565,2026-10-03T11:34:13.105074+00:00
f468293b,player,Jan Nicol Loftie-Eaton,निकोल लॉफ्टी-ईटन,False,Q48094091,https://www.wikidata.org/wiki/Q48094091,2026-10-03T11:33:56.662400+00:00
0f721006,player,Jason Holder,जेसन होल्डर,False,Q6162716,https://www.wikidata.org/wiki/Q6162716,2026-10-03T11:34:00.828353+00:00
2e8994e7,player,JP Duminy,जीन पॉल डुमनी,False,Q3531633,https://www.wikidata.org/wiki/Q3531633,2026-10-03T11:34:02.401104+00:00
808f425a,player,James Faulkner,जेम्स फॉकनर,False,Q4021718,https://www.wikidata.org/wiki/Q4021718,2026-10-03T11:33:57.602014+00:00
989889ff,player,Josh Inglis,जोश इंगलिस,False,Q21621530,https://www.wikidata.org/wiki/Q21621530,2026-10-03T11:34:13.105074+00:00
9f308dfc,player,Jean-Pierre Kotze,जीन-पियरे कोटेज़,False,Q18922826,https://www.wikidata.org/wiki/Q18922826,2026-10-03T11:34:02.405334+00:00
03806cf8,player,Josh Hazlewood,जोस हैज़लवूड,False,Q6288970,https://www.wikidata.org/wiki/Q6288970,2026-10-03T11:34:00.828353+00:00
2498e163,player,James Hopes,जेम्स हॉप्स,False,Q2738944,https://www.wikidata.org/wiki/Q2738944,2026-10-03T11:34:13.105074+00:00
c39ee9e0,player,Junaid Aziz,Junaid Aziz,True,,https://query.wikidata.org/sparql,2026-10-03T11:33:56.662400+00:00
086f5984,player,Junaid Khan,जुनैद खान (क्रिकेटर),False,Q6311609,https://www.wikidata.org/wiki/Q6311609,2026-10-03T11:33:57.602014+00:00
84dc72db,player,Junaid Siddique,जुनैद सिद्दीकी (इमरती क्रिकेटर),False,Q70912138,https://www.wikidata.org/wiki/Q70912138,2026-10-03T11:33:57.600001+00:00
4ac6664d,player,Ama Kanchana,अमा कंचना,False,Q27049125,https://www.wikidata.org/wiki/Q27049125,2026-10-03T11:34:00.828353+00:00
fa9fdefa,player,Kayleen Green,कायलीन ग्रीन,False,Q66771653,https://www.wikidata.org/wiki/Q66771653,2026-10-03T11:33:56.662400+00:00
9714e764,player,Kainat Imtiaz,कनत इम्तियाज,False,Q6348095,https://www.wikidata.org/wiki/Q6348095,2026-10-03T11:34:00.828353+00:00
78eb4223,player,Kemar Roach,केमार रोच,False,Q3043070,https://www.wikidata.org/wiki/Q3043070,2026-10-03T11:33:57.600001+00:00
14810ee7,player,Kaleem Sana,कलीम साना,False,Q86815253,https://www.wikidata.org/wiki/Q86815253,2026-10-03T11:34:00.828353+00:00
72253b87,player,Kaleemullah,कलीमुल्लाह,False,Q28343730,https://www.wikidata.org/wiki/Q28343730,2026-10-03T11:33:56.662400+00:00
0b60eb09,player,Keshav Maharaj,केशव महाराज,False,Q19968781,https://www.wikidata.org/wiki/Q19968781,2026-10-03T11:33:57.602014+00:00
ff077124,player,Kamran Akmal,कामरान अकमल,False,Q738378,https://www.wikidata.org/wiki/Q738378,2026-10-03T11:34:00.828353+00:00
a757b0d8,player,Kieron Pollard,कैरोन पोलार्ड,False,Q3530594,https://www.wikidata.org/wiki/Q3530594,2026-10-03T11:33:57.600001+00:00
f53b3e1d,player,Karan KC,करण के सी,False,Q18637550,https://www.wikidata.org/wiki/Q18637550,2026-10-03T11:34:13.105074+00:00
c4e7749a,player,Kevin Awino,केविन अविनो,False,Q55433679,https://www.wikidata.org/wiki/Q55433679,2026-10-03T11:33:56.662400+00:00
e3386c8a,player,Kushal Bhurtel,कुशल भुरटेल,False,Q47076718,https://www.wikidata.org/wiki/Q47076718,2026-10-03T11:34:13.105074+00:00
6b71e6cf,player,Kumar Sangakkara,कुमार संगाकारा,False,Q737645,https://www.wikidata.org/wiki/Q737645,2026-10-03T11:34:02.402630+00:00
c03f1114,player,Dinesh Karthik,दिनेश कार्तिक,False,Q3519679,https://www.wikidata.org/wiki/Q3519679,2026-10-03T11:34:00.828353+00:00
4b349dc0,player,KD Kesuma,KD Kesuma,True,,https://query.wikidata.org/sparql,2026-10-03T11:33:56.662400+00:00
7fb32e5b,player,Kyle Mills,काइल मिल्स,False,Q6451305,https://www.wikidata.org/wiki/Q6451305,2026-10-03T11:34:00.828353+00:00
365229a8,player,Kiplin Doriga,किप्लिन डोरिगा,False,Q43520095,https://www.wikidata.org/wiki/Q43520095,2026-10-03T11:34:13.105074+00:00
a0fdf513,player,Udeshika Prabodhani,उदेशिका प्रबोधनी,False,Q16223888,https://www.wikidata.org/wiki/Q16223888,2026-10-03T11:34:00.828353+00:00
f13d3eba,player,Kathryn Bryce,कैथरीन ब्राइस,False,Q28755574,https://www.wikidata.org/wiki/Q28755574,2026-10-03T11:34:13.105074+00:00
a0a65375,player,Katherine Fraser,कैथरीन फ्रेजर (क्रिकेटर),False,Q66311037,https://www.wikidata.org/wiki/Q66311037,2026-10-03T11:33:56.662400+00:00
4d622fee,player,Kranti Goud,क्रांति गौड़,False,Q134486824,https://www.wikidata.org/wiki/Q134486824,2026-10-03T11:33:57.600001+00:00
1438d928,player,Khadija Imtiaz,Khadija Imtiaz,True,,https://query.wikidata.org/sparql,2026-10-03T11:33:57.600001+00:00
7c61a686,player,Khadija Khalil,Khadija Khalil,True,,https://query.wikidata.org/sparql,2026-10-03T11:33:56.662400+00:00
bec997fc,player,Khadija Tul Kubra,Khadija Tul Kubra,True,Q15731323,https://www.wikidata.org/wiki/Q15731323,2026-10-03T11:34:02.405334+00:00
6a434bd3,player,Katherine Brunt,कैथरीन ब्रंट,False,Q3526807,https://www.wikidata.org/wiki/Q3526807,2026-10-03T11:34:02.405334+00:00
c4e73ff1,player,Kashyap Prajapati,कश्यप प्रजापति,False,Q108695371,https://www.wikidata.org/wiki/Q108695371,2026-10-03T11:33:57.600001+00:00
a259c414,player,Khushi Sharma,Khushi Sharma,True,Q114324075,https://www.wikidata.org/wiki/Q114324075,2026-10-03T11:33:57.600001+00:00
732c038e,player,Charith Asalanka,चरिथ असलंका,False,Q19938344,https://www.wikidata.org/wiki/Q19938344,2026-10-03T11:34:13.105074+00:00
85d8110a,player,Kyle Coetzer,काइल कोएट्ज़र,False,Q6451100,https://www.wikidata.org/wiki/Q6451100,2026-10-03T11:33:57.600001+00:00
0b69a844,player,Kim Garth,Kim Garth,True,Q21621341,https://www.wikidata.org/wiki/Q21621341,2026-10-03T11:34:00.828353+00:00
cf75a839,player,Katey Martin,केटी मार्टिन,False,Q260485,https://www.wikidata.org/wiki/Q260485,2026-10-03T11:34:02.405334+00:00
243431b5,player,Kevin O'Brien,केविन ओ'ब्रायन,False,Q3519211,https://www.wikidata.org/wiki/Q3519211,2026-10-03T11:33:57.600001+00:00
0cd297b9,player,Kabita Joshi,Kabita Joshi,True,Q110819033,https://www.wikidata.org/wiki/Q110819033,2026-10-03T11:33:57.600001+00:00
5bb904d4,player,Kavisha Egodage,काविषा एगोदगे,False,Q55433797,https://www.wikidata.org/wiki/Q55433797,2026-10-03T11:33:56.662400+00:00
97e6e41a,player,K Kunwar,K Kunwar,True,,https://query.wikidata.org/sparql,2026-10-03T11:33:56.662400+00:00
1ade138e,player,Kate Cross,केट क्रॉस,False,Q6375452,https://www.wikidata.org/wiki/Q6375452,2026-10-03T11:34:00.828353+00:00
b17e2f24,player,KL Rahul,के॰ एल॰ राहुल,False,Q6668646,https://www.wikidata.org/wiki/Q6668646,2026-10-03T11:34:00.828353+00:00
fa8f9dc3,player,Kristen Beams,Kristen Beams,True,Q18637553,https://www.wikidata.org/wiki/Q18637553,2026-10-03T11:33:57.602014+00:00
469ea22b,player,Nuwan Kulasekara,नुवन कुलसेकरा,False,Q3533953,https://www.wikidata.org/wiki/Q3533953,2026-10-03T11:34:02.402630+00:00
99d63244,player,Kedar Jadhav,केदार जाधव,False,Q6382528,https://www.wikidata.org/wiki/Q6382528,2026-10-03T11:34:00.828353+00:00
29ee9bf9,player,Kassim Nassoro,कासिम नासोरो,False,Q20744575,https://www.wikidata.org/wiki/Q20744575,2026-10-03T11:34:00.828353+00:00
8d25271a,player,Kelis Ndhlovu,Kelis Ndhlovu,True,Q124461240,https://www.wikidata.org/wiki/Q124461240,2026-10-03T11:33:57.600001+00:00
39f01cdb,player,Kevin Pietersen,केविन पीटरसन,False,Q1398682,https://www.wikidata.org/wiki/Q1398682,2026-10-03T11:33:57.600001+00:00
e62dd25d,player,Kagiso Rabada,कगिसो रबाडा,False,Q16225238,https://www.wikidata.org/wiki/Q16225238,2026-10-03T11:34:02.405334+00:00
321c980e,player,Karishma Ramharack,करिश्मा रामहरक,False,Q61442685,https://www.wikidata.org/wiki/Q61442685,2026-10-03T11:34:13.105074+00:00
73c18486,player,Kyle Mayers,काइल मेयर,False,Q6451285,https://www.wikidata.org/wiki/Q6451285,2026-10-03T11:34:00.828353+00:00
119de50f,player,K Shrestha,K Shrestha,True,,https://query.wikidata.org/sparql,2026-10-03T11:34:13.105074+00:00
d027ba9f,player,Kane Williamson,केन विलियमसन,False,Q3532495,https://www.wikidata.org/wiki/Q3532495,2026-10-03T11:33:57.602014+00:00
78ad3258,player,Katie Perkins,केटी पर्किन्स,False,Q16225160,https://www.wikidata.org/wiki/Q16225160,2026-10-03T11:33:57.602014+00:00
8d2c70ad,player,Kuldeep Yadav,कुलदीप यादव,False,Q16225904,https://www.wikidata.org/wiki/Q16225904,2026-10-03T11:34:13.105074+00:00
7e9f1cde,player,Kushal Malla,कुशाल मल्ल,False,Q68690691,https://www.wikidata.org/wiki/Q68690691,2026-10-03T11:33:56.662400+00:00
048da365,player,Karthika Vijayaraghavan,कार्तिका विजयराघवन,False,Q107565884,https://www.wikidata.org/wiki/Q107565884,2026-10-03T11:33:56.662400+00:00
6348c6e9,player,Kary Chan,कारी चान,False,Q109027430,https://www.wikidata.org/wiki/Q109027430,2026-10-03T11:34:13.105074+00:00
552f664a,player,Kycia Knight,किसिया नाइट,False,Q16466557,https://www.wikidata.org/wiki/Q16466557,2026-10-03T11:34:02.401104+00:00
d85a1960,player,Kyshona Knight,किशोना नाइट,False,Q16466554,https://www.wikidata.org/wiki/Q16466554,2026-10-03T11:34:02.401104+00:00
1aebb2fa,player,L Agatha,L Agatha,True,,https://query.wikidata.org/sparql,2026-10-03T11:33:56.662400+00:00
9706e64b,player,Laura Marsh,लौरा मार्श,False,Q3526872,https://www.wikidata.org/wiki/Q3526872,2026-10-03T11:33:57.600001+00:00
5bf87532,player,Lata Mondal,लता मंडल,False,Q15730373,https://www.wikidata.org/wiki/Q15730373,2026-10-03T11:34:00.828353+00:00
5777d460,player,Laura Cardoso,Laura Cardoso,True,Q111802379,https://www.wikidata.org/wiki/Q111802379,2026-10-03T11:33:57.600001+00:00
340202b0,player,Linsey Smith,Linsey Smith,True,Q58495598,https://www.wikidata.org/wiki/Q58495598,2026-10-03T11:34:02.402630+00:00
8dd02a98,player,Dinesh Chandimal,दिनेश चांदीमल,False,Q5278068,https://www.wikidata.org/wiki/Q5278068,2026-10-03T11:34:00.828353+00:00
b4f73b44,player,Laura Delany,लौरा डेलानी,False,Q16210562,https://www.wikidata.org/wiki/Q16210562,2026-10-03T11:34:00.828353+00:00
8b552293,player,Eshani Kaushalya,Eshani Kaushalya,True,Q16223201,https://www.wikidata.org/wiki/Q16223201,2026-10-03T11:34:02.405334+00:00
9a963804,player,Liam Plunkett,लियाम प्लंकेट,False,Q3526393,https://www.wikidata.org/wiki/Q3526393,2026-10-03T11:33:57.600001+00:00
31adb911,player,Lauren Filer,Lauren Filer,True,Q106097842,https://www.wikidata.org/wiki/Q106097842,2026-10-03T11:33:56.662400+00:00
0bb32e98,player,Lara Goodall,लारा गुडॉल,False,Q28092401,https://www.wikidata.org/wiki/Q28092401,2026-10-03T11:34:13.105074+00:00
2f9d0389,player,Lockie Ferguson,लॉकी फर्ग्यूसन,False,Q21621282,https://www.wikidata.org/wiki/Q21621282,2026-10-03T11:34:02.402630+00:00
27339093,player,L Idambo,L Idambo,True,,https://query.wikidata.org/sparql,2026-10-03T11:33:56.662400+00:00
0404d43c,player,Litton Das,लिटन दास,False,Q6653212,https://www.wikidata.org/wiki/Q6653212,2026-10-03T11:34:02.405334+00:00
e565ceb7,player,Lorna Jack,लोर्ना जैक,False,Q28755584,https://www.wikidata.org/wiki/Q28755584,2026-10-03T11:34:00.828353+00:00
cca50cd6,player,Luke Wright,लुक राईट,False,Q3529926,https://www.wikidata.org/wiki/Q3529926,2026-10-03T11:33:57.600001+00:00
38b4583c,player,Lauren Bell,लॉरेन बेल (क्रिकेटर),False,Q98733085,https://www.wikidata.org/wiki/Q98733085,2026-10-03T11:34:13.105074+00:00
aea89d48,player,Lavanya Keny,Lavanya Keny,True,Q111420825,https://www.wikidata.org/wiki/Q111420825,2026-10-03T11:33:57.600001+00:00
7b01ce83,player,Lizelle Lee,लिज़ेल ली,False,Q16224686,https://www.wikidata.org/wiki/Q16224686,2026-10-03T11:34:02.402630+00:00
ec687c3a,player,LL Htun,LL Htun,True,,https://query.wikidata.org/sparql,2026-10-03T11:33:56.662400+00:00
4f86926b,player,Louise Little,लुईस लिटिल (क्रिकेटर),False,Q29891257,https://www.wikidata.org/wiki/Q29891257,2026-10-03T11:33:56.662400+00:00
12bffe91,player,Lonwabo Tsotsobe,लोनावो त्सोटोबे,False,Q3532573,https://www.wikidata.org/wiki/Q3532573,2026-10-03T11:34:02.402630+00:00
37f9eb59,player,L Mabhero,L Mabhero,True,,https://query.wikidata.org/sparql,2026-10-03T11:33:57.600001+00:00
b8704508,player,Luke Jongwe,ल्यूक जोंगवे,False,Q17541343,https://www.wikidata.org/wiki/Q17541343,2026-10-03T11:34:02.405334+00:00
9b73d523,player,Leigh Kasperek,लेई कास्पेरेक,False,Q21621653,https://www.wikidata.org/wiki/Q21621653,2026-10-03T11:34:00.828353+00:00
60471339,player,Lea Tahuhu,ले ताहू,False,Q6508233,https://www.wikidata.org/wiki/Q6508233,2026-10-03T11:34:00.828353+00:00
c8cdbb92,player,L Mophakedi,L Mophakedi,True,,https://query.wikidata.org/sparql,2026-10-03T11:33:56.662400+00:00
89f64c19,player,Lendl Simmons,लेंडल सिमंस,False,Q13120876,https://www.wikidata.org/wiki/Q13120876,2026-10-03T11:34:02.405334+00:00
f834dcfc,player,Lungi Ngidi,लुंगी एंगीडी,False,Q24579247,https://www.wikidata.org/wiki/Q24579247,2026-10-03T11:34:02.405334+00:00
eb4f9c61,player,Lucas Oluoch,लुकास ओलुओच,False,Q6696258,https://www.wikidata.org/wiki/Q6696258,2026-10-03T11:34:02.401104+00:00
6ad2d5f7,player,Lalit Rajbanshi,ललित राजबंशी,False,Q47086605,https://www.wikidata.org/wiki/Q47086605,2026-10-03T11:34:13.105074+00:00
07248d8e,player,Leah Paul,लिआ पॉल,False,Q29841651,https://www.wikidata.org/wiki/Q29841651,2026-10-03T11:33:56.662400+00:00
1be70c88,player,Chamara Silva,Chamara Silva,True,Q3522170,https://www.wikidata.org/wiki/Q3522170,2026-10-03T11:34:02.402630+00:00
cca8bdca,player,Loryn Phiri,लोरिन फ़िरी,False,Q108801796,https://www.wikidata.org/wiki/Q108801796,2026-10-03T11:33:56.662400+00:00
19147fe0,player,Lauren Down,लॉरेन डाउन,False,Q50326604,https://www.wikidata.org/wiki/Q50326604,2026-10-03T11:34:02.405334+00:00
0fa5042b,player,Luke Ronchi,ल्यूक रोंची,False,Q6702323,https://www.wikidata.org/wiki/Q6702323,2026-10-03T11:34:13.105074+00:00
b61a3e1a,player,Ross Taylor,रॉस टेलर,False,Q7369663,https://www.wikidata.org/wiki/Q7369663,2026-10-03T11:34:00.828353+00:00
923b0e02,player,Lydia Greenway,Lydia Greenway,True,Q3525941,https://www.wikidata.org/wiki/Q3525941,2026-10-03T11:34:02.405334+00:00
6b4593ee,player,Lega Siaka,लेगा सियाका,False,Q18637994,https://www.wikidata.org/wiki/Q18637994,2026-10-03T11:34:02.401104+00:00
50c6bc2b,player,Liam Livingstone,लिआम लिविंगस्टोन,False,Q19968743,https://www.wikidata.org/wiki/Q19968743,2026-10-03T11:34:00.828353+00:00
8af91a3e,player,L Taylor,L Taylor,True,,https://query.wikidata.org/sparql,2026-10-03T11:33:57.600001+00:00
f281dd00,player,Loren Tshuma,लोरेन शुमा,False,Q28755581,https://www.wikidata.org/wiki/Q28755581,2026-10-03T11:34:02.405334+00:00
3979b5e0,player,Lorcan Tucker,लोरकन टकर,False,Q26838121,https://www.wikidata.org/wiki/Q26838121,2026-10-03T11:34:13.105074+00:00
8451562a,player,L Udeh,L Udeh,True,,https://query.wikidata.org/sparql,2026-10-03T11:33:57.600001+00:00
3a00d34f,player,LV Boas,LV Boas,True,,https://query.wikidata.org/sparql,2026-10-03T11:33:56.662400+00:00
782fb776,player,Logan van Beek,लोगन वैन बीक,False,Q15979707,https://www.wikidata.org/wiki/Q15979707,2026-10-03T11:34:02.401104+00:00
5230a33d,player,Lauren Winfield,लॉरेन विनफील्ड,False,Q16225849,https://www.wikidata.org/wiki/Q16225849,2026-10-03T11:34:02.402630+00:00
e60f81c9,player,Laura Wolvaardt,लौरा वोल्वार्ट,False,Q24084269,https://www.wikidata.org/wiki/Q24084269,2026-10-03T11:34:13.105074+00:00
318a4039,player,Anushka Sanjeewani,अनुष्का संजीवनी,False,Q27049134,https://www.wikidata.org/wiki/Q27049134,2026-10-03T11:34:02.402630+00:00
3f440bd6,player,Dilani Manodara,Dilani Manodara,True,Q16731935,https://www.wikidata.org/wiki/Q16731935,2026-10-03T11:33:57.602014+00:00
9dad0f2e,player,Mahedi Hasan,महेदी हसन,False,Q27049275,https://www.wikidata.org/wiki/Q27049275,2026-10-03T11:34:13.105074+00:00
b9b32e3c,player,Mahirah Ismail,माहिरा इज़्ज़ती इस्माइल,False,Q55366848,https://www.wikidata.org/wiki/Q55366848,2026-10-03T11:33:56.662400+00:00
bf1d7d3e,player,Mahmudullah,महमूदुल्लाह,False,Q1187662,https://www.wikidata.org/wiki/Q1187662,2026-10-03T11:34:13.105074+00:00
1f3b9f8d,player,M Akayezu,M Akayezu,True,,https://query.wikidata.org/sparql,2026-10-03T11:33:56.662400+00:00
28131839,player,Michael Leask,माइकल लेस्क,False,Q16224683,https://www.wikidata.org/wiki/Q16224683,2026-10-03T11:34:00.828353+00:00
e9d6a2ce,player,Manpreet Singh,मनप्रीत सिंह (इतालवी क्रिकेटर),False,Q27843002,https://www.wikidata.org/wiki/Q27843002,2026-10-03T11:33:56.662400+00:00
4bed6af7,player,Maria Jasvi,Maria Jasvi,True,,https://query.wikidata.org/sparql,2026-10-03T11:33:56.662400+00:00
c8ae2573,player,Mariamma Hyder,Mariamma Hyder,True,,https://query.wikidata.org/sparql,2026-10-03T11:33:56.662400+00:00
c328bc6c,player,Malisa Ariokot,Malisa Ariokot,True,Q133836121,https://www.wikidata.org/wiki/Q133836121,2026-10-03T11:33:57.600001+00:00
a50797a4,player,Marufa Akter,Marufa Akter,True,Q116770041,https://www.wikidata.org/wiki/Q116770041,2026-10-03T11:33:57.600001+00:00
b4d08794,player,Maryam Omar,Maryam Omar,True,Q111906653,https://www.wikidata.org/wiki/Q111906653,2026-10-03T11:33:56.662400+00:00
857de42e,player,Mas Elysa,मास एलिसा,False,Q55366843,https://www.wikidata.org/wiki/Q55366843,2026-10-03T11:33:56.662400+00:00
e186f49c,player,Mashrafe Bin Mortaza,मशरफे मुर्तज़ा,False,Q3350076,https://www.wikidata.org/wiki/Q3350076,2026-10-03T11:34:13.105074+00:00
3fb19989,player,Mitchell Starc,मिशेल स्टार्क,False,Q6881406,https://www.wikidata.org/wiki/Q6881406,2026-10-03T11:34:00.828353+00:00
8d92a2c3,player,Mark Wood,मार्क वूड,False,Q6770412,https://www.wikidata.org/wiki/Q6770412,2026-10-03T11:34:00.828353+00:00
997fffbe,player,MBA Lamplough,MBA Lamplough,True,,https://query.wikidata.org/sparql,2026-10-03T11:33:56.662400+00:00
34f86a2d,player,M Bibi,M Bibi,True,,https://query.wikidata.org/sparql,2026-10-03T11:33:56.662400+00:00
16443d2f,player,Moseline Daniels,Moseline Daniels,True,Q6915626,https://www.wikidata.org/wiki/Q6915626,2026-10-03T11:34:02.402630+00:00
c1a0cebe,player,Marie Bimenyimana,मैरी बिमेनीमाना,False,Q107178117,https://www.wikidata.org/wiki/Q107178117,2026-10-03T11:33:56.662400+00:00
509a7ca1,player,Dhanushka Gunathilleke,दनुष्का गुणाथिलाका,False,Q5269037,https://www.wikidata.org/wiki/Q5269037,2026-10-03T11:34:00.828353+00:00
f21043a5,player,Kushal Janith Perera,कुसाल परेरा,False,Q6447872,https://www.wikidata.org/wiki/Q6447872,2026-10-03T11:34:00.828353+00:00
25d7f1ac,player,Monank Patel,मोनंक पटेल,False,Q57017749,https://www.wikidata.org/wiki/Q57017749,2026-10-03T11:33:56.662400+00:00
3ff033bb,player,Dasun Shanaka,दासुन शनाका,False,Q20745304,https://www.wikidata.org/wiki/Q20745304,2026-10-03T11:34:02.401104+00:00
e219f17a,player,Mignon du Preez,मिग्नोन डु प्रीज़,False,Q3526874,https://www.wikidata.org/wiki/Q3526874,2026-10-03T11:34:02.405334+00:00
c2554b59,player,Maia Bouchier,मैया बाउचियर,False,Q106027595,https://www.wikidata.org/wiki/Q106027595,2026-10-03T11:33:56.662400+00:00
c58b0108,player,Mehedi Hasan,मेहदी हसन,False,Q20676918,https://www.wikidata.org/wiki/Q20676918,2026-10-03T11:34:13.105074+00:00
48fd7349,player,Michael Hussey,माइकल हसी,False,Q174147,https://www.wikidata.org/wiki/Q174147,2026-10-03T11:34:13.105074+00:00
ab89348d,player,Farveez Maharoof,Farveez Maharoof,True,Q3534173,https://www.wikidata.org/wiki/Q3534173,2026-10-03T11:34:02.402630+00:00
e38bce7a,player,Michael Bracewell,माइकल ब्रेसवेल (क्रिकेटर),False,Q21620929,https://www.wikidata.org/wiki/Q21620929,2026-10-03T11:34:00.828353+00:00
95a5e066,player,Gerhard Erasmus,गेरहार्ड इरास्मस,False,Q18921701,https://www.wikidata.org/wiki/Q18921701,2026-10-03T11:34:02.404741+00:00
f5180fe6,player,Mitchell Johnson,मिशेल जॉनसन,False,Q3180617,https://www.wikidata.org/wiki/Q3180617,2026-10-03T11:34:13.105074+00:00
d034d60a,player,M Gorases,M Gorases,True,,https://query.wikidata.org/sparql,2026-10-03T11:33:57.600001+00:00
8b261d84,player,Matty Cross,मैथ्यू क्रॉस (क्रिकेटर),False,Q16228086,https://www.wikidata.org/wiki/Q16228086,2026-10-03T11:34:00.828353+00:00
bf5e7711,player,Mariko Hill,मारिको हिल,False,Q22957535,https://www.wikidata.org/wiki/Q22957535,2026-10-03T11:34:00.828353+00:00
7eae4418,player,Misbah-ul-Haq,मिस्बाह-उल-हक़,False,Q2564848,https://www.wikidata.org/wiki/Q2564848,2026-10-03T11:34:00.828353+00:00
f842c2cf,player,Michael Clarke,माइकल क्लार्क,False,Q1428440,https://www.wikidata.org/wiki/Q1428440,2026-10-03T11:34:02.401104+00:00
e2410b5e,player,Morna Nielsen,Morna Nielsen,True,Q6912721,https://www.wikidata.org/wiki/Q6912721,2026-10-03T11:34:00.828353+00:00
2be41edb,player,Martin Guptill,मार्टिन गप्टिल,False,Q6775582,https://www.wikidata.org/wiki/Q6775582,2026-10-03T11:33:57.600001+00:00
e84ac20c,player,Matt Henry,मैट हेनरी,False,Q16224322,https://www.wikidata.org/wiki/Q16224322,2026-10-03T11:34:02.402630+00:00
51a3c5ef,player,Mitchell McClenaghan,मिशेल मैक्ग्लाशन,False,Q6881299,https://www.wikidata.org/wiki/Q6881299,2026-10-03T11:34:00.828353+00:00
1200550f,player,Matt Prior,Matt Prior,True,Q3529850,https://www.wikidata.org/wiki/Q3529850,2026-10-03T11:33:57.600001+00:00
e4a0deae,player,Mitchell Santner,मिशेल संतनेर,False,Q19860904,https://www.wikidata.org/wiki/Q19860904,2026-10-03T11:34:02.402630+00:00
d84378a4,player,Mohammad Kaif,मोहम्मद कैफ़,False,Q2117892,https://www.wikidata.org/wiki/Q2117892,2026-10-03T11:34:00.828353+00:00
63e3b6b3,player,Marizanne Kapp,मारिजैन कप्प,False,Q6766105,https://www.wikidata.org/wiki/Q6766105,2026-10-03T11:34:00.828353+00:00
ce85fcaf,player,Masabata Klaas,मसाबाता कालस,False,Q6782275,https://www.wikidata.org/wiki/Q6782275,2026-10-03T11:34:00.828353+00:00
fa433be6,player,Marnus Labuschagne,मारनस लबसचगने,False,Q18637614,https://www.wikidata.org/wiki/Q18637614,2026-10-03T11:34:13.105074+00:00
865eae1f,player,Maddy Green,मैडी ग्रीन,False,Q16211894,https://www.wikidata.org/wiki/Q16211894,2026-10-03T11:34:02.401104+00:00
d8699ab7,player,Matthew Hayden,मैथ्यू हेडन,False,Q981493,https://www.wikidata.org/wiki/Q981493,2026-10-03T11:34:13.105074+00:00
17608a6f,player,Megan Schutt,मेगन शट,False,Q16225425,https://www.wikidata.org/wiki/Q16225425,2026-10-03T11:34:00.828353+00:00
bb351c23,player,Moeen Ali,मोईन अली,False,Q6890053,https://www.wikidata.org/wiki/Q6890053,2026-10-03T11:34:13.105074+00:00
d5fa2ab3,player,Megan McColl,मेगन मैककोल,False,Q66311039,https://www.wikidata.org/wiki/Q66311039,2026-10-03T11:33:56.662400+00:00
27e003ce,player,Meg Lanning,मेग लैनिंग,False,Q6807995,https://www.wikidata.org/wiki/Q6807995,2026-10-03T11:34:00.828353+00:00
7544bf30,player,Marcia Letsoalo,Marcia Letsoalo,True,Q6757119,https://www.wikidata.org/wiki/Q6757119,2026-10-03T11:33:57.602014+00:00
5bb5a915,player,Morné Morkel,मोर्ने मोर्केल,False,Q3518308,https://www.wikidata.org/wiki/Q3518308,2026-10-03T11:34:02.401104+00:00
f0f628c7,player,Munaf Patel,मुनाफ पटेल,False,Q3522136,https://www.wikidata.org/wiki/Q3522136,2026-10-03T11:34:00.828353+00:00
6657b319,player,Modester Mupachikwa,मोडस्टर मुपचिकवा,False,Q28755594,https://www.wikidata.org/wiki/Q28755594,2026-10-03T11:34:02.405334+00:00
4ba44e19,player,Muttiah Muralitharan,मुथैया मुरलीधरन,False,Q379709,https://www.wikidata.org/wiki/Q379709,2026-10-03T11:34:02.402630+00:00
94b52754,player,Mary-Anne Musonda,मैरी-ऐनी मसंदा,False,Q28755592,https://www.wikidata.org/wiki/Q28755592,2026-10-03T11:34:02.402630+00:00
92b9e9af,player,M Mwatile,M Mwatile,True,,https://query.wikidata.org/sparql,2026-10-03T11:33:57.600001+00:00
f846de6a,player,Marlon Samuels,मार्लोन सैम्युल्स,False,Q3351437,https://www.wikidata.org/wiki/Q3351437,2026-10-03T11:34:02.404741+00:00
20a941bb,player,Makhaya Ntini,मखाया एंटिनी,False,Q1886365,https://www.wikidata.org/wiki/Q1886365,2026-10-03T11:34:02.401104+00:00
ec4dada1,player,Malcolm Waller,Malcolm Waller,True,Q6742695,https://www.wikidata.org/wiki/Q6742695,2026-10-03T11:34:13.105074+00:00
e174dadd,player,Mohammad Amir,मोहम्मद आमिर,False,Q3202252,https://www.wikidata.org/wiki/Q3202252,2026-10-03T11:34:00.828353+00:00
2bb09eb2,player,Mohammad Ashraful,मोहम्मद अशरफुल,False,Q3345586,https://www.wikidata.org/wiki/Q3345586,2026-10-03T11:34:13.105074+00:00
9ab63e7b,player,Mohammad Hafeez,मोहम्मद हफीज़,False,Q3535271,https://www.wikidata.org/wiki/Q3535271,2026-10-03T11:34:00.828353+00:00
a8e3170f,player,Mohammad Irfan,मोहम्मद इरफ़ान,False,Q3536989,https://www.wikidata.org/wiki/Q3536989,2026-10-03T11:34:00.828353+00:00
c5d7b244,player,Mohammad Nadeem,मोहम्मद नदीम (ओमानी क्रिकेटर),False,Q20744571,https://www.wikidata.org/wiki/Q20744571,2026-10-03T11:34:00.828353+00:00
3086f7a4,player,Mohammad Nawaz,मोहम्मद नवाज़,False,Q21622188,https://www.wikidata.org/wiki/Q21622188,2026-10-03T11:34:00.828353+00:00
2f26ac1a,player,Mohammad Rizwan,मोहम्मद रिज़वान,False,Q19577671,https://www.wikidata.org/wiki/Q19577671,2026-10-03T11:34:00.828353+00:00
b3a28446,player,Mohammad Saifuddin,मोहम्मद सैफूद्दीन,False,Q20676739,https://www.wikidata.org/wiki/Q20676739,2026-10-03T11:34:13.105074+00:00
e237b28c,player,Mohammad Yousuf,मोहम्मद यूसुफ़,False,Q3058207,https://www.wikidata.org/wiki/Q3058207,2026-10-03T11:34:02.401104+00:00
8cf9814c,player,Mohammed Shami,मोहम्मद शमी,False,Q7487531,https://www.wikidata.org/wiki/Q7487531,2026-10-03T11:34:02.402630+00:00
8919756f,player,Mosaddek Hossain Saikat,मोसाद्देक हुसैन सैकट,False,Q19668597,https://www.wikidata.org/wiki/Q19668597,2026-10-03T11:34:02.405334+00:00
b699df47,player,Max O'Dowd,मैक्स ओ'डॉ,False,Q20745123,https://www.wikidata.org/wiki/Q20745123,2026-10-03T11:34:13.105074+00:00
5bc290a2,player,MPP San,MPP San,True,,https://query.wikidata.org/sparql,2026-10-03T11:33:56.662400+00:00
d9273ee7,player,Marcus Stoinis,मार्कस स्टोइनिस,False,Q6758472,https://www.wikidata.org/wiki/Q6758472,2026-10-03T11:34:00.828353+00:00
fc55ec67,player,Mark Adair,मार्क अडैर,False,Q21620663,https://www.wikidata.org/wiki/Q21620663,2026-10-03T11:34:02.404741+00:00
4e7aa570,player,Merissa Aguilleira,Merissa Aguilleira,True,Q12988113,https://www.wikidata.org/wiki/Q12988113,2026-10-03T11:34:00.828353+00:00
ec2269dc,player,Mithali Raj,मिथाली राज,False,Q3520476,https://www.wikidata.org/wiki/Q3520476,2026-10-03T11:34:02.405334+00:00
38424a4d,player,M Ribeiro,M Ribeiro,True,,https://query.wikidata.org/sparql,2026-10-03T11:33:57.600001+00:00
1252f71a,player,Mark Watt,मार्क वाट,False,Q20877355,https://www.wikidata.org/wiki/Q20877355,2026-10-03T11:34:13.105074+00:00
3d8feaf8,player,Mitchell Marsh,मिशेल मार्श,False,Q13579875,https://www.wikidata.org/wiki/Q13579875,2026-10-03T11:33:57.602014+00:00
8a686d30,player,Marvan Atapattu,मार्वन अटापट्टू,False,Q3522556,https://www.wikidata.org/wiki/Q3522556,2026-10-03T11:34:02.402630+00:00
7fa12533,player,Mark Chapman,मार्क चैपमैन,False,Q6767045,https://www.wikidata.org/wiki/Q6767045,2026-10-03T11:34:02.401104+00:00
4a8a2e3b,player,MS Dhoni,महेंद्र सिंह धोनी,False,Q470774,https://www.wikidata.org/wiki/Q470774,2026-10-03T11:34:00.828353+00:00
afa7e784,player,Matthew Wade,मैथ्यू वेड,False,Q3299813,https://www.wikidata.org/wiki/Q3299813,2026-10-03T11:33:57.600001+00:00
f24c6701,player,Mahesh Theekshana,महेश दीक्षाना,False,Q59656519,https://www.wikidata.org/wiki/Q59656519,2026-10-03T11:33:56.662400+00:00
cebc1351,player,Mairi Tom,मेरी तोम,False,Q28777206,https://www.wikidata.org/wiki/Q28777206,2026-10-03T11:34:13.105074+00:00
090f96e4,player,Muhammad Nadir,Muhammad Nadir,True,,https://query.wikidata.org/sparql,2026-10-03T11:33:57.600001+00:00
45642393,player,Mohammad Usman,मुहम्मद उस्मान (क्रिकेटर),False,Q22948969,https://www.wikidata.org/wiki/Q22948969,2026-10-03T11:34:13.955263+00:00
86fdf668,player,Muneeba Ali,मुनीबा अली,False,Q23771836,https://www.wikidata.org/wiki/Q23771836,2026-10-03T11:34:13.105074+00:00
712bbd92,player,Murshida Khatun,मुर्शिदा खातून,False,Q45155136,https://www.wikidata.org/wiki/Q45155136,2026-10-03T11:33:56.662400+00:00
a94e08ea,player,Mushfiqur Rahim,मुशफिकुर रहीम,False,Q3348174,https://www.wikidata.org/wiki/Q3348174,2026-10-03T11:34:13.105074+00:00
0a8fce53,player,Mustafizur Rahman,मुस्तफ़ीज़ुर रहमान,False,Q19829386,https://www.wikidata.org/wiki/Q19829386,2026-10-03T11:34:00.828353+00:00
7d6ce83f,player,M Uwase,M Uwase,True,,https://query.wikidata.org/sparql,2026-10-03T11:33:57.600001+00:00
7eb36269,player,Michael van Lingen,माइकल वैन लिंगेन,False,Q23541267,https://www.wikidata.org/wiki/Q23541267,2026-10-03T11:34:13.105074+00:00
f3cb53a1,player,Mark Boucher,मार्क बाउचर,False,Q678379,https://www.wikidata.org/wiki/Q678379,2026-10-03T11:34:02.401104+00:00
2e4f11e9,player,Mary Waldron,मैरी वाल्ड्रोन,False,Q6780904,https://www.wikidata.org/wiki/Q6780904,2026-10-03T11:34:02.401104+00:00
74eecff4,player,M Wai Siu,M Wai Siu,True,,https://query.wikidata.org/sparql,2026-10-03T11:33:56.662400+00:00
f20e7e23,player,Mai Yanagida,Mai Yanagida,True,Q47083855,https://www.wikidata.org/wiki/Q47083855,2026-10-03T11:34:02.405334+00:00
66078174,player,Nahida Akter,नाहिदा अकटर,False,Q21620406,https://www.wikidata.org/wiki/Q21620406,2026-10-03T11:34:13.105074+00:00
3e7c0b1e,player,Nahida Khan,नाहिदा खान,False,Q6959259,https://www.wikidata.org/wiki/Q6959259,2026-10-03T11:34:00.828353+00:00
5486d41f,player,Nain Abidi,Nain Abidi,True,Q6959690,https://www.wikidata.org/wiki/Q6959690,2026-10-03T11:33:57.602014+00:00
c63671e9,player,Naseem Khushi,नसीम ख़ुशी,False,Q28341342,https://www.wikidata.org/wiki/Q28341342,2026-10-03T11:33:56.662400+00:00
c981d3c2,player,Nashra Sandhu,नाशरा संधू,False,Q28722417,https://www.wikidata.org/wiki/Q28722417,2026-10-03T11:34:13.105074+00:00
6eea0b32,player,Nasir Hossain,Nasir Hossain,True,Q5505956,https://www.wikidata.org/wiki/Q5505956,2026-10-03T11:34:00.828353+00:00
fa8a3eb0,player,Natalia Pervaiz,नतालिया परवेज,False,Q42879193,https://www.wikidata.org/wiki/Q42879193,2026-10-03T11:33:56.662400+00:00
1274d7ab,player,Najmul Hossain Shanto,नजमुल हुसैन शान्तो,False,Q20745307,https://www.wikidata.org/wiki/Q20745307,2026-10-03T11:34:13.105074+00:00
58acb320,player,Nattaya Boochatham,नट्टया बूचथम,False,Q28755607,https://www.wikidata.org/wiki/Q28755607,2026-10-03T11:34:00.828353+00:00
0825e4b3,player,Naruemol Chaiwai,नरुमोल चवाई,False,Q28755599,https://www.wikidata.org/wiki/Q28755599,2026-10-03T11:34:02.402630+00:00
b5626ff7,player,Natthakan Chantam,नटकन चनतम,False,Q28755603,https://www.wikidata.org/wiki/Q28755603,2026-10-03T11:34:02.402630+00:00
a904600a,player,N Choden,N Choden,True,,https://query.wikidata.org/sparql,2026-10-03T11:33:56.662400+00:00
752af5a4,player,NC Monteiro,NC Monteiro,True,,https://query.wikidata.org/sparql,2026-10-03T11:33:56.662400+00:00
ea544967,player,Nadine de Klerk,नादिन दे किलक,False,Q29870328,https://www.wikidata.org/wiki/Q29870328,2026-10-03T11:34:13.105074+00:00
45963d9e,player,Niroshan Dickwella,निरोशन डिकवेला,False,Q17425106,https://www.wikidata.org/wiki/Q17425106,2026-10-03T11:34:00.828353+00:00
dd883071,player,Nicole Bolton,निकोल बोल्टन,False,Q16209936,https://www.wikidata.org/wiki/Q16209936,2026-10-03T11:33:57.602014+00:00
9c2e3040,player,Nyasha Gwanzura,न्याशा ग्वांज़ुरा,False,Q108801761,https://www.wikidata.org/wiki/Q108801761,2026-10-03T11:34:13.105074+00:00
ed840f44,player,Nida Dar,निदा दार,False,Q7030757,https://www.wikidata.org/wiki/Q7030757,2026-10-03T11:34:00.828353+00:00
3827f6a2,player,Nigar Sultana,निगार सुल्ताना (क्रिकेटर),False,Q22957716,https://www.wikidata.org/wiki/Q22957716,2026-10-03T11:34:13.105074+00:00
e3eb9e46,player,Nizakat Khan,निजाकत खान,False,Q7042085,https://www.wikidata.org/wiki/Q7042085,2026-10-03T11:34:00.828353+00:00
dff806f4,player,Nicola Carey,निकोला केरी,False,Q24006924,https://www.wikidata.org/wiki/Q24006924,2026-10-03T11:34:00.828353+00:00
84826f48,player,Niall O'Brien,नियाल ओ'ब्रायन,False,Q3529757,https://www.wikidata.org/wiki/Q3529757,2026-10-03T11:33:57.600001+00:00
f4270fc7,player,NJ Pius,NJ Pius,True,,https://query.wikidata.org/sparql,2026-10-03T11:33:56.662400+00:00
382377a4,player,NK Ariani,NK Ariani,True,,https://query.wikidata.org/sparql,2026-10-03T11:33:57.600001+00:00
82c78412,player,Nannapat Koncharoenkai,नानापट कोंचरोनेकाई,False,Q28755596,https://www.wikidata.org/wiki/Q28755596,2026-10-03T11:34:13.105074+00:00
d04fc4a4,player,NLKWR Dewi,NLKWR Dewi,True,,https://query.wikidata.org/sparql,2026-10-03T11:33:57.600001+00:00
5673a3fc,player,Nathan McCullum,नाथन मैकुलम,False,Q3531282,https://www.wikidata.org/wiki/Q3531282,2026-10-03T11:34:00.828353+00:00
0f12f9df,player,Thisara Perera,थिसारा परेरा,False,Q3529830,https://www.wikidata.org/wiki/Q3529830,2026-10-03T11:33:57.600001+00:00
686362af,player,Nonkululeko Mlaba,ननकुलुलेको म्लाबा,False,Q68462607,https://www.wikidata.org/wiki/Q68462607,2026-10-03T11:34:13.955263+00:00
52b57a65,player,NMP Suwandewi,NMP Suwandewi,True,,https://query.wikidata.org/sparql,2026-10-03T11:33:56.662400+00:00
b0023708,player,N Navaika,N Navaika,True,,https://query.wikidata.org/sparql,2026-10-03T11:33:56.662400+00:00
f0b4294e,player,Nilakshi de Silva,निलाक्षी डी सिल्वा,False,Q16232558,https://www.wikidata.org/wiki/Q16232558,2026-10-03T11:34:13.105074+00:00
16610c7b,player,NN Saidi,NN Saidi,True,,https://query.wikidata.org/sparql,2026-10-03T11:33:56.662400+00:00
72b5decf,player,NPAN Sakarini,NPAN Sakarini,True,,https://query.wikidata.org/sparql,2026-10-03T11:33:56.662400+00:00
f7d267f7,player,Nosthush Kenjige,नास्तुष केन्ज़ीगे,False,Q47528285,https://www.wikidata.org/wiki/Q47528285,2026-10-03T11:33:56.662400+00:00
3241e3fd,player,Nicolas Pooran,निकोलस पूरन,False,Q17484247,https://www.wikidata.org/wiki/Q17484247,2026-10-03T11:34:13.105074+00:00
f3a18a0c,player,Nat Sciver-Brunt,नताली स्किवेर,False,Q16225429,https://www.wikidata.org/wiki/Q16225429,2026-10-03T11:34:02.402630+00:00
b17a4a93,player,Nondumiso Shangase,नोंदुमिसो शांगेज़,False,Q64010410,https://www.wikidata.org/wiki/Q64010410,2026-10-03T11:34:13.105074+00:00
583ce32c,player,Shree Charani,Shree Charani,True,Q134511458,https://www.wikidata.org/wiki/Q134511458,2026-10-03T11:33:57.600001+00:00
edf62a25,player,Nomvelo Sibanda,नोमवेलो सिबांडा,False,Q108801794,https://www.wikidata.org/wiki/Q108801794,2026-10-03T11:33:56.662400+00:00
d27d0835,player,Natasha Miles,नताशा माइल्स,False,Q106322872,https://www.wikidata.org/wiki/Q106322872,2026-10-03T11:33:57.602014+00:00
4db4c8be,player,Nur Arianna Natsya,Nur Arianna Natsya,True,Q116471704,https://www.wikidata.org/wiki/Q116471704,2026-10-03T11:33:56.662400+00:00
3af75717,player,Nur Dania Syuhada,Nur Dania Syuhada,True,Q116471700,https://www.wikidata.org/wiki/Q116471700,2026-10-03T11:33:57.600001+00:00
a36915ce,player,Norman Vanua,नॉर्मन वनुआ,False,Q18638137,https://www.wikidata.org/wiki/Q18638137,2026-10-03T11:34:02.404741+00:00
20ace887,player,Naoani Vare,नाओनी वरे,False,Q55433784,https://www.wikidata.org/wiki/Q55433784,2026-10-03T11:33:56.662400+00:00
4c61a0f9,player,Nathan Bracken,नाथन ब्रेकन,False,Q378764,https://www.wikidata.org/wiki/Q378764,2026-10-03T11:34:00.828353+00:00
e910d955,player,NW Sariani,NW Sariani,True,,https://query.wikidata.org/sparql,2026-10-03T11:33:56.662400+00:00
1d39dc61,player,Natasha McLean,नताशा मैकलीन,False,Q16466552,https://www.wikidata.org/wiki/Q16466552,2026-10-03T11:34:02.401104+00:00
7bf96684,player,Owais Shah,ओवैस शाह,False,Q6831317,https://www.wikidata.org/wiki/Q6831317,2026-10-03T11:33:57.600001+00:00
519b872a,player,Onnicha Kamchomphu,ओननिचा कमचोमफु,False,Q55366896,https://www.wikidata.org/wiki/Q55366896,2026-10-03T11:34:13.105074+00:00
cba01c28,player,O Kgeresi,O Kgeresi,True,,https://query.wikidata.org/sparql,2026-10-03T11:33:57.600001+00:00
fb31ca49,player,O Manishimwe,O Manishimwe,True,,https://query.wikidata.org/sparql,2026-10-03T11:33:57.600001+00:00
d8f20ba5,player,Orla Prendergast,ओर्ला प्रेंडरगैस्ट,False,Q66310534,https://www.wikidata.org/wiki/Q66310534,2026-10-03T11:33:56.662400+00:00
e6a6888f,player,O Tuyisenge,O Tuyisenge,True,,https://query.wikidata.org/sparql,2026-10-03T11:33:56.662400+00:00
52d3b7ff,player,Oshadi Ranasinghe,ओशादी रणसिंघे,False,Q16231508,https://www.wikidata.org/wiki/Q16231508,2026-10-03T11:34:00.828353+00:00
8e7be59c,player,Priyanaz Chatterji,प्रियानाज़ चटर्जी,False,Q28755625,https://www.wikidata.org/wiki/Q28755625,2026-10-03T11:34:02.404741+00:00
fcf37e14,player,Prosscovia Alako,Prosscovia Alako,True,Q133836106,https://www.wikidata.org/wiki/Q133836106,2026-10-03T11:33:56.662400+00:00
005f0561,player,Panna Ghosh,पन्ना घोष,False,Q15730313,https://www.wikidata.org/wiki/Q15730313,2026-10-03T11:34:00.828353+00:00
78fcc740,player,Pavandeep Singh,पवनदीप सिंह,False,Q18387202,https://www.wikidata.org/wiki/Q18387202,2026-10-03T11:34:13.105074+00:00
4557dc54,player,Paul van Meekeren,पॉल वैन मिकेन,False,Q15978298,https://www.wikidata.org/wiki/Q15978298,2026-10-03T11:34:00.828353+00:00
a386e91b,player,Paul Collingwood,पॉल कॉलिंगवुड,False,Q983731,https://www.wikidata.org/wiki/Q983731,2026-10-03T11:33:56.662400+00:00
3d284ca3,player,Philip Salt,फिल साल्ट (क्रिकेटर),False,Q21030613,https://www.wikidata.org/wiki/Q21030613,2026-10-03T11:34:13.105074+00:00
bb1a5f8a,player,PE Kulume,PE Kulume,True,,https://query.wikidata.org/sparql,2026-10-03T11:33:57.600001+00:00
70bab30b,player,PE Mendonca,PE Mendonca,True,,https://query.wikidata.org/sparql,2026-10-03T11:33:57.600001+00:00
4958ad5f,player,Punam Raut,पूनम राउत,False,Q3525912,https://www.wikidata.org/wiki/Q3525912,2026-10-03T11:34:00.828353+00:00
08548b13,player,Kamindu Mendis,कामिन्दु मेंडिस,False,Q22006833,https://www.wikidata.org/wiki/Q22006833,2026-10-03T11:34:13.105074+00:00
ded9240e,player,Pat Cummins,पॅट कमिंस,False,Q7143348,https://www.wikidata.org/wiki/Q7143348,2026-10-03T11:34:02.402630+00:00
e938e1bc,player,Praveen Kumar,प्रवीण कुमार,False,Q3519988,https://www.wikidata.org/wiki/Q3519988,2026-10-03T11:34:00.828353+00:00
4e6ef14f,player,Phoebe Litchfield,फोएबे लिचफील्ड,False,Q71741046,https://www.wikidata.org/wiki/Q71741046,2026-10-03T11:33:56.662400+00:00
9ea555a4,player,Pako Mapotsane,Pako Mapotsane,True,Q124454138,https://www.wikidata.org/wiki/Q124454138,2026-10-03T11:33:57.600001+00:00
a4f1fdd4,player,Precious Marange,प्रेशियस मारंगे,False,Q21872593,https://www.wikidata.org/wiki/Q21872593,2026-10-03T11:34:00.828353+00:00
72eada4c,player,Phannita Maya,फन्निता माया,False,Q85748564,https://www.wikidata.org/wiki/Q85748564,2026-10-03T11:33:56.662400+00:00
fa9db243,player,P Molkenboer,P Molkenboer,True,,https://query.wikidata.org/sparql,2026-10-03T11:33:57.600001+00:00
abbdca1a,player,Pieter Seelaar,पीटर सीलार,False,Q3529528,https://www.wikidata.org/wiki/Q3529528,2026-10-03T11:33:57.600001+00:00
1b3718d2,player,Prasadani Weerakkody,प्रसादनी वीरक्कोडी,False,Q16755848,https://www.wikidata.org/wiki/Q16755848,2026-10-03T11:34:02.401104+00:00
8ee36b18,player,Pathum Nissanka,पथुम निसांका,False,Q29210519,https://www.wikidata.org/wiki/Q29210519,2026-10-03T11:33:56.662400+00:00
d0bb40b8,player,Poonam Yadav,पूनम यादव,False,Q7228702,https://www.wikidata.org/wiki/Q7228702,2026-10-03T11:34:13.105074+00:00
f4b942ae,player,Priyada Murali,Priyada Murali,True,,https://query.wikidata.org/sparql,2026-10-03T11:33:56.662400+00:00
cf494ffe,player,Paul Stirling,पॉल स्टर्लिंग,False,Q3529797,https://www.wikidata.org/wiki/Q3529797,2026-10-03T11:34:00.828353+00:00
595433d2,player,Pauke Siaka,पॉके सियाका,False,Q28777210,https://www.wikidata.org/wiki/Q28777210,2026-10-03T11:34:00.828353+00:00
591a7004,player,PSR Gurusinghe,PSR Gurusinghe,True,,https://query.wikidata.org/sparql,2026-10-03T11:33:56.662400+00:00
4b95058b,player,Puja Mahato,Puja Mahato,True,Q123505625,https://www.wikidata.org/wiki/Q123505625,2026-10-03T11:33:57.600001+00:00
9de271ef,player,Prosper Utseya,Prosper Utseya,True,Q3521760,https://www.wikidata.org/wiki/Q3521760,2026-10-03T11:34:13.105074+00:00
8026ea72,player,Pooja Vastrakar,पूजा वस्त्राकर,False,Q28378242,https://www.wikidata.org/wiki/Q28378242,2026-10-03T11:34:13.105074+00:00
327b58d3,player,Dushmantha Chameera,दुशमंथ चमीरा,False,Q18921524,https://www.wikidata.org/wiki/Q18921524,2026-10-03T11:34:02.405334+00:00
a97c8ec2,player,Wanindu Hasaranga,वानिन्दु हसरंगा,False,Q22004824,https://www.wikidata.org/wiki/Q22004824,2026-10-03T11:34:13.105074+00:00
6e60bbe2,player,PZ Kamunya,PZ Kamunya,True,,https://query.wikidata.org/sparql,2026-10-03T11:33:56.662400+00:00
2e988457,player,Queentor Abel,Queentor Abel,True,Q112243189,https://www.wikidata.org/wiki/Q112243189,2026-10-03T11:33:56.662400+00:00
2ea9b32c,player,Qanita Jalil,Qanita Jalil,True,Q7266491,https://www.wikidata.org/wiki/Q7266491,2026-10-03T11:33:57.600001+00:00
372455c4,player,Quinton de Kock,क्विंटन डि काक,False,Q7272502,https://www.wikidata.org/wiki/Q7272502,2026-10-03T11:34:00.828353+00:00
d6164dc0,player,Qiana Joseph,कियाना जोसेफ,False,Q30578559,https://www.wikidata.org/wiki/Q30578559,2026-10-03T11:34:13.105074+00:00
aaf037b1,player,Rabeya Khan,Rabeya Khan,True,Q107272416,https://www.wikidata.org/wiki/Q107272416,2026-10-03T11:33:57.600001+00:00
fe93fd9d,player,Ravindra Jadeja,रवींद्र सिंह जडेजा,False,Q2721457,https://www.wikidata.org/wiki/Q2721457,2026-10-03T11:33:57.600001+00:00
d5eb8b84,player,Rosemary Mair,रोजमैरी मेयर,False,Q61556091,https://www.wikidata.org/wiki/Q61556091,2026-10-03T11:34:13.105074+00:00
0b78b7c1,player,Rameen Shamim,रमीन शमीम,False,Q64010307,https://www.wikidata.org/wiki/Q64010307,2026-10-03T11:33:56.662400+00:00
66c1accf,player,R Andrew,R Andrew,True,,https://query.wikidata.org/sparql,2026-10-03T11:33:56.662400+00:00
3f811de0,player,Rashid Khan,Rashid Khan,True,,https://query.wikidata.org/sparql,2026-10-03T11:33:57.602014+00:00
5f547c8b,player,Rashid Khan,राशिद खान,False,Q21621685,https://www.wikidata.org/wiki/Q21621685,2026-10-03T11:34:13.105074+00:00
69cccff3,player,Rashid Khan,Rashid Khan,True,Q79423699,https://www.wikidata.org/wiki/Q79423699,2026-10-03T11:33:56.662400+00:00
700e1c72,player,Rashid Khan,Rashid Khan,True,Q14474511,https://www.wikidata.org/wiki/Q14474511,2026-10-03T11:34:00.828353+00:00
1eaac48d,player,Rashid Khan,Rashid Khan,True,,https://query.wikidata.org/sparql,2026-10-03T11:33:57.600001+00:00
495d42a5,player,Ravichandran Ashwin,रविचंद्रन अश्विन,False,Q3007571,https://www.wikidata.org/wiki/Q3007571,2026-10-03T11:33:57.602014+00:00
2f28dc94,player,Suranga Lakmal,सुरंगा लकमल,False,Q12978671,https://www.wikidata.org/wiki/Q12978671,2026-10-03T11:34:02.402630+00:00
dfdaca74,player,Rubina Chhetri,रुबिना क्षेत्री,False,Q25621040,https://www.wikidata.org/wiki/Q25621040,2026-10-03T11:34:02.402630+00:00
e21bc7f3,player,Richie Berrington,रिची बेरिंग्टन,False,Q7330478,https://www.wikidata.org/wiki/Q7330478,2026-10-03T11:33:57.600001+00:00
0184dc35,player,Rahul Dravid,राहुल द्रविड़,False,Q470772,https://www.wikidata.org/wiki/Q470772,2026-10-03T11:34:00.828353+00:00
7298db76,player,Renuka Singh,रेणुका सिंह,False,Q108568167,https://www.wikidata.org/wiki/Q108568167,2026-10-03T11:34:13.955263+00:00
05c2ca46,player,Roelof van der Merwe,रूलोफ वैन डेर मेरवे,False,Q11217157,https://www.wikidata.org/wiki/Q11217157,2026-10-03T11:34:02.402630+00:00
740742ef,player,Rohit Sharma,रोहित शर्मा,False,Q3520045,https://www.wikidata.org/wiki/Q3520045,2026-10-03T11:34:00.828353+00:00
e6f0408a,player,Rachel Priest,राहेल प्रीस्ट,False,Q7279361,https://www.wikidata.org/wiki/Q7279361,2026-10-03T11:33:57.600001+00:00
269cc4ff,player,Riazat Ali Shah,रियाजत अली शाह,False,Q52674324,https://www.wikidata.org/wiki/Q52674324,2026-10-03T11:33:56.662400+00:00
36ba7f0b,player,Rinitha Rajith,Rinitha Rajith,True,,https://query.wikidata.org/sparql,2026-10-03T11:33:57.600001+00:00
5935d694,player,Rishad Hossain,रिशद हुसैन,False,Q59656513,https://www.wikidata.org/wiki/Q59656513,2026-10-03T11:33:56.662400+00:00
ad3940a5,player,Ritu Moni,रितु मोनी,False,Q21622105,https://www.wikidata.org/wiki/Q21622105,2026-10-03T11:34:02.402630+00:00
8b7cda26,player,Riya Sharma,Riya Sharma,True,,https://query.wikidata.org/sparql,2026-10-03T11:33:57.600001+00:00
e741ed8f,player,Rizwan Butt,Rizwan Butt,True,,https://query.wikidata.org/sparql,2026-10-03T11:33:57.600001+00:00
26ff4c29,player,Robin Peterson,रॉबिन पीटरसन,False,Q3522056,https://www.wikidata.org/wiki/Q3522056,2026-10-03T11:34:02.401104+00:00
5959370f,player,Rosenanee Kanoh,रोसेनन कानोह,False,Q55433790,https://www.wikidata.org/wiki/Q55433790,2026-10-03T11:33:56.662400+00:00
1a3cc554,player,Rohit Kumar,रोहित पौडेल,False,Q48734810,https://www.wikidata.org/wiki/Q48734810,2026-10-03T11:33:56.662400+00:00
3feda4fa,player,Roston Chase,रॉस्टन चेस,False,Q22003618,https://www.wikidata.org/wiki/Q22003618,2026-10-03T11:34:00.828353+00:00
d7c6b0fb,player,Rachael Haynes,राचेल हेन्स,False,Q7279078,https://www.wikidata.org/wiki/Q7279078,2026-10-03T11:33:57.602014+00:00
4cf645c9,player,Roberta Moretti Avery,रोबर्टा मोरेटी एवरी,False,Q104780457,https://www.wikidata.org/wiki/Q104780457,2026-10-03T11:33:56.662400+00:00
4ed7d23f,player,Rene Farrell,Rene Farrell,True,Q3525871,https://www.wikidata.org/wiki/Q3525871,2026-10-03T11:33:57.602014+00:00
721e0199,player,Richa Ghosh,ऋचा घोष,False,Q83719779,https://www.wikidata.org/wiki/Q83719779,2026-10-03T11:33:57.600001+00:00
017cadb2,player,Rita Musamali,रीता मुसामालि,False,Q55433704,https://www.wikidata.org/wiki/Q55433704,2026-10-03T11:33:56.662400+00:00
9e866b59,player,Vishmi Gunaratne,Vishmi Gunaratne,True,Q113550960,https://www.wikidata.org/wiki/Q113550960,2026-10-03T11:33:57.600001+00:00
6e3f5a5c,player,Richard Ngarava,रिचर्ड नगारवा,False,Q28648831,https://www.wikidata.org/wiki/Q28648831,2026-10-03T11:34:13.105074+00:00
d1988788,player,Rohan Mustafa,रोहन मुस्तफ़ा,False,Q15962525,https://www.wikidata.org/wiki/Q15962525,2026-10-03T11:34:00.828353+00:00
94ed3e4b,player,Rohit Sharma,Rohit Sharma,True,Q21622847,https://www.wikidata.org/wiki/Q21622847,2026-10-03T11:34:13.105074+00:00
a1cbdeeb,player,Rohit Sharma,Rohit Sharma,True,,https://query.wikidata.org/sparql,2026-10-03T11:33:57.600001+00:00
05d9faac,player,Roma Thapa,Roma Thapa,True,Q108610352,https://www.wikidata.org/wiki/Q108610352,2026-10-03T11:33:56.662400+00:00
b84718fd,player,Rosine Irera,Rosine Irera,True,,https://query.wikidata.org/sparql,2026-10-03T11:33:57.600001+00:00
b08252b8,player,Ryan Burl,रेयान बर्ल,False,Q20630643,https://www.wikidata.org/wiki/Q20630643,2026-10-03T11:34:02.402630+00:00
650d5e49,player,Rovman Powell,रोवमैन पॉवेल,False,Q22279728,https://www.wikidata.org/wiki/Q22279728,2026-10-03T11:34:13.105074+00:00
0ab3c788,player,RP Singh,RP Singh,True,,https://query.wikidata.org/sparql,2026-10-03T11:33:57.600001+00:00
6c3aef71,player,Radha Yadav,राधा यादव,False,Q28379953,https://www.wikidata.org/wiki/Q28379953,2026-10-03T11:34:13.105074+00:00
d68e7f48,player,Ravi Rampaul,रवि रामपॉल,False,Q3531214,https://www.wikidata.org/wiki/Q3531214,2026-10-03T11:34:02.404741+00:00
ba5e1069,player,Rachin Ravindra,रचिन रविन्द्र,False,Q58008279,https://www.wikidata.org/wiki/Q58008279,2026-10-03T11:34:13.105074+00:00
b8cc58c9,player,Reeza Hendricks,रीजा हेंड्रिक्स,False,Q18125532,https://www.wikidata.org/wiki/Q18125532,2026-10-03T11:33:57.602014+00:00
42e4b276,player,Robine Rijke,रोबिन रिजके,False,Q28777213,https://www.wikidata.org/wiki/Q28777213,2026-10-03T11:34:13.105074+00:00
919a3be2,player,Rishabh Pant,ऋषभ पंत,False,Q21622311,https://www.wikidata.org/wiki/Q21622311,2026-10-03T11:34:13.105074+00:00
7fa6bd8e,player,Rakep Patel,राकेप पटेल,False,Q3529672,https://www.wikidata.org/wiki/Q3529672,2026-10-03T11:33:57.602014+00:00
36d33dd0,player,Ramnaresh Sarwan,रामनरेश सरवन,False,Q3522156,https://www.wikidata.org/wiki/Q3522156,2026-10-03T11:34:02.404741+00:00
7ccc0a38,player,RR Seth,RR Seth,True,,https://query.wikidata.org/sparql,2026-10-03T11:33:56.662400+00:00
7ca5e05d,player,Ravi Bopara,रवि बोपारा,False,Q3630191,https://www.wikidata.org/wiki/Q3630191,2026-10-03T11:33:56.662400+00:00
237ec05b,player,Rajeshwari Gayakwad,राजेश्वरी गायकवाड़,False,Q21621348,https://www.wikidata.org/wiki/Q21621348,2026-10-03T11:34:13.105074+00:00
c5aef772,player,Romario Shepherd,रोमारियो शेफर्ड,False,Q23761769,https://www.wikidata.org/wiki/Q23761769,2026-10-03T11:34:13.105074+00:00
03fb10bd,player,R Shimwamana,R Shimwamana,True,,https://query.wikidata.org/sparql,2026-10-03T11:33:57.600001+00:00
8a452195,player,Rachel Slater,राहेल स्लेटर,False,Q108331180,https://www.wikidata.org/wiki/Q108331180,2026-10-03T11:33:56.662400+00:00
def7b1bb,player,Rebecca Stokell,रेबेका स्टोकेल,False,Q29891153,https://www.wikidata.org/wiki/Q29891153,2026-10-03T11:33:56.662400+00:00
406de451,player,Rashada Williams,रशदा विलियम्स,False,Q107345391,https://www.wikidata.org/wiki/Q107345391,2026-10-03T11:34:13.105074+00:00
7d415ea5,player,Ricky Ponting,रिकी पोंटिंग,False,Q472649,https://www.wikidata.org/wiki/Q472649,2026-10-03T11:34:13.105074+00:00
ff6a7ab5,player,Ruben Trumpelmann,रूबेन ट्रम्पेलमैन,False,Q43008042,https://www.wikidata.org/wiki/Q43008042,2026-10-03T11:34:13.105074+00:00
f56cd097,player,Rubel Hossen,रुबेल हुसैन,False,Q7375924,https://www.wikidata.org/wiki/Q7375924,2026-10-03T11:34:00.828353+00:00
106135f5,player,Ruchitha Venkatesh,Ruchitha Venkatesh,True,,https://query.wikidata.org/sparql,2026-10-03T11:33:56.662400+00:00
a92763ea,player,Rumana Ahmed,रुमान अहमद,False,Q15730389,https://www.wikidata.org/wiki/Q15730389,2026-10-03T11:34:00.828353+00:00
2f0d7e4a,player,Regis Chakabva,रेजिस चकवा,False,Q3531313,https://www.wikidata.org/wiki/Q3531313,2026-10-03T11:34:00.828353+00:00
67af6f81,player,Ray Price,Ray Price,True,Q7297987,https://www.wikidata.org/wiki/Q7297987,2026-10-03T11:34:13.105074+00:00
f28a60e0,player,Saad Bin Zafar,साद बिन ज़फ़र,False,Q7395551,https://www.wikidata.org/wiki/Q7395551,2026-10-03T11:34:00.828353+00:00
7147f314,player,Sabbir Rahman,सब्बीर रहमान,False,Q7396007,https://www.wikidata.org/wiki/Q7396007,2026-10-03T11:34:00.828353+00:00
77851c2d,player,Stacy-Ann King,स्टेसी-एन किंग,False,Q16466561,https://www.wikidata.org/wiki/Q16466561,2026-10-03T11:34:00.828353+00:00
a7cd72b2,player,Shemaine Campbelle,शेमैन कैम्पबेल,False,Q16466565,https://www.wikidata.org/wiki/Q16466565,2026-10-03T11:34:00.828353+00:00
f19c8dc0,player,Sadaf Shamas,Sadaf Shamas,True,Q116658748,https://www.wikidata.org/wiki/Q116658748,2026-10-03T11:33:57.600001+00:00
53bb50f0,player,Sadia Iqbal,सादिया इकबाल,False,Q72390378,https://www.wikidata.org/wiki/Q72390378,2026-10-03T11:33:57.600001+00:00
3cfbddce,player,Sadia Yousuf,Sadia Yousuf,True,Q7397906,https://www.wikidata.org/wiki/Q7397906,2026-10-03T11:34:00.828353+00:00
b59db04f,player,Scott Edwards,स्कॉट एडवर्ड्स (क्रिकेटर),False,Q44749733,https://www.wikidata.org/wiki/Q44749733,2026-10-03T11:33:56.662400+00:00
05d74535,player,Saeed Ajmal,सईद अजमल,False,Q3535377,https://www.wikidata.org/wiki/Q3535377,2026-10-03T11:34:00.828353+00:00
33609a8c,player,Saim Ayub,सईम अयूब,False,Q105603453,https://www.wikidata.org/wiki/Q105603453,2026-10-03T11:33:56.662400+00:00
62fa10e5,player,Sajjida Shah,Sajjida Shah,True,Q12980620,https://www.wikidata.org/wiki/Q12980620,2026-10-03T11:34:02.405334+00:00
cf92d76b,player,S Akiteng,S Akiteng,True,,https://query.wikidata.org/sparql,2026-10-03T11:33:57.600001+00:00
037f2b86,player,Salma Khatun,सलमा खातुन,False,Q15730193,https://www.wikidata.org/wiki/Q15730193,2026-10-03T11:34:00.828353+00:00
4d6d6280,player,Salman Butt,सलमान बट्ट,False,Q3273844,https://www.wikidata.org/wiki/Q3273844,2026-10-03T11:34:00.828353+00:00
237baa2c,player,Sameera Khan,Sameera Khan,True,,https://query.wikidata.org/sparql,2026-10-03T11:33:57.600001+00:00
765a2354,player,Samjhana Khadka,Samjhana Khadka,True,Q127605201,https://www.wikidata.org/wiki/Q127605201,2026-10-03T11:33:57.600001+00:00
b287e7b1,player,Sana Mir,सना मीर,False,Q3535542,https://www.wikidata.org/wiki/Q3535542,2026-10-03T11:33:57.600001+00:00
12755a62,player,Sanjida Islam,Sanjida Islam,True,Q15731309,https://www.wikidata.org/wiki/Q15731309,2026-10-03T11:34:02.405334+00:00
ad135bde,player,SAN Maypriani,SAN Maypriani,True,,https://query.wikidata.org/sparql,2026-10-03T11:34:02.404741+00:00
681f522f,player,Sylvester Okpe,सिल्वेस्टर ओकपे,False,Q56630785,https://www.wikidata.org/wiki/Q56630785,2026-10-03T11:33:56.662400+00:00
2254ab79,player,Sarfraz Ahmed,सरफ़राज़ अहमद,False,Q3535421,https://www.wikidata.org/wiki/Q3535421,2026-10-03T11:33:57.600001+00:00
531aef3b,player,Sune Wittmann,सुने विटमैन,False,Q9348147,https://www.wikidata.org/wiki/Q9348147,2026-10-03T11:34:02.405334+00:00
271f83cd,player,Suryakumar Yadav,सुर्यकुमार यादव,False,Q15864307,https://www.wikidata.org/wiki/Q15864307,2026-10-03T11:34:02.401104+00:00
9a95bebb,player,Sese Bau,सेसे बाउ,False,Q20630558,https://www.wikidata.org/wiki/Q20630558,2026-10-03T11:34:00.828353+00:00
57efa3be,player,Scott Styris,Scott Styris,True,Q7437332,https://www.wikidata.org/wiki/Q7437332,2026-10-03T11:34:00.828353+00:00
725529bc,player,Sourav Ganguly,सौरव गांगुली,False,Q561487,https://www.wikidata.org/wiki/Q561487,2026-10-03T11:34:00.828353+00:00
881a9bdd,player,Shivnarine Chanderpaul,शिवनारायण चन्द्रपॉल,False,Q967484,https://www.wikidata.org/wiki/Q967484,2026-10-03T11:34:02.402630+00:00
bd36bc39,player,S Chaturongrattana,S Chaturongrattana,True,,https://query.wikidata.org/sparql,2026-10-03T11:33:56.662400+00:00
e1e0775d,player,S Choden,S Choden,True,,https://query.wikidata.org/sparql,2026-10-03T11:33:56.662400+00:00
eba6a852,player,Stuart Broad,स्टुअर्ट ब्रॉड,False,Q3140358,https://www.wikidata.org/wiki/Q3140358,2026-10-03T11:33:56.662400+00:00
c29ada99,player,Shakera Selman,शकेरा सेलमैन,False,Q16466543,https://www.wikidata.org/wiki/Q16466543,2026-10-03T11:34:00.828353+00:00
afe57f7a,player,Sean Williams,शॉन विलियम्स,False,Q3531227,https://www.wikidata.org/wiki/Q3531227,2026-10-03T11:34:13.105074+00:00
f8b50da3,player,S Dharnidharka,S Dharnidharka,True,,https://query.wikidata.org/sparql,2026-10-03T11:33:56.662400+00:00
0a476045,player,Shikhar Dhawan,शिखर धवन,False,Q7487024,https://www.wikidata.org/wiki/Q7487024,2026-10-03T11:34:00.828353+00:00
1fc6ef83,player,Shai Hope,शाई होप,False,Q19787242,https://www.wikidata.org/wiki/Q19787242,2026-10-03T11:34:13.105074+00:00
a4e37e47,player,Shivam Dube,शिवम दुबे,False,Q28561470,https://www.wikidata.org/wiki/Q28561470,2026-10-03T11:34:13.105074+00:00
4f629497,player,Shane Edward Bond,शेन बॉन्ड,False,Q7487985,https://www.wikidata.org/wiki/Q7487985,2026-10-03T11:34:00.828353+00:00
cdb82f1c,player,Sophie Ecclestone,सोफी एक्लेस्टोन,False,Q25339050,https://www.wikidata.org/wiki/Q25339050,2026-10-03T11:34:13.105074+00:00
508a1ea7,player,Shaun Marsh,शान मार्श,False,Q3242942,https://www.wikidata.org/wiki/Q3242942,2026-10-03T11:34:13.105074+00:00
d014d5ac,player,Sherfane Rutherford,शेरफेन रदरफोर्ड,False,Q29420893,https://www.wikidata.org/wiki/Q29420893,2026-10-03T11:34:13.105074+00:00
aa197946,player,S Etim,S Etim,True,,https://query.wikidata.org/sparql,2026-10-03T11:33:57.600001+00:00
1f7825dd,player,Shanel Daley,Shanel Daley,True,Q7488339,https://www.wikidata.org/wiki/Q7488339,2026-10-03T11:34:00.828353+00:00
e393c6c1,player,SF Jerome,SF Jerome,True,,https://query.wikidata.org/sparql,2026-10-03T11:33:57.600001+00:00
de69af96,player,Sophie Devine,सोफी डिवाइन,False,Q7562989,https://www.wikidata.org/wiki/Q7562989,2026-10-03T11:33:57.600001+00:00
c35739a1,player,Shabika Gajnabi,शबिका गजनबि,False,Q67153717,https://www.wikidata.org/wiki/Q67153717,2026-10-03T11:33:57.600001+00:00
b34e0c77,player,Sarah Glenn,सारा ग्लेन,False,Q78170632,https://www.wikidata.org/wiki/Q78170632,2026-10-03T11:34:13.105074+00:00
62653085,player,Siya Gokhale,Siya Gokhale,True,Q114254236,https://www.wikidata.org/wiki/Q114254236,2026-10-03T11:33:57.600001+00:00
9de62878,player,Shadab Khan,शादाब खान,False,Q24005995,https://www.wikidata.org/wiki/Q24005995,2026-10-03T11:34:13.105074+00:00
d8f59089,player,Shafali Verma,शैफाली वर्मा,False,Q68462628,https://www.wikidata.org/wiki/Q68462628,2026-10-03T11:33:56.662400+00:00
0c40b02d,player,Shafina Mahesh,Shafina Mahesh,True,,https://query.wikidata.org/sparql,2026-10-03T11:33:56.662400+00:00
1a8eebbe,player,Shafiul Islam,शफीउल इस्लाम,False,Q3348262,https://www.wikidata.org/wiki/Q3348262,2026-10-03T11:34:00.828353+00:00
45a7e761,player,Shaheen Afridi,शाहीन अफरीदी,False,Q41105190,https://www.wikidata.org/wiki/Q41105190,2026-10-03T11:33:56.662400+00:00
0dc00542,player,Shahid Afridi,शाहिद अफरीदी,False,Q380445,https://www.wikidata.org/wiki/Q380445,2026-10-03T11:34:00.828353+00:00
faa8843f,player,Shahreeennawab,Shahreeennawab,True,,https://query.wikidata.org/sparql,2026-10-03T11:33:57.600001+00:00
7dc35884,player,Shakib Al Hasan,शाकिब अल हसन,False,Q266104,https://www.wikidata.org/wiki/Q266104,2026-10-03T11:34:13.105074+00:00
724645f5,player,Shamima Sultana,शमीमा सुल्ताना,False,Q16225609,https://www.wikidata.org/wiki/Q16225609,2026-10-03T11:34:02.405334+00:00
ce291858,player,Shanzeen Shahzad,Shanzeen Shahzad,True,,https://query.wikidata.org/sparql,2026-10-03T11:34:13.105074+00:00
84fdd3cf,player,Sharmin Akhter,शर्मिन अख्तर,False,Q15731333,https://www.wikidata.org/wiki/Q15731333,2026-10-03T11:34:02.405334+00:00
10ab6a37,player,SH Mohamedi,SH Mohamedi,True,,https://query.wikidata.org/sparql,2026-10-03T11:33:56.662400+00:00
10a91f35,player,Shoaib Akhtar,शोएब अख़्तर,False,Q738330,https://www.wikidata.org/wiki/Q738330,2026-10-03T11:34:00.828353+00:00
64c34cd0,player,Shoaib Malik,शोएब मलिक,False,Q3518507,https://www.wikidata.org/wiki/Q3518507,2026-10-03T11:34:00.828353+00:00
bb34fd31,player,Shariful Islam,शोरफुल इस्लाम,False,Q39901288,https://www.wikidata.org/wiki/Q39901288,2026-10-03T11:34:13.955263+00:00
89895ae1,player,Shorna Akter,Shorna Akter,True,Q116768935,https://www.wikidata.org/wiki/Q116768935,2026-10-03T11:33:57.600001+00:00
b4b99816,player,Shubman Gill,शुबमन,False,Q28840013,https://www.wikidata.org/wiki/Q28840013,2026-10-03T11:33:56.662400+00:00
72c9ad99,player,Sidra Ameen,सिदरा अमीन,False,Q15982044,https://www.wikidata.org/wiki/Q15982044,2026-10-03T11:34:00.828353+00:00
ca3ded6f,player,Sidra Nawaz,सिद्ध नवाज,False,Q18211214,https://www.wikidata.org/wiki/Q18211214,2026-10-03T11:34:02.402630+00:00
26d041c4,player,Sikandar Raza,सिकंदर रजा,False,Q7513554,https://www.wikidata.org/wiki/Q7513554,2026-10-03T11:34:00.828353+00:00
686b7194,player,Elsa Hunter,Elsa Hunter,True,Q114366615,https://www.wikidata.org/wiki/Q114366615,2026-10-03T11:33:56.662400+00:00
5838cb64,player,Inoshi Priyadharshani,Inoshi Priyadharshani,True,Q27049996,https://www.wikidata.org/wiki/Q27049996,2026-10-03T11:34:00.828353+00:00
3a9e9cb2,player,Sophia Dunkley,सोफिया डंकले,False,Q58495592,https://www.wikidata.org/wiki/Q58495592,2026-10-03T11:34:13.105074+00:00
108c4c09,player,Shabnim Ismail,शबनीम इस्माइल,False,Q7460129,https://www.wikidata.org/wiki/Q7460129,2026-10-03T11:33:57.602014+00:00
34304210,player,Sinalo Jafta,सिनालो जेटा,False,Q28363480,https://www.wikidata.org/wiki/Q28363480,2026-10-03T11:34:02.402630+00:00
2ca65aee,player,Sarah Bryce,सारा ब्राइस,False,Q28755637,https://www.wikidata.org/wiki/Q28755637,2026-10-03T11:34:13.105074+00:00
a5f488bc,player,Sarah Coyte,Sarah Coyte,True,Q7422215,https://www.wikidata.org/wiki/Q7422215,2026-10-03T11:34:00.828353+00:00
2daa8e40,player,Sibona Jimmy,सिबोना जिमी,False,Q28777214,https://www.wikidata.org/wiki/Q28777214,2026-10-03T11:34:13.105074+00:00
e6f36f83,player,Sarah Taylor,Sarah Taylor,True,Q3527116,https://www.wikidata.org/wiki/Q3527116,2026-10-03T11:33:57.600001+00:00
23917bf0,player,Sugeni Kananji,Sugeni Kananji,True,Q124476749,https://www.wikidata.org/wiki/Q124476749,2026-10-03T11:33:57.600001+00:00
3ac854ca,player,S Khiaoto,S Khiaoto,True,,https://query.wikidata.org/sparql,2026-10-03T11:33:56.662400+00:00
761c929e,player,S Kolcharam,S Kolcharam,True,,https://query.wikidata.org/sparql,2026-10-03T11:33:57.600001+00:00
6c8904c8,player,S Kotte,S Kotte,True,,https://query.wikidata.org/sparql,2026-10-03T11:33:56.662400+00:00
1dc12ab9,player,Suresh Raina,सुरेश रैना,False,Q3519505,https://www.wikidata.org/wiki/Q3519505,2026-10-03T11:34:00.828353+00:00
b410bd3d,player,Sandeep Lamichhane,सन्दीप लामिछाने,False,Q23884700,https://www.wikidata.org/wiki/Q23884700,2026-10-03T11:34:13.105074+00:00
4b15618c,player,Suleeporn Laomi,सुलेपॉर्न लाओमी,False,Q28755656,https://www.wikidata.org/wiki/Q28755656,2026-10-03T11:34:13.105074+00:00
02264be0,player,SL Gomez,SL Gomez,True,,https://query.wikidata.org/sparql,2026-10-03T11:33:56.662400+00:00
a289cfa0,player,S Lita D'Sa,S Lita D'Sa,True,,https://query.wikidata.org/sparql,2026-10-03T11:33:57.600001+00:00
2b150c6b,player,Sterre Kalis,स्टेरे कालिस,False,Q28777215,https://www.wikidata.org/wiki/Q28777215,2026-10-03T11:34:13.105074+00:00
a12e1d51,player,Lasith Malinga,लसिथ मलिंगा,False,Q2312779,https://www.wikidata.org/wiki/Q2312779,2026-10-03T11:34:02.402630+00:00
6d76bc23,player,Suné Luus,सुने लुस,False,Q16224770,https://www.wikidata.org/wiki/Q16224770,2026-10-03T11:34:02.402630+00:00
ef2bcebf,player,Sophie MacMahon,सोफी मैकमोहन,False,Q29947005,https://www.wikidata.org/wiki/Q29947005,2026-10-03T11:33:56.662400+00:00
5d2eda89,player,Smriti Mandhana,स्मृति मंधाना,False,Q16224802,https://www.wikidata.org/wiki/Q16224802,2026-10-03T11:34:13.105074+00:00
e7ba1233,player,Stuart Matsikenyeri,Stuart Matsikenyeri,True,Q3524592,https://www.wikidata.org/wiki/Q3524592,2026-10-03T11:34:02.405334+00:00
e94915e6,player,Sam Curran,सैम कर्रन,False,Q20676350,https://www.wikidata.org/wiki/Q20676350,2026-10-03T11:34:13.105074+00:00
7e9b3b60,player,Shauna Kavanagh,शौना कवानाघ,False,Q7491028,https://www.wikidata.org/wiki/Q7491028,2026-10-03T11:34:00.828353+00:00
91d9613e,player,Sharne Mayers,शार्न मेयर्स,False,Q28755641,https://www.wikidata.org/wiki/Q28755641,2026-10-03T11:34:00.828353+00:00
99e23670,player,Sophie Molineux,सोफी मोलिनक्स,False,Q28534060,https://www.wikidata.org/wiki/Q28534060,2026-10-03T11:34:13.105074+00:00
94de63bf,player,Sobhana Mostary,शोभना मोस्तरी,False,Q53437660,https://www.wikidata.org/wiki/Q53437660,2026-10-03T11:33:56.662400+00:00
88fccd6c,player,Shaun Pollock,शॉन पोलॉक,False,Q12454494,https://www.wikidata.org/wiki/Q12454494,2026-10-03T11:34:02.401104+00:00
f43dd8c2,player,Safyaan Sharif,सूफ़ियन शरीफ़,False,Q7398859,https://www.wikidata.org/wiki/Q7398859,2026-10-03T11:34:00.828353+00:00
4c4fa80b,player,Sachithra Senanayake,सचित्र सेनानायके,False,Q7396761,https://www.wikidata.org/wiki/Q7396761,2026-10-03T11:33:57.602014+00:00
bb641155,player,S Mtae,S Mtae,True,,https://query.wikidata.org/sparql,2026-10-03T11:33:56.662400+00:00
57fcfd3b,player,Sharvin Muniandy,शार्विन मुनियन,False,Q65768393,https://www.wikidata.org/wiki/Q65768393,2026-10-03T11:34:13.105074+00:00
91d9aa26,player,Stephanie Nampiina,स्टेफ़नी नम्पीना,False,Q55433711,https://www.wikidata.org/wiki/Q55433711,2026-10-03T11:33:56.662400+00:00
c8a3f688,player,Saurabh Netravalkar,सौरभ नेत्रावलकर,False,Q47291062,https://www.wikidata.org/wiki/Q47291062,2026-10-03T11:34:00.828353+00:00
1b3f7dbb,player,Sylvia Shihepo,सिल्विया शिहेपो,False,Q66771643,https://www.wikidata.org/wiki/Q66771643,2026-10-03T11:33:56.662400+00:00
1abb78f8,player,Shardul Thakur,शार्दुल ठाकुर,False,Q18638089,https://www.wikidata.org/wiki/Q18638089,2026-10-03T11:34:02.402630+00:00
4db71b2e,player,Sohail Ahmed,Sohail Ahmed,True,,https://query.wikidata.org/sparql,2026-10-03T11:34:13.955263+00:00
64d43928,player,Sohail Tanvir,सोहैल तनवीर,False,Q3535548,https://www.wikidata.org/wiki/Q3535548,2026-10-03T11:34:02.401104+00:00
48a1d7b7,player,Shimron Hetmyer,सिमरन हेटमायर,False,Q20631208,https://www.wikidata.org/wiki/Q20631208,2026-10-03T11:34:13.105074+00:00
1adb8ee8,player,Sompal Kami,सोमपाल कामी,False,Q16224519,https://www.wikidata.org/wiki/Q16224519,2026-10-03T11:34:13.105074+00:00
49118dc7,player,Shem Ngoche,शेम नोगोचे,False,Q7494057,https://www.wikidata.org/wiki/Q7494057,2026-10-03T11:34:00.828353+00:00
4d9f9686,player,Soumya Sarkar,सौम्य सरकार,False,Q7564598,https://www.wikidata.org/wiki/Q7564598,2026-10-03T11:34:02.401104+00:00
5463cb7a,player,Shikha Pandey,शिखा पांडे,False,Q16225078,https://www.wikidata.org/wiki/Q16225078,2026-10-03T11:34:02.401104+00:00
30a45b23,player,Steve Smith,स्टीव स्मिथ,False,Q7613970,https://www.wikidata.org/wiki/Q7613970,2026-10-03T11:33:57.602014+00:00
eea6b7f1,player,Stephen Fleming,स्टीफन फ्लेमिंग,False,Q3352116,https://www.wikidata.org/wiki/Q3352116,2026-10-03T11:34:00.828353+00:00
9d430b40,player,Sunil Narine,सुनील नारायण,False,Q7640331,https://www.wikidata.org/wiki/Q7640331,2026-10-03T11:33:57.600001+00:00
c4c374d9,player,Sneh Rana,स्नेह राणा,False,Q24005719,https://www.wikidata.org/wiki/Q24005719,2026-10-03T11:34:02.405334+00:00
61c22ad0,player,Sita Rana Magar,सिता मगर,False,Q47089235,https://www.wikidata.org/wiki/Q47089235,2026-10-03T11:34:02.402630+00:00
92cf79a8,player,Stafanie Taylor,स्टैफानी टेलर,False,Q4539653,https://www.wikidata.org/wiki/Q4539653,2026-10-03T11:34:00.828353+00:00
a9231c3f,player,Steven Taylor,स्टीवन टेलर (अमेरिकी क्रिकेटर),False,Q7615322,https://www.wikidata.org/wiki/Q7615322,2026-10-03T11:34:00.828353+00:00
d2c2b2d5,player,SR Tendulkar,सचिन तेंदुलकर,False,Q9488,https://www.wikidata.org/wiki/Q9488,2026-10-03T11:34:00.828353+00:00
4329fbb5,player,Shane Watson,शेन वॉटसन,False,Q2732224,https://www.wikidata.org/wiki/Q2732224,2026-10-03T11:34:13.105074+00:00
2f9a6bd1,player,Shamilia Connell,शमिलिया कोनेल,False,Q23772680,https://www.wikidata.org/wiki/Q23772680,2026-10-03T11:34:02.401104+00:00
a1d053dd,player,Sheldon Cottrell,शेल्डन कॉटरेल,False,Q16204822,https://www.wikidata.org/wiki/Q16204822,2026-10-03T11:34:02.402630+00:00
c2c975f9,player,Simon Ssesazi,साइमन सेसाज़ी,False,Q52315563,https://www.wikidata.org/wiki/Q52315563,2026-10-03T11:34:02.405334+00:00
9a58f2c8,player,Silver Siegers,सिल्वर सीजर्स,False,Q55433757,https://www.wikidata.org/wiki/Q55433757,2026-10-03T11:33:56.662400+00:00
85ec8e33,player,Shreyas Iyer,श्रेयस अय्यर,False,Q18705305,https://www.wikidata.org/wiki/Q18705305,2026-10-03T11:34:13.105074+00:00
594a0dec,player,S Sunday,S Sunday,True,,https://query.wikidata.org/sparql,2026-10-03T11:33:57.600001+00:00
5f862ccd,player,Sripali Weerakkody,Sripali Weerakkody,True,Q7586472,https://www.wikidata.org/wiki/Q7586472,2026-10-03T11:34:02.405334+00:00
ccdd8308,player,Steven Finn,स्टीवन फिन,False,Q3528258,https://www.wikidata.org/wiki/Q3528258,2026-10-03T11:33:57.600001+00:00
9c4b58db,player,Sornnarin Tippoch,सोरनारिन टिप्पोच,False,Q28755653,https://www.wikidata.org/wiki/Q28755653,2026-10-03T11:34:00.828353+00:00
f233bbb4,player,Sanath Jayasuriya,सनथ जयसूर्या,False,Q378810,https://www.wikidata.org/wiki/Q378810,2026-10-03T11:34:02.402630+00:00
13f7c5f4,player,S Tuhadeleni,S Tuhadeleni,True,,https://query.wikidata.org/sparql,2026-10-03T11:33:57.600001+00:00
c25d26dc,player,Sulaimon Runsewe,सुलेमान रनवे,False,Q70761173,https://www.wikidata.org/wiki/Q70761173,2026-10-03T11:33:56.662400+00:00
fb0c0bcc,player,Sultana Khatun,Sultana Khatun,True,Q124950016,https://www.wikidata.org/wiki/Q124950016,2026-10-03T11:33:57.600001+00:00
185e6c0c,player,Sushma Verma,सुषमा वर्मा,False,Q21064094,https://www.wikidata.org/wiki/Q21064094,2026-10-03T11:34:13.105074+00:00
f737ab44,player,S Vijay Unni,S Vijay Unni,True,,https://query.wikidata.org/sparql,2026-10-03T11:33:56.662400+00:00
a4cc73aa,player,Sanju Samson,संजु सैमसन,False,Q7418593,https://www.wikidata.org/wiki/Q7418593,2026-10-03T11:34:00.828353+00:00
f67ea6d2,player,S Walaza,S Walaza,True,,https://query.wikidata.org/sparql,2026-10-03T11:33:56.662400+00:00
89bbc67a,player,Suzie Bates,सूजी बेट्स,False,Q5010566,https://www.wikidata.org/wiki/Q5010566,2026-10-03T11:34:02.405334+00:00
6667067e,player,Syed Aziz,सैयद अजीज,False,Q30021270,https://www.wikidata.org/wiki/Q30021270,2026-10-03T11:34:13.105074+00:00
a818c1be,player,Trent Boult,ट्रेंट बोल्ट,False,Q12053380,https://www.wikidata.org/wiki/Q12053380,2026-10-03T11:34:00.828353+00:00
3b041a12,player,Tamim Iqbal,तमिम इक़बाल,False,Q3345580,https://www.wikidata.org/wiki/Q3345580,2026-10-03T11:34:13.105074+00:00
80fe764d,player,Tanzid Hasan,तंजीद हसन,False,Q61889500,https://www.wikidata.org/wiki/Q61889500,2026-10-03T11:34:13.955263+00:00
ef18b66e,player,Taskin Ahmed,तस्कीन अहमद,False,Q7687369,https://www.wikidata.org/wiki/Q7687369,2026-10-03T11:34:02.405334+00:00
9ffd1ac1,player,Temba Bavuma,तेम्बा बावुमा,False,Q7698004,https://www.wikidata.org/wiki/Q7698004,2026-10-03T11:34:00.828353+00:00
211dc1ce,player,Taniya Bhatia,तानिया भाटिया,False,Q48621444,https://www.wikidata.org/wiki/Q48621444,2026-10-03T11:34:13.105074+00:00
06659caa,player,Tazmin Brits,ताज़मिन ब्रिट्स,False,Q3516524,https://www.wikidata.org/wiki/Q3516524,2026-10-03T11:34:13.105074+00:00
53a5767d,player,Trisha Chetty,तृषा चेट्टी,False,Q3525864,https://www.wikidata.org/wiki/Q3525864,2026-10-03T11:33:57.602014+00:00
cc3884f9,player,Tremayne Smartt,Tremayne Smartt,True,Q16466537,https://www.wikidata.org/wiki/Q16466537,2026-10-03T11:34:00.828353+00:00
13c35c9e,player,Tim Southee,टीम साउथी,False,Q3529779,https://www.wikidata.org/wiki/Q3529779,2026-10-03T11:33:57.600001+00:00
f1f99156,player,Tim David,टिम डेविड,False,Q47009431,https://www.wikidata.org/wiki/Q47009431,2026-10-03T11:34:13.105074+00:00
ee3dcb3f,player,Theertha Satish,Theertha Satish,True,Q111826737,https://www.wikidata.org/wiki/Q111826737,2026-10-03T11:33:57.600001+00:00
d577d45a,player,TI Gajanayake,TI Gajanayake,True,,https://query.wikidata.org/sparql,2026-10-03T11:34:00.828353+00:00
5bbabe59,player,Tendai Chatara,तंदै चतरा,False,Q7699568,https://www.wikidata.org/wiki/Q7699568,2026-10-03T11:34:00.828353+00:00
4663bd23,player,Tim Seifert,टिम सेफर्ट,False,Q20745291,https://www.wikidata.org/wiki/Q20745291,2026-10-03T11:34:13.105074+00:00
1688f2dc,player,Tangeni Lungameni,तांगेनी लुंगामेनी,False,Q23799563,https://www.wikidata.org/wiki/Q23799563,2026-10-03T11:34:02.404741+00:00
3d5d51a5,player,Tadiwanashe Marumani,तदिवानाशे मारुमानी,False,Q106013766,https://www.wikidata.org/wiki/Q106013766,2026-10-03T11:34:13.105074+00:00
5bdcdb72,player,Tillakaratne Dilshan,तिलकरत्ने दिलशान,False,Q2724503,https://www.wikidata.org/wiki/Q2724503,2026-10-03T11:34:02.402630+00:00
12b610c2,player,Travis Head,ट्रेविस हेड,False,Q7836266,https://www.wikidata.org/wiki/Q7836266,2026-10-03T11:34:02.405334+00:00
ca5acfa4,player,Tahlia McGrath,तेहलिया मैकग्राथ,False,Q27921714,https://www.wikidata.org/wiki/Q27921714,2026-10-03T11:34:00.828353+00:00
9e52a414,player,Tawhid Hridoy,तौहीद हिरदॉय,False,Q41864142,https://www.wikidata.org/wiki/Q41864142,2026-10-03T11:34:13.955263+00:00
a82eb3fb,player,Tony Ura,टोनी उरा,False,Q7823606,https://www.wikidata.org/wiki/Q7823606,2026-10-03T11:34:00.828353+00:00
23e3f2d6,player,T Putthawong,T Putthawong,True,,https://query.wikidata.org/sparql,2026-10-03T11:33:56.662400+00:00
3697a0ff,player,Tanya Ruma,तान्या रुमा,False,Q28777218,https://www.wikidata.org/wiki/Q28777218,2026-10-03T11:34:13.105074+00:00
6d972d02,player,T Shadrack,T Shadrack,True,,https://query.wikidata.org/sparql,2026-10-03T11:33:56.662400+00:00
a03bba42,player,Tabraiz Shamsi,तबरेज शम्सी,False,Q18387474,https://www.wikidata.org/wiki/Q18387474,2026-10-03T11:34:00.828353+00:00
6e28e586,player,Tumi Sekhukhune,तुमी सेखुखुने,False,Q56641636,https://www.wikidata.org/wiki/Q56641636,2026-10-03T11:34:13.105074+00:00
75de770f,player,Tatenda Taibu,Tatenda Taibu,True,Q3529883,https://www.wikidata.org/wiki/Q3529883,2026-10-03T11:34:13.105074+00:00
57fb24e6,player,TT Aung,TT Aung,True,,https://query.wikidata.org/sparql,2026-10-03T11:33:56.662400+00:00
b2664905,player,Tammy Beaumont,टैमी बीअमोंट,False,Q7681566,https://www.wikidata.org/wiki/Q7681566,2026-10-03T11:34:00.828353+00:00
58043739,player,Tim Bresnan,Tim Bresnan,True,Q3529894,https://www.wikidata.org/wiki/Q3529894,2026-10-03T11:34:13.105074+00:00
59f44fde,player,TT Soe,TT Soe,True,,https://query.wikidata.org/sparql,2026-10-03T11:33:56.662400+00:00
0d56e9a5,player,Tuba Hassan,Tuba Hassan,True,Q112129120,https://www.wikidata.org/wiki/Q112129120,2026-10-03T11:33:57.600001+00:00
e824e6ee,player,Tom Latham,टॉम लाथम (क्रिकेटर),False,Q7816540,https://www.wikidata.org/wiki/Q7816540,2026-10-03T11:34:00.828353+00:00
b1f21c0f,player,T Zangmo,T Zangmo,True,,https://query.wikidata.org/sparql,2026-10-03T11:33:56.662400+00:00
caa99fcb,player,Udeni Dona,Udeni Dona,True,Q55433804,https://www.wikidata.org/wiki/Q55433804,2026-10-03T11:33:56.662400+00:00
821d7d46,player,Umaima Sohail,ओमिमा सोहेल,False,Q57078175,https://www.wikidata.org/wiki/Q57078175,2026-10-03T11:34:13.105074+00:00
fd2bf2a0,player,Umar Akmal,उमर अकमल,False,Q3183329,https://www.wikidata.org/wiki/Q3183329,2026-10-03T11:34:00.828353+00:00
16dfcc19,player,Umar Gul,उमर गुल,False,Q3535492,https://www.wikidata.org/wiki/Q3535492,2026-10-03T11:34:02.401104+00:00
6ee11109,player,Umm-e-Hani,Umm-e-Hani,True,Q116680846,https://www.wikidata.org/wiki/Q116680846,2026-10-03T11:33:57.600001+00:00
cc1e8c68,player,Umesh Yadav,उमेश यादव,False,Q3521468,https://www.wikidata.org/wiki/Q3521468,2026-10-03T11:34:00.828353+00:00
31c56f40,player,Vaishnave Mahesh,Vaishnave Mahesh,True,,https://query.wikidata.org/sparql,2026-10-03T11:33:56.662400+00:00
040f11e8,player,Vicky Araa,विक्की अरा,False,Q55433777,https://www.wikidata.org/wiki/Q55433777,2026-10-03T11:33:56.662400+00:00
cddafe26,player,Vriitya Aravind,वृत्ति अरविंद,False,Q72687829,https://www.wikidata.org/wiki/Q72687829,2026-10-03T11:33:56.662400+00:00
d758a366,player,Victoria Hamunyela,विक्टोरिया हामुनीला,False,Q66771652,https://www.wikidata.org/wiki/Q66771652,2026-10-03T11:33:56.662400+00:00
2a9eee66,player,Vikramjit Singh,Vikramjit Singh,True,Q69530741,https://www.wikidata.org/wiki/Q69530741,2026-10-03T11:33:56.662400+00:00
3775b9f9,player,Vinu Kumar,Vinu Kumar,True,,https://query.wikidata.org/sparql,2026-10-03T11:33:57.600001+00:00
415d30b6,player,Virandeep Singh,वीरदीप सिंह,False,Q30021342,https://www.wikidata.org/wiki/Q30021342,2026-10-03T11:34:13.105074+00:00
ba607b88,player,Virat Kohli,विराट कोहली,False,Q213854,https://www.wikidata.org/wiki/Q213854,2026-10-03T11:33:57.600001+00:00
c3f21798,player,Veda Krishnamurthy,वेद कृष्णमूर्ति,False,Q22957578,https://www.wikidata.org/wiki/Q22957578,2026-10-03T11:34:02.401104+00:00
2ae76bf6,player,V Ooko,V Ooko,True,,https://query.wikidata.org/sparql,2026-10-03T11:33:56.662400+00:00
8ba8195d,player,Virender Sehwag,वीरेंद्र सहवाग,False,Q3345479,https://www.wikidata.org/wiki/Q3345479,2026-10-03T11:34:00.828353+00:00
0fdabe05,player,Vusi Sibanda,वूसी सिबांडा,False,Q3524895,https://www.wikidata.org/wiki/Q3524895,2026-10-03T11:34:13.105074+00:00
7467fe01,player,Winifred Duraisingam,विनिफ्रेड दुरईसिंगम,False,Q55366832,https://www.wikidata.org/wiki/Q55366832,2026-10-03T11:34:00.828353+00:00
b3118300,player,Wahab Riaz,वहाब रियाज़,False,Q7564291,https://www.wikidata.org/wiki/Q7564291,2026-10-03T11:34:02.401104+00:00
bee0c85c,player,Wan Julia,वान जूलिया,False,Q55366884,https://www.wikidata.org/wiki/Q55366884,2026-10-03T11:33:56.662400+00:00
6f02fe2a,player,Waseem Muhammad,मुहम्मद वसीम (क्रिकेटर),False,Q108803714,https://www.wikidata.org/wiki/Q108803714,2026-10-03T11:33:57.600001+00:00
f19ccfad,player,Washington Sundar,वाशिंगटन सुंदर,False,Q24572606,https://www.wikidata.org/wiki/Q24572606,2026-10-03T11:34:13.105074+00:00
8afe73e2,player,Will Young,विल यंग,False,Q8003218,https://www.wikidata.org/wiki/Q8003218,2026-10-03T11:34:02.405334+00:00
0d677597,player,Wesley Barresi,Wesley Barresi,True,Q3529953,https://www.wikidata.org/wiki/Q3529953,2026-10-03T11:34:02.401104+00:00
29b89ae8,player,Boyd Rankin,बॉयड रंकिन,False,Q4952382,https://www.wikidata.org/wiki/Q4952382,2026-10-03T11:33:57.600001+00:00
3a60e0b5,player,Wayne Parnell,वेन पार्नेल,False,Q3521498,https://www.wikidata.org/wiki/Q3521498,2026-10-03T11:33:57.602014+00:00
550373ea,player,Achini Kulasuriya,अचिनी कुलसुरिया,False,Q27049123,https://www.wikidata.org/wiki/Q27049123,2026-10-03T11:34:13.105074+00:00
9caf69a1,player,Will Jacks,विल जैक्स,False,Q51879484,https://www.wikidata.org/wiki/Q51879484,2026-10-03T11:34:13.105074+00:00
9550470d,player,Avishka Fernando,अविष्का फर्नांडो,False,Q26704448,https://www.wikidata.org/wiki/Q26704448,2026-10-03T11:34:13.105074+00:00
c34a15e6,player,Kavisha Dilhari,कविशा दिलहरी,False,Q50809232,https://www.wikidata.org/wiki/Q50809232,2026-10-03T11:34:13.105074+00:00
6ab99b17,player,Emma Lai,एम्मा लाइ,False,Q28859846,https://www.wikidata.org/wiki/Q28859846,2026-10-03T11:34:13.105074+00:00
a879b92c,player,Wesley Madhevere,वेस्ले मधेवी,False,Q84599686,https://www.wikidata.org/wiki/Q84599686,2026-10-03T11:34:13.105074+00:00
5728635a,player,Wilka Mwatile,विल्का मवाटाइल,False,Q66771651,https://www.wikidata.org/wiki/Q66771651,2026-10-03T11:33:56.662400+00:00
4bc0a378,player,Wellington Masakadza,वेलिंगटन मसाकाद्ज़ा,False,Q18637703,https://www.wikidata.org/wiki/Q18637703,2026-10-03T11:34:13.105074+00:00
bcce309e,player,Chaminda Vaas,चमिंडा वास,False,Q2737023,https://www.wikidata.org/wiki/Q2737023,2026-10-03T11:34:02.402630+00:00
ec02b798,player,William Porterfield,विलियम पोरटर्फिल्ड,False,Q3530649,https://www.wikidata.org/wiki/Q3530649,2026-10-03T11:33:57.600001+00:00
7ed9fd56,player,Upul Tharanga,उपुल थरंगा,False,Q3523679,https://www.wikidata.org/wiki/Q3523679,2026-10-03T11:34:02.402630+00:00
502b2c81,player,Xavier Doherty,जेवियर डोहर्टी,False,Q8043234,https://www.wikidata.org/wiki/Q8043234,2026-10-03T11:34:02.402630+00:00
c9d05f1a,player,Yasim Murtaza,Yasim Murtaza,True,Q21622150,https://www.wikidata.org/wiki/Q21622150,2026-10-03T11:33:57.600001+00:00
ade5c0c0,player,Yasmeen Khan,यासमीन खान,False,Q66771641,https://www.wikidata.org/wiki/Q66771641,2026-10-03T11:33:56.662400+00:00
2038a273,player,Y Daswani,Y Daswani,True,,https://query.wikidata.org/sparql,2026-10-03T11:34:00.828353+00:00
9c3d4e8a,player,Yastika Bhatia,यास्तिका भाटिया,False,Q105700394,https://www.wikidata.org/wiki/Q105700394,2026-10-03T11:34:13.105074+00:00
3c6ffae8,player,Yusuf Pathan,यूसुफ खान पठान,False,Q3522100,https://www.wikidata.org/wiki/Q3522100,2026-10-03T11:34:00.828353+00:00
33cb3411,player,Younus Khan,युनुस खान,False,Q3352654,https://www.wikidata.org/wiki/Q3352654,2026-10-03T11:34:02.401104+00:00
57ee1fde,player,Yuzvendra Chahal,युज़वेन्द्र चहल,False,Q8062264,https://www.wikidata.org/wiki/Q8062264,2026-10-03T11:34:02.385328+00:00
1c914163,player,Yuvraj Singh,युवराज सिंह,False,Q2723790,https://www.wikidata.org/wiki/Q2723790,2026-10-03T11:34:00.828353+00:00
f0e293b0,player,Zahoor Farooqi,जहूर खान,False,Q28341374,https://www.wikidata.org/wiki/Q28341374,2026-10-03T11:34:00.828353+00:00
ba57fb08,player,Z Bimenyimana,Z Bimenyimana,True,,https://query.wikidata.org/sparql,2026-10-03T11:33:56.662400+00:00
3f2b40f0,player,Zeefa Jilani,Zeefa Jilani,True,,https://query.wikidata.org/sparql,2026-10-03T11:33:56.662400+00:00
987187b9,player,Zeeshan Ali,Zeeshan Ali,True,,https://query.wikidata.org/sparql,2026-10-03T11:34:00.828353+00:00
34464143,player,Zeeshan Maqsood,जीशान मकसूद,False,Q20744521,https://www.wikidata.org/wiki/Q20744521,2026-10-03T11:34:13.105074+00:00
8716233e,player,Zane Green,ज़ेन ग्रीन,False,Q19957947,https://www.wikidata.org/wiki/Q19957947,2026-10-03T11:34:13.105074+00:00
816af623,player,Zaida James,ज़ैदा जेम्स,False,Q107344841,https://www.wikidata.org/wiki/Q107344841,2026-10-03T11:33:57.600001+00:00
a4e98e6b,player,Z Kamara,Z Kamara,True,,https://query.wikidata.org/sparql,2026-10-03T11:33:56.662400+00:00
91a4a398,player,Zaheer Khan,ज़हीर ख़ान,False,Q2508461,https://www.wikidata.org/wiki/Q2508461,2026-10-03T11:34:00.828353+00:00
b5714cf9,player,ZL Win,ZL Win,True,,https://query.wikidata.org/sparql,2026-10-03T11:33:56.662400+00:00
3b492b8d,player,Zon Lin,Zon Lin,True,,https://query.wikidata.org/sparql,2026-10-03T11:33:56.662400+00:00
Africa XI,team,Africa XI,Africa XI,True,,https://query.wikidata.org/sparql,2026-10-03T11:34:19.701913+00:00
Argentina,team,Argentina,अर्जेण्टीना,False,Q414,https://www.wikidata.org/wiki/Q414,2026-10-03T11:34:19.701913+00:00
Asia XI,team,Asia XI,Asia XI,True,,https://query.wikidata.org/sparql,2026-10-03T11:34:19.701913+00:00
Australia,team,Australia,ऑस्ट्रेलिया,False,Q408,https://www.wikidata.org/wiki/Q408,2026-10-03T11:34:19.701913+00:00
Austria,team,Austria,ऑस्ट्रिया,False,Q40,https://www.wikidata.org/wiki/Q40,2026-10-03T11:34:19.701913+00:00
Bahamas,team,Bahamas,बहामास,False,Q778,https://www.wikidata.org/wiki/Q778,2026-10-03T11:34:19.701913+00:00
Bahrain,team,Bahrain,बहरीन,False,Q398,https://www.wikidata.org/wiki/Q398,2026-10-03T11:34:19.701913+00:00
Bangladesh,team,Bangladesh,बांग्लादेश,False,Q902,https://www.wikidata.org/wiki/Q902,2026-10-03T11:34:19.701913+00:00
Barbados,team,Barbados,बारबाडोस,False,Q244,https://www.wikidata.org/wiki/Q244,2026-10-03T11:34:19.701913+00:00
Belgium,team,Belgium,बेल्जियम,False,Q31,https://www.wikidata.org/wiki/Q31,2026-10-03T11:34:19.701913+00:00
Belize,team,Belize,बेलीज़,False,Q242,https://www.wikidata.org/wiki/Q242,2026-10-03T11:34:19.701913+00:00
Bermuda,team,Bermuda,Bermuda,True,,https://query.wikidata.org/sparql,2026-10-03T11:34:19.701913+00:00
Bhutan,team,Bhutan,भूटान,False,Q917,https://www.wikidata.org/wiki/Q917,2026-10-03T11:34:19.701913+00:00
Botswana,team,Botswana,बोत्सवाना,False,Q963,https://www.wikidata.org/wiki/Q963,2026-10-03T11:34:19.701913+00:00
Brazil,team,Brazil,ब्राज़ील,False,Q155,https://www.wikidata.org/wiki/Q155,2026-10-03T11:34:19.701913+00:00
Bulgaria,team,Bulgaria,बुल्गारिया,False,Q219,https://www.wikidata.org/wiki/Q219,2026-10-03T11:34:19.701913+00:00
Cambodia,team,Cambodia,कम्बोडिया,False,Q424,https://www.wikidata.org/wiki/Q424,2026-10-03T11:34:19.701913+00:00
Cameroon,team,Cameroon,कैमरुन,False,Q1009,https://www.wikidata.org/wiki/Q1009,2026-10-03T11:34:19.701913+00:00
Canada,team,Canada,कनाडा,False,Q16,https://www.wikidata.org/wiki/Q16,2026-10-03T11:34:19.701913+00:00
Cayman Islands,team,Cayman Islands,Cayman Islands,True,,https://query.wikidata.org/sparql,2026-10-03T11:34:19.701913+00:00
Chile,team,Chile,चिली,False,Q298,https://www.wikidata.org/wiki/Q298,2026-10-03T11:34:19.701913+00:00
China,team,China,China,True,,https://query.wikidata.org/sparql,2026-10-03T11:34:19.701913+00:00
Cook Islands,team,Cook Islands,कुक द्वीपसमूह,False,Q26988,https://www.wikidata.org/wiki/Q26988,2026-10-03T11:34:19.701913+00:00
Costa Rica,team,Costa Rica,कोस्टा रिका,False,Q800,https://www.wikidata.org/wiki/Q800,2026-10-03T11:34:19.701913+00:00
Croatia,team,Croatia,क्रोएशिया,False,Q224,https://www.wikidata.org/wiki/Q224,2026-10-03T11:34:19.701913+00:00
Cyprus,team,Cyprus,साइप्रस,False,Q229,https://www.wikidata.org/wiki/Q229,2026-10-03T11:34:19.701913+00:00
Czech Republic,team,Czech Republic,चेक गणराज्य,False,Q213,https://www.wikidata.org/wiki/Q213,2026-10-03T11:34:19.701913+00:00
Denmark,team,Denmark,Denmark,True,,https://query.wikidata.org/sparql,2026-10-03T11:34:19.701913+00:00
England,team,England,इंग्लैण्ड,False,Q21,https://www.wikidata.org/wiki/Q21,2026-10-03T11:34:19.701913+00:00
Estonia,team,Estonia,एस्टोनिया,False,Q191,https://www.wikidata.org/wiki/Q191,2026-10-03T11:34:19.701913+00:00
Eswatini,team,Eswatini,एस्वातीनी,False,Q1050,https://www.wikidata.org/wiki/Q1050,2026-10-03T11:34:19.701913+00:00
Fiji,team,Fiji,फ़िजी,False,Q712,https://www.wikidata.org/wiki/Q712,2026-10-03T11:34:19.701913+00:00
Finland,team,Finland,फ़िनलैण्ड,False,Q33,https://www.wikidata.org/wiki/Q33,2026-10-03T11:34:19.701913+00:00
France,team,France,फ़्रान्स,False,Q142,https://www.wikidata.org/wiki/Q142,2026-10-03T11:34:19.701913+00:00
Gambia,team,Gambia,गाम्बिया,False,Q1005,https://www.wikidata.org/wiki/Q1005,2026-10-03T11:34:19.701913+00:00
Germany,team,Germany,जर्मनी,False,Q183,https://www.wikidata.org/wiki/Q183,2026-10-03T11:34:19.701913+00:00
Ghana,team,Ghana,घाना,False,Q117,https://www.wikidata.org/wiki/Q117,2026-10-03T11:34:19.701913+00:00
Gibraltar,team,Gibraltar,जिब्राल्टर,False,Q1410,https://www.wikidata.org/wiki/Q1410,2026-10-03T11:34:19.701913+00:00
Greece,team,Greece,यूनान,False,Q41,https://www.wikidata.org/wiki/Q41,2026-10-03T11:34:19.701913+00:00
Guernsey,team,Guernsey,Guernsey,True,,https://query.wikidata.org/sparql,2026-10-03T11:34:19.701913+00:00
Hong Kong,team,Hong Kong,Hong Kong,True,,https://query.wikidata.org/sparql,2026-10-03T11:34:19.701913+00:00
Hungary,team,Hungary,हंगरी,False,Q28,https://www.wikidata.org/wiki/Q28,2026-10-03T11:34:19.701913+00:00
ICC World XI,team,ICC World XI,ICC World XI,True,,https://query.wikidata.org/sparql,2026-10-03T11:34:19.701913+00:00
India,team,India,भारत,False,Q668,https://www.wikidata.org/wiki/Q668,2026-10-03T11:34:19.701913+00:00
Indonesia,team,Indonesia,इंडोनेशिया,False,Q252,https://www.wikidata.org/wiki/Q252,2026-10-03T11:34:19.701913+00:00
Iran,team,Iran,ईरान,False,Q794,https://www.wikidata.org/wiki/Q794,2026-10-03T11:34:19.701913+00:00
Ireland,team,Ireland,आयरलैण्ड,False,Q27,https://www.wikidata.org/wiki/Q27,2026-10-03T11:34:19.701913+00:00
Isle of Man,team,Isle of Man,Isle of Man,True,,https://query.wikidata.org/sparql,2026-10-03T11:34:19.701913+00:00
Israel,team,Israel,इज़राइल,False,Q801,https://www.wikidata.org/wiki/Q801,2026-10-03T11:34:19.701913+00:00
Italy,team,Italy,इटली,False,Q38,https://www.wikidata.org/wiki/Q38,2026-10-03T11:34:19.701913+00:00
Ivory Coast,team,Ivory Coast,कोत दिव्वार,False,Q1008,https://www.wikidata.org/wiki/Q1008,2026-10-03T11:34:21.446361+00:00
Japan,team,Japan,जापान,False,Q17,https://www.wikidata.org/wiki/Q17,2026-10-03T11:34:21.446361+00:00
Jersey,team,Jersey,Jersey,True,,https://query.wikidata.org/sparql,2026-10-03T11:34:21.446361+00:00
Kenya,team,Kenya,केन्या,False,Q114,https://www.wikidata.org/wiki/Q114,2026-10-03T11:34:21.446361+00:00
Kuwait,team,Kuwait,कुवैत,False,Q817,https://www.wikidata.org/wiki/Q817,2026-10-03T11:34:21.446361+00:00
Lesotho,team,Lesotho,लेसोथो,False,Q1013,https://www.wikidata.org/wiki/Q1013,2026-10-03T11:34:21.446361+00:00
Luxembourg,team,Luxembourg,लक्ज़मबर्ग,False,Q32,https://www.wikidata.org/wiki/Q32,2026-10-03T11:34:21.446361+00:00
Malawi,team,Malawi,मलावी,False,Q1020,https://www.wikidata.org/wiki/Q1020,2026-10-03T11:34:21.446361+00:00
Malaysia,team,Malaysia,मलेशिया,False,Q833,https://www.wikidata.org/wiki/Q833,2026-10-03T11:34:21.446361+00:00
Maldives,team,Maldives,मालदीव,False,Q826,https://www.wikidata.org/wiki/Q826,2026-10-03T11:34:21.446361+00:00
Mali,team,Mali,माली,False,Q912,https://www.wikidata.org/wiki/Q912,2026-10-03T11:34:21.446361+00:00
Malta,team,Malta,माल्टा,False,Q233,https://www.wikidata.org/wiki/Q233,2026-10-03T11:34:21.446361+00:00
Mexico,team,Mexico,मेक्सिको,False,Q96,https://www.wikidata.org/wiki/Q96,2026-10-03T11:34:21.446361+00:00
Mongolia,team,Mongolia,मंगोलिया,False,Q711,https://www.wikidata.org/wiki/Q711,2026-10-03T11:34:21.446361+00:00
Mozambique,team,Mozambique,मोज़ाम्बीक,False,Q1029,https://www.wikidata.org/wiki/Q1029,2026-10-03T11:34:21.446361+00:00
Myanmar,team,Myanmar,म्यान्मार,False,Q836,https://www.wikidata.org/wiki/Q836,2026-10-03T11:34:21.446361+00:00
Namibia,team,Namibia,नामीबिया,False,Q1030,https://www.wikidata.org/wiki/Q1030,2026-10-03T11:34:21.446361+00:00
Nepal,team,Nepal,नेपाल,False,Q837,https://www.wikidata.org/wiki/Q837,2026-10-03T11:34:21.446361+00:00
Netherlands,team,Netherlands,Netherlands,True,,https://query.wikidata.org/sparql,2026-10-03T11:34:21.446361+00:00
New Zealand,team,New Zealand,न्यूज़ीलैण्ड,False,Q664,https://www.wikidata.org/wiki/Q664,2026-10-03T11:34:21.446361+00:00
Nigeria,team,Nigeria,नाइजीरिया,False,Q1033,https://www.wikidata.org/wiki/Q1033,2026-10-03T11:34:21.446361+00:00
Norway,team,Norway,नॉर्वे,False,Q20,https://www.wikidata.org/wiki/Q20,2026-10-03T11:34:21.446361+00:00
Oman,team,Oman,Oman,True,,https://query.wikidata.org/sparql,2026-10-03T11:34:21.446361+00:00
Pakistan,team,Pakistan,पाकिस्तान,False,Q843,https://www.wikidata.org/wiki/Q843,2026-10-03T11:34:21.446361+00:00
Panama,team,Panama,पनामा,False,Q804,https://www.wikidata.org/wiki/Q804,2026-10-03T11:34:21.446361+00:00
Papua New Guinea,team,Papua New Guinea,पापुआ न्यू गिनी,False,Q691,https://www.wikidata.org/wiki/Q691,2026-10-03T11:34:21.446361+00:00
Peru,team,Peru,पेरू,False,Q419,https://www.wikidata.org/wiki/Q419,2026-10-03T11:34:21.446361+00:00
Philippines,team,Philippines,फ़िलीपीन्स,False,Q928,https://www.wikidata.org/wiki/Q928,2026-10-03T11:34:21.446361+00:00
Portugal,team,Portugal,पुर्तगाल,False,Q45,https://www.wikidata.org/wiki/Q45,2026-10-03T11:34:21.446361+00:00
Qatar,team,Qatar,क़तर,False,Q846,https://www.wikidata.org/wiki/Q846,2026-10-03T11:34:21.446361+00:00
Romania,team,Romania,रोमानिया,False,Q218,https://www.wikidata.org/wiki/Q218,2026-10-03T11:34:21.446361+00:00
Rwanda,team,Rwanda,रवाण्डा,False,Q1037,https://www.wikidata.org/wiki/Q1037,2026-10-03T11:34:21.446361+00:00
Samoa,team,Samoa,समोआ,False,Q683,https://www.wikidata.org/wiki/Q683,2026-10-03T11:34:21.446361+00:00
Saudi Arabia,team,Saudi Arabia,सऊदी अरब,False,Q851,https://www.wikidata.org/wiki/Q851,2026-10-03T11:34:21.446361+00:00
Scotland,team,Scotland,स्कॉट्लैण्ड,False,Q22,https://www.wikidata.org/wiki/Q22,2026-10-03T11:34:21.446361+00:00
Serbia,team,Serbia,सर्बिया,False,Q403,https://www.wikidata.org/wiki/Q403,2026-10-03T11:34:21.446361+00:00
Seychelles,team,Seychelles,सेशेल्स,False,Q1042,https://www.wikidata.org/wiki/Q1042,2026-10-03T11:34:21.446361+00:00
Sierra Leone,team,Sierra Leone,सिएरा लियोन,False,Q1044,https://www.wikidata.org/wiki/Q1044,2026-10-03T11:34:21.446361+00:00
Singapore,team,Singapore,सिंगापुर,False,Q334,https://www.wikidata.org/wiki/Q334,2026-10-03T11:34:21.446361+00:00
Slovenia,team,Slovenia,स्लोवेनिया,False,Q215,https://www.wikidata.org/wiki/Q215,2026-10-03T11:34:21.446361+00:00
South Africa,team,South Africa,दक्षिण अफ़्रीका,False,Q258,https://www.wikidata.org/wiki/Q258,2026-10-03T11:34:21.446361+00:00
South Korea,team,South Korea,दक्षिण कोरिया,False,Q884,https://www.wikidata.org/wiki/Q884,2026-10-03T11:34:21.446361+00:00
Spain,team,Spain,Spain,True,,https://query.wikidata.org/sparql,2026-10-03T11:34:21.446361+00:00
Sri Lanka,team,Sri Lanka,श्रीलंका,False,Q854,https://www.wikidata.org/wiki/Q854,2026-10-03T11:34:21.446361+00:00
St Helena,team,St Helena,St Helena,True,,https://query.wikidata.org/sparql,2026-10-03T11:34:21.446361+00:00
Suriname,team,Suriname,सूरीनाम,False,Q730,https://www.wikidata.org/wiki/Q730,2026-10-03T11:34:21.446361+00:00
Swaziland,team,Swaziland,एस्वातीनी,False,Q1050,https://www.wikidata.org/wiki/Q1050,2026-10-03T11:34:21.446361+00:00
Sweden,team,Sweden,स्वीडन,False,Q34,https://www.wikidata.org/wiki/Q34,2026-10-03T11:34:21.446361+00:00
Switzerland,team,Switzerland,स्विट्ज़रलैण्ड,False,Q39,https://www.wikidata.org/wiki/Q39,2026-10-03T11:34:21.446361+00:00
Tanzania,team,Tanzania,तंज़ानिया,False,Q924,https://www.wikidata.org/wiki/Q924,2026-10-03T11:34:21.446361+00:00
Thailand,team,Thailand,थाईलैंड,False,Q869,https://www.wikidata.org/wiki/Q869,2026-10-03T11:34:22.351769+00:00
Timor-Leste,team,Timor-Leste,पूर्वी तिमोर,False,Q574,https://www.wikidata.org/wiki/Q574,2026-10-03T11:34:22.351769+00:00
Turkey,team,Turkey,तुर्की,False,Q43,https://www.wikidata.org/wiki/Q43,2026-10-03T11:34:22.351769+00:00
Turks and Caicos Island,team,Turks and Caicos Island,Turks and Caicos Island,True,,https://query.wikidata.org/sparql,2026-10-03T11:34:22.351769+00:00
Uganda,team,Uganda,युगाण्डा,False,Q1036,https://www.wikidata.org/wiki/Q1036,2026-10-03T11:34:22.351769+00:00
United Arab Emirates,team,United Arab Emirates,संयुक्त अरब अमीरात,False,Q878,https://www.wikidata.org/wiki/Q878,2026-10-03T11:34:22.351769+00:00
United States of America,team,United States of America,संयुक्त राज्य,False,Q30,https://www.wikidata.org/wiki/Q30,2026-10-03T11:34:22.351769+00:00
Uzbekistan,team,Uzbekistan,उज़्बेकिस्तान,False,Q265,https://www.wikidata.org/wiki/Q265,2026-10-03T11:34:22.351769+00:00
Vanuatu,team,Vanuatu,वानूआटू,False,Q686,https://www.wikidata.org/wiki/Q686,2026-10-03T11:34:22.351769+00:00
West Indies,team,West Indies,West Indies,True,,https://query.wikidata.org/sparql,2026-10-03T11:34:22.351769+00:00
Zambia,team,Zambia,ज़ाम्बिया,False,Q953,https://www.wikidata.org/wiki/Q953,2026-10-03T11:34:22.351769+00:00
Zimbabwe,team,Zimbabwe,ज़िम्बाब्वे,False,Q954,https://www.wikidata.org/wiki/Q954,2026-10-03T11:34:22.351769+00:00
cricinfo:54298,player,Debbie Hockley,Debbie Hockley,True,Q5247936,https://www.wikidata.org/wiki/Q5247936,2026-10-03T11:43:10.242849+00:00
golden:Sonam Yeshey,player,Sonam Yeshey,Sonam Yeshey,True,,https://query.wikidata.org/sparql,2026-10-03T11:43:08.848215+00:00
