entity_id,kind,name,label,fallback,wikidata_qid,source,fetched_at
4b0e3049,player,Aaliyah Alleyne,Aaliyah Alleyne,True,Q73157241,https://www.wikidata.org/wiki/Q73157241,2026-10-03T11:34:13.105074+00:00
25c73eb6,player,Abbi Aitken,Abbi Aitken,True,Q22957404,https://www.wikidata.org/wiki/Q22957404,2026-10-03T11:34:00.828353+00:00
7c1ba524,player,Anuja Patil,அனுஜா பாட்டீல்,False,Q4777767,https://www.wikidata.org/wiki/Q4777767,2026-10-03T11:34:13.105074+00:00
cd4d7695,player,Aarif Sheikh,Aarif Sheikh,True,Q17388748,https://www.wikidata.org/wiki/Q17388748,2026-10-03T11:34:13.105074+00:00
17aa4f1d,player,Aaron Jones,ஆரன் யோன்சு,False,Q22278432,https://www.wikidata.org/wiki/Q22278432,2026-10-03T11:34:13.105074+00:00
dcbea954,player,Aasif Sheikh,Aasif Sheikh,True,Q47087110,https://www.wikidata.org/wiki/Q47087110,2026-10-03T11:33:56.662400+00:00
d2d15439,player,Aayan Afzal Khan,Aayan Afzal Khan,True,Q114724632,https://www.wikidata.org/wiki/Q114724632,2026-10-03T11:33:57.600001+00:00
fa463154,player,Ajit Agarkar,அஜித் அகர்கர்,False,Q3520013,https://www.wikidata.org/wiki/Q3520013,2026-10-03T11:33:57.602014+00:00
6ef13460,player,Andrew Balbirnie,ஆண்ட்ரூ பால்பிர்னி,False,Q4756267,https://www.wikidata.org/wiki/Q4756267,2026-10-03T11:34:00.828353+00:00
c4487b84,player,AB de Villiers,ஏ பி டி வில்லியர்ஸ்,False,Q3011889,https://www.wikidata.org/wiki/Q3011889,2026-10-03T11:34:02.401104+00:00
0cfb42b5,player,Abdul Majid Abbasi,Abdul Majid Abbasi,True,,https://query.wikidata.org/sparql,2026-10-03T11:33:57.600001+00:00
390ff45b,player,Abdul Razzaq,அப்துல் ரசாக்,False,Q3202740,https://www.wikidata.org/wiki/Q3202740,2026-10-03T11:34:00.828353+00:00
888e32bf,player,Abdur Razzak,அப்துர் ரசாக்,False,Q3348179,https://www.wikidata.org/wiki/Q3348179,2026-10-03T11:34:13.105074+00:00
9565fda6,player,Amanjot Kaur,அமன்ஜோத் கவுர்,False,Q116417448,https://www.wikidata.org/wiki/Q116417448,2026-10-03T11:33:57.600001+00:00
dcf0e8f4,player,Anne Bosch,Anne Bosch,True,Q27921687,https://www.wikidata.org/wiki/Q27921687,2026-10-03T11:34:02.402630+00:00
053dc208,player,Arran Brindle,அர்ரன் பிரிண்டில்,False,Q4795832,https://www.wikidata.org/wiki/Q4795832,2026-10-03T11:34:02.405334+00:00
a2421394,player,Ashton Agar,ஆஷ்டன் அகார்,False,Q4806015,https://www.wikidata.org/wiki/Q4806015,2026-10-03T11:34:02.402630+00:00
ffd5fcd8,player,Ava Canning,Ava Canning,True,Q106959806,https://www.wikidata.org/wiki/Q106959806,2026-10-03T11:33:57.600001+00:00
910dd54e,player,Alice Capsey,Alice Capsey,True,Q106147249,https://www.wikidata.org/wiki/Q106147249,2026-10-03T11:33:56.662400+00:00
2b6e6dec,player,Adam Gilchrist,அடம் கில்கிறிஸ்ற்,False,Q349516,https://www.wikidata.org/wiki/Q349516,2026-10-03T11:34:02.405334+00:00
78fa5f6d,player,A Chandel,A Chandel,True,,https://query.wikidata.org/sparql,2026-10-03T11:33:57.600001+00:00
ac56b5a7,player,Chamari Atapattu,சமாரி அத்தப்பத்து,False,Q16230755,https://www.wikidata.org/wiki/Q16230755,2026-10-03T11:34:00.828353+00:00
7673c908,player,Amelia Kerr,Amelia Kerr,True,Q27898955,https://www.wikidata.org/wiki/Q27898955,2026-10-03T11:34:13.105074+00:00
66498395,player,Alana Dalzell,Alana Dalzell,True,Q112632048,https://www.wikidata.org/wiki/Q112632048,2026-10-03T11:33:57.600001+00:00
5b16a806,player,Akila Dananjaya,அகிலா தனஞ்செய,False,Q2829042,https://www.wikidata.org/wiki/Q2829042,2026-10-03T11:34:13.105074+00:00
d2b1f515,player,Annerie Dercksen,Annerie Dercksen,True,Q116643949,https://www.wikidata.org/wiki/Q116643949,2026-10-03T11:33:56.662400+00:00
92aeac25,player,Alex Hales,அலெக்ஸ் ஹேல்ஸ்,False,Q4717118,https://www.wikidata.org/wiki/Q4717118,2026-10-03T11:33:57.600001+00:00
896d78ad,player,Angelo Mathews,அஞ்செலோ மாத்தியூஸ்,False,Q3531300,https://www.wikidata.org/wiki/Q3531300,2026-10-03T11:34:02.402630+00:00
bbd41817,player,Andre Russell,ஆன்ட்ரே ரசல்,False,Q3531349,https://www.wikidata.org/wiki/Q3531349,2026-10-03T11:33:57.602014+00:00
1bae756b,player,Andre Fletcher,Andre Fletcher,True,Q4754780,https://www.wikidata.org/wiki/Q4754780,2026-10-03T11:34:02.402630+00:00
803dbf1d,player,Aryan Dutt,Aryan Dutt,True,Q106810295,https://www.wikidata.org/wiki/Q106810295,2026-10-03T11:33:57.600001+00:00
b05e45e4,player,Amy Jones,Amy Jones,True,Q16224496,https://www.wikidata.org/wiki/Q16224496,2026-10-03T11:34:02.402630+00:00
72b7ed1e,player,Amy Satterthwaite,Amy Satterthwaite,True,Q4749374,https://www.wikidata.org/wiki/Q4749374,2026-10-03T11:33:57.600001+00:00
37138918,player,Afif Hossain,அஃபிஃப் ஹொசைன்,False,Q27978942,https://www.wikidata.org/wiki/Q27978942,2026-10-03T11:34:13.105074+00:00
ddc0828d,player,Andrew Flintoff,ஆன்ட்ரூ பிளின்டொஃப்,False,Q95885,https://www.wikidata.org/wiki/Q95885,2026-10-03T11:33:57.600001+00:00
350bb1b1,player,Adam Milne,Adam Milne,True,Q4679499,https://www.wikidata.org/wiki/Q4679499,2026-10-03T11:34:02.401104+00:00
bc969efb,player,Ashleigh Gardner,Ashleigh Gardner,True,Q28542240,https://www.wikidata.org/wiki/Q28542240,2026-10-03T11:34:13.105074+00:00
9f0270e0,player,Graeme Cremer,Graeme Cremer,True,Q5592242,https://www.wikidata.org/wiki/Q5592242,2026-10-03T11:34:02.405334+00:00
89c16049,player,Salman Ali Agha,சல்மான் அலி ஆகா,False,Q21622685,https://www.wikidata.org/wiki/Q21622685,2026-10-03T11:34:13.105074+00:00
10854c82,player,Anju Gurung,Anju Gurung,True,Q111664158,https://www.wikidata.org/wiki/Q111664158,2026-10-03T11:33:56.662400+00:00
b5f30525,player,Ahmad Ramdoni,Ahmad Ramdoni,True,,https://query.wikidata.org/sparql,2026-10-03T11:33:56.662400+00:00
f61e2829,player,Abtaha Maqsood,Abtaha Maqsood,True,Q28758344,https://www.wikidata.org/wiki/Q28758344,2026-10-03T11:34:13.105074+00:00
f6b4f746,player,Ahmed Faiz,Ahmed Faiz,True,Q18350520,https://www.wikidata.org/wiki/Q18350520,2026-10-03T11:34:00.828353+00:00
79b4839e,player,Ahmed Raza,Ahmed Raza,True,Q4695981,https://www.wikidata.org/wiki/Q4695981,2026-10-03T11:33:57.600001+00:00
f8fd6e3f,player,Ahmed Shehzad,அகமது செசாத்,False,Q4696019,https://www.wikidata.org/wiki/Q4696019,2026-10-03T11:33:57.600001+00:00
afbc53ba,player,Ahmer Bin Nisar,Ahmer Bin Nisar,True,,https://query.wikidata.org/sparql,2026-10-03T11:34:13.105074+00:00
e8fa03ed,player,Amy Hunter,Amy Hunter,True,Q106959811,https://www.wikidata.org/wiki/Q106959811,2026-10-03T11:33:57.600001+00:00
9414a81c,player,AI Chudasama,AI Chudasama,True,,https://query.wikidata.org/sparql,2026-10-03T11:33:57.600001+00:00
6762a445,player,A Ikuzwe,A Ikuzwe,True,,https://query.wikidata.org/sparql,2026-10-03T11:33:56.662400+00:00
c736a96b,player,Aiman Anwer,Aiman Anwer,True,Q25750637,https://www.wikidata.org/wiki/Q25750637,2026-10-03T11:34:13.105074+00:00
31453abb,player,Aina Najwa,Aina Najwa,True,Q55366888,https://www.wikidata.org/wiki/Q55366888,2026-10-03T11:33:56.662400+00:00
4c7744de,player,Ainna Hamizah Hashim,Ainna Hamizah Hashim,True,Q55366875,https://www.wikidata.org/wiki/Q55366875,2026-10-03T11:33:56.662400+00:00
2cd18a73,player,Aisya Eleesa,Aisya Eleesa,True,Q116474094,https://www.wikidata.org/wiki/Q116474094,2026-10-03T11:33:56.662400+00:00
f6c2659d,player,Aizaz Khan,ஐசாஸ் கான்,False,Q4699426,https://www.wikidata.org/wiki/Q4699426,2026-10-03T11:34:00.828353+00:00
b9164a9b,player,Alex Blackwell,அலெக்ஸ் பிளாக்வெல்,False,Q3526026,https://www.wikidata.org/wiki/Q3526026,2026-10-03T11:34:02.405334+00:00
b8d490fd,player,Aaron Finch,ஆரன் பிஞ்ச்,False,Q4662015,https://www.wikidata.org/wiki/Q4662015,2026-10-03T11:34:02.405334+00:00
321644de,player,Alyssa Healy,அலீசா ஹீலி,False,Q4738765,https://www.wikidata.org/wiki/Q4738765,2026-10-03T11:33:57.602014+00:00
4d7f517e,player,Akeal Hosein,Akeal Hosein,True,Q22005214,https://www.wikidata.org/wiki/Q22005214,2026-10-03T11:34:02.405334+00:00
b68d14a9,player,Andrew Strauss,அன்ட்ரூ ஸ்ட்ராஸ்,False,Q507772,https://www.wikidata.org/wiki/Q507772,2026-10-03T11:33:57.600001+00:00
e92841c0,player,A Kano,A Kano,True,,https://query.wikidata.org/sparql,2026-10-03T11:33:56.662400+00:00
0d518f89,player,Ayabonga Khaka,Ayabonga Khaka,True,Q16730776,https://www.wikidata.org/wiki/Q16730776,2026-10-03T11:34:00.828353+00:00
83558266,player,Alana King,Alana King,True,Q42659874,https://www.wikidata.org/wiki/Q42659874,2026-10-03T11:34:13.105074+00:00
f888a374,player,Aimee Maguire,Aimee Maguire,True,Q134184131,https://www.wikidata.org/wiki/Q134184131,2026-10-03T11:33:57.600001+00:00
6a26221c,player,Aiden Markram,எய்டென் மார்க்ரம்,False,Q16236328,https://www.wikidata.org/wiki/Q16236328,2026-10-03T11:34:13.105074+00:00
eb9082b2,player,A Kohli,A Kohli,True,,https://query.wikidata.org/sparql,2026-10-03T11:33:56.662400+00:00
596982e6,player,Ali Dawood,Ali Dawood,True,,https://query.wikidata.org/sparql,2026-10-03T11:34:13.105074+00:00
090c0213,player,Ailsa Lister,Ailsa Lister,True,Q106959807,https://www.wikidata.org/wiki/Q106959807,2026-10-03T11:33:56.662400+00:00
2904b4b6,player,Aliya Riaz,ஆலியா ரியாசு,False,Q18211319,https://www.wikidata.org/wiki/Q18211319,2026-10-03T11:34:13.105074+00:00
ab6b1c45,player,Andile Phehlukwayo,Andile Phehlukwayo,True,Q20745176,https://www.wikidata.org/wiki/Q20745176,2026-10-03T11:34:02.405334+00:00
09a58e2d,player,Audrey Mazvishaya,Audrey Mazvishaya,True,Q108801774,https://www.wikidata.org/wiki/Q108801774,2026-10-03T11:34:02.405334+00:00
4ca3d67d,player,AM Kamara,AM Kamara,True,,https://query.wikidata.org/sparql,2026-10-03T11:33:56.662400+00:00
34e36b65,player,Ally Kimote,Ally Kimote,True,Q20744915,https://www.wikidata.org/wiki/Q20744915,2026-10-03T11:34:02.401104+00:00
44b53fba,player,Amna Tariq,Amna Tariq,True,,https://query.wikidata.org/sparql,2026-10-03T11:33:56.662400+00:00
a49985e6,player,Anisa Mohammed,Anisa Mohammed,True,Q4765292,https://www.wikidata.org/wiki/Q4765292,2026-10-03T11:34:02.405334+00:00
781f1a40,player,A Mokgotlhe,A Mokgotlhe,True,,https://query.wikidata.org/sparql,2026-10-03T11:33:56.662400+00:00
ae2c396f,player,Anna Peterson,Anna Peterson,True,Q24007016,https://www.wikidata.org/wiki/Q24007016,2026-10-03T11:34:00.828353+00:00
29e95537,player,Ajinkya Rahane,அஜின்க்யா ரகானே,False,Q137669,https://www.wikidata.org/wiki/Q137669,2026-10-03T11:34:00.828353+00:00
06653fcc,player,Anam Amin,Anam Amin,True,Q18162025,https://www.wikidata.org/wiki/Q18162025,2026-10-03T11:34:13.105074+00:00
f41598c1,player,Alastair Cook,அலஸ்டைர் குக்,False,Q500551,https://www.wikidata.org/wiki/Q500551,2026-10-03T11:33:56.662400+00:00
c8e6bddd,player,Ashley Ndiraya,Ashley Ndiraya,True,Q28755516,https://www.wikidata.org/wiki/Q28755516,2026-10-03T11:34:02.402630+00:00
96fd40ae,player,Ashish Nehra,ஆசீஷ் நேரா,False,Q3522120,https://www.wikidata.org/wiki/Q3522120,2026-10-03T11:34:00.828353+00:00
72275237,player,Anjar Tadarus,Anjar Tadarus,True,,https://query.wikidata.org/sparql,2026-10-03T11:33:56.662400+00:00
397369e0,player,Arlene Kelly,Arlene Kelly,True,Q112256714,https://www.wikidata.org/wiki/Q112256714,2026-10-03T11:34:13.105074+00:00
552b228c,player,Anshuman Rath,Anshuman Rath,True,Q18637904,https://www.wikidata.org/wiki/Q18637904,2026-10-03T11:34:02.401104+00:00
b3b39bed,player,Aaqib Ilyas,Aaqib Ilyas,True,Q28341347,https://www.wikidata.org/wiki/Q28341347,2026-10-03T11:34:13.105074+00:00
14157abf,player,Aqib Iqbal,Aqib Iqbal,True,,https://query.wikidata.org/sparql,2026-10-03T11:33:56.662400+00:00
eadc8924,player,Arundhati Reddy,அருந்ததி ரெட்டி,False,Q56678282,https://www.wikidata.org/wiki/Q56678282,2026-10-03T11:34:13.955263+00:00
e957b38f,player,Andrew McBrine,Andrew McBrine,True,Q16224833,https://www.wikidata.org/wiki/Q16224833,2026-10-03T11:34:00.828353+00:00
2e171977,player,Axar Patel,அக்சார் பட்டேல்,False,Q16225109,https://www.wikidata.org/wiki/Q16225109,2026-10-03T11:34:02.405334+00:00
244048f6,player,Arshdeep Singh,அர்ச்தீப் சிங்,False,Q60734086,https://www.wikidata.org/wiki/Q60734086,2026-10-03T11:33:56.662400+00:00
04e145f4,player,A Salomao,A Salomao,True,,https://query.wikidata.org/sparql,2026-10-03T11:33:56.662400+00:00
06cad4f0,player,Alishan Sharafu,அலிசான் சரபு,False,Q104717338,https://www.wikidata.org/wiki/Q104717338,2026-10-03T11:33:56.662400+00:00
32497ecd,player,Anya Shrubsole,அன்யா சுருப்சோல்,False,Q4778211,https://www.wikidata.org/wiki/Q4778211,2026-10-03T11:33:57.600001+00:00
0a4736eb,player,Asif Ali,ஆசிப் அலி (துடுப்பாட்டக்காரர்),False,Q22958372,https://www.wikidata.org/wiki/Q22958372,2026-10-03T11:34:02.402630+00:00
074acfb4,player,Asif Khan,Asif Khan,True,Q21621679,https://www.wikidata.org/wiki/Q21621679,2026-10-03T11:34:00.828353+00:00
b0946605,player,Alzarri Joseph,Alzarri Joseph,True,Q22005697,https://www.wikidata.org/wiki/Q22005697,2026-10-03T11:34:13.105074+00:00
98dfe425,player,Asmavia Iqbal,அஸ்மாவியா இக்பால்,False,Q4807429,https://www.wikidata.org/wiki/Q4807429,2026-10-03T11:33:57.600001+00:00
26b3df21,player,AS Qwele,AS Qwele,True,,https://query.wikidata.org/sparql,2026-10-03T11:33:56.662400+00:00
42d9dd09,player,Afy Fletcher,Afy Fletcher,True,Q23772672,https://www.wikidata.org/wiki/Q23772672,2026-10-03T11:34:00.828353+00:00
14baca9f,player,Andrie Steyn,Andrie Steyn,True,Q24088568,https://www.wikidata.org/wiki/Q24088568,2026-10-03T11:34:02.402630+00:00
65d9b6b6,player,Annabel Sutherland,Annabel Sutherland,True,Q60474182,https://www.wikidata.org/wiki/Q60474182,2026-10-03T11:33:56.662400+00:00
43a2244f,player,Aphisara Suwanchonrathi,Aphisara Suwanchonrathi,True,Q116471429,https://www.wikidata.org/wiki/Q116471429,2026-10-03T11:33:57.600001+00:00
bd77eb62,player,Andrew Symonds,ஆன்ட்ரூ சைமன்ஸ்,False,Q2723418,https://www.wikidata.org/wiki/Q2723418,2026-10-03T11:34:13.105074+00:00
69d03465,player,Alex Carey,அலெக்சு கேரி,False,Q24005538,https://www.wikidata.org/wiki/Q24005538,2026-10-03T11:34:00.828353+00:00
249d60c9,player,Adil Rashid,எடில் ரசீட்,False,Q4682815,https://www.wikidata.org/wiki/Q4682815,2026-10-03T11:33:57.600001+00:00
72e60730,player,Assad Vala,Assad Vala,True,Q18638006,https://www.wikidata.org/wiki/Q18638006,2026-10-03T11:33:57.600001+00:00
02610bad,player,Adri van der Merwe,Adri van der Merwe,True,Q66771642,https://www.wikidata.org/wiki/Q66771642,2026-10-03T11:33:56.662400+00:00
44d6a8b8,player,Ayan Khan,Ayan Khan,True,Q27899086,https://www.wikidata.org/wiki/Q27899086,2026-10-03T11:34:13.105074+00:00
2f899a44,player,Ayasha Rahman,ஆயஷா ரஹ்மான்,False,Q15730198,https://www.wikidata.org/wiki/Q15730198,2026-10-03T11:34:00.828353+00:00
8c2c0a03,player,Ayesha Naseem,Ayesha Naseem,True,,https://query.wikidata.org/sparql,2026-10-03T11:33:57.600001+00:00
e15f4fa4,player,Ayesha Zafar,Ayesha Zafar,True,Q21623368,https://www.wikidata.org/wiki/Q21623368,2026-10-03T11:34:13.105074+00:00
37ceee4e,player,Aysha,Aysha,True,,https://query.wikidata.org/sparql,2026-10-03T11:33:57.600001+00:00
14f96089,player,Adam Zampa,ஆடம் சம்பா,False,Q16225921,https://www.wikidata.org/wiki/Q16225921,2026-10-03T11:34:00.828353+00:00
8a75e999,player,Mohammad Babar Azam,பாபர் அசாம்,False,Q4837515,https://www.wikidata.org/wiki/Q4837515,2026-10-03T11:34:00.828353+00:00
fbb657bb,player,Babar Hayat,Babar Hayat,True,Q15966602,https://www.wikidata.org/wiki/Q15966602,2026-10-03T11:34:02.405334+00:00
7fca84b7,player,Brandon King,Brandon King,True,Q20744916,https://www.wikidata.org/wiki/Q20744916,2026-10-03T11:34:13.105074+00:00
adbf0400,player,Basil Hameed,பசில் அமீட்,False,Q77709013,https://www.wikidata.org/wiki/Q77709013,2026-10-03T11:33:57.600001+00:00
e087956b,player,Ben Stokes,பென் ஸ்டோக்ஸ்,False,Q4886521,https://www.wikidata.org/wiki/Q4886521,2026-10-03T11:34:00.828353+00:00
ea0cdc12,player,Ajantha Mendis,அஜந்த மென்டிஸ்,False,Q2480608,https://www.wikidata.org/wiki/Q2480608,2026-10-03T11:33:57.602014+00:00
564afdcf,player,Bernadine Bezuidenhout,Bernadine Bezuidenhout,True,Q24062451,https://www.wikidata.org/wiki/Q24062451,2026-10-03T11:34:02.402630+00:00
8a522c6c,player,B Biza,B Biza,True,,https://query.wikidata.org/sparql,2026-10-03T11:33:57.600001+00:00
b8a55852,player,Brendon McCullum,பிரண்டன் மெக்கல்லம்,False,Q3345051,https://www.wikidata.org/wiki/Q3345051,2026-10-03T11:34:00.828353+00:00
d5403021,player,Brian Lara,பிறயன் லாறா,False,Q202877,https://www.wikidata.org/wiki/Q202877,2026-10-03T11:34:02.404741+00:00
ac0edb42,player,Britney Cooper,Britney Cooper,True,Q16728187,https://www.wikidata.org/wiki/Q16728187,2026-10-03T11:34:00.828353+00:00
b3020075,player,Babette de Leede,Babette de Leede,True,Q28777182,https://www.wikidata.org/wiki/Q28777182,2026-10-03T11:34:13.105074+00:00
fc4375ef,player,Bas de Leede,பாஸ் டி லீட்,False,Q41312679,https://www.wikidata.org/wiki/Q41312679,2026-10-03T11:33:56.662400+00:00
dcdb87f2,player,Bilal Khan,Bilal Khan,True,Q21642657,https://www.wikidata.org/wiki/Q21642657,2026-10-03T11:34:13.105074+00:00
3b770527,player,Bismah Maroof,பிஸ்மாஹ் மஹ்ரூப்,False,Q4918276,https://www.wikidata.org/wiki/Q4918276,2026-10-03T11:33:57.602014+00:00
eaa36b2a,player,Brian Bennett,Brian Bennett,True,Q123997904,https://www.wikidata.org/wiki/Q123997904,2026-10-03T11:33:56.662400+00:00
124b57a7,player,Belinda Clark,பெலிண்டா கிளார்க்,False,Q3195953,https://www.wikidata.org/wiki/Q3195953,2026-10-03T11:43:10.242849+00:00
b0c772ee,player,Brad Haddin,பிராட் ஹாடின்,False,Q2923403,https://www.wikidata.org/wiki/Q2923403,2026-10-03T11:34:02.405334+00:00
3766056b,player,Barry McCarthy,Barry McCarthy,True,Q21062028,https://www.wikidata.org/wiki/Q21062028,2026-10-03T11:34:00.828353+00:00
436c763a,player,Brandon McMullen,Brandon McMullen,True,Q119960964,https://www.wikidata.org/wiki/Q119960964,2026-10-03T11:34:13.105074+00:00
5d1e7582,player,Kusal Mendis,குசல் மெண்டிசு,False,Q20745045,https://www.wikidata.org/wiki/Q20745045,2026-10-03T11:34:13.105074+00:00
2e81a32d,player,Bhuvneshwar Kumar,புவனேசுவர் குமார்,False,Q2003153,https://www.wikidata.org/wiki/Q2003153,2026-10-03T11:34:00.828353+00:00
dd09ff8e,player,Brett Lee,பிறெட் லீ,False,Q422980,https://www.wikidata.org/wiki/Q422980,2026-10-03T11:34:13.105074+00:00
52d1dbc8,player,Beth Mooney,Beth Mooney,True,Q16224916,https://www.wikidata.org/wiki/Q16224916,2026-10-03T11:34:00.828353+00:00
9868bc75,player,Jeevan Mendis,ஜீவன் மென்டிஸ்,False,Q3531176,https://www.wikidata.org/wiki/Q3531176,2026-10-03T11:34:02.402630+00:00
efb6cb2a,player,Brooke Halliday,Brooke Halliday,True,Q105627790,https://www.wikidata.org/wiki/Q105627790,2026-10-03T11:34:13.105074+00:00
e85d03d6,player,Bernard Scholtz,Bernard Scholtz,True,Q4893629,https://www.wikidata.org/wiki/Q4893629,2026-10-03T11:34:00.828353+00:00
b55fb828,player,Sugandika Kumari,Sugandika Kumari,True,Q27049122,https://www.wikidata.org/wiki/Q27049122,2026-10-03T11:34:13.105074+00:00
2d4317da,player,B Murekatete,B Murekatete,True,,https://query.wikidata.org/sparql,2026-10-03T11:33:57.600001+00:00
449f4e3c,player,Blessing Muzarabani,Blessing Muzarabani,True,Q41585980,https://www.wikidata.org/wiki/Q41585980,2026-10-03T11:34:13.105074+00:00
4d1cc284,player,Bindu Rawal,Bindu Rawal,True,Q108561851,https://www.wikidata.org/wiki/Q108561851,2026-10-03T11:33:56.662400+00:00
53597be1,player,Brendan Taylor,பிரென்டன் டைய்லர்,False,Q620283,https://www.wikidata.org/wiki/Q620283,2026-10-03T11:34:13.105074+00:00
f50ca46d,player,B Shanti,B Shanti,True,,https://query.wikidata.org/sparql,2026-10-03T11:33:57.600001+00:00
3a6cbb8e,player,Brenda Tau,Brenda Tau,True,Q28777183,https://www.wikidata.org/wiki/Q28777183,2026-10-03T11:34:13.105074+00:00
a9fabff4,player,Yashoda Mendis,Yashoda Mendis,True,Q16231441,https://www.wikidata.org/wiki/Q16231441,2026-10-03T11:34:02.402630+00:00
d92d3563,player,Chloe Abel,Chloe Abel,True,Q125857309,https://www.wikidata.org/wiki/Q125857309,2026-10-03T11:33:57.600001+00:00
75820733,player,Chinelle Henry,Chinelle Henry,True,Q16466563,https://www.wikidata.org/wiki/Q16466563,2026-10-03T11:34:02.401104+00:00
9920dd86,player,Chad Soper,Chad Soper,True,Q21063290,https://www.wikidata.org/wiki/Q21063290,2026-10-03T11:34:13.105074+00:00
01c1b96c,player,Concy Aweko,Concy Aweko,True,Q55433689,https://www.wikidata.org/wiki/Q55433689,2026-10-03T11:34:00.828353+00:00
bd0a4a7d,player,Craig Young,Craig Young,True,Q16225917,https://www.wikidata.org/wiki/Q16225917,2026-10-03T11:34:00.828353+00:00
49691d7a,player,Christopher Mpofu,Christopher Mpofu,True,Q5112913,https://www.wikidata.org/wiki/Q5112913,2026-10-03T11:34:02.405334+00:00
478a63e7,player,Curtis Campher,Curtis Campher,True,Q87255031,https://www.wikidata.org/wiki/Q87255031,2026-10-03T11:34:13.105074+00:00
94d7f855,player,Colin de Grandhomme,கொலின் டி கிரான்ஹோம்,False,Q5145709,https://www.wikidata.org/wiki/Q5145709,2026-10-03T11:34:02.405334+00:00
c6a019f5,player,Caroline de Lange,Caroline de Lange,True,Q66310410,https://www.wikidata.org/wiki/Q66310410,2026-10-03T11:34:13.105074+00:00
c6625a26,player,Charlie Dean,Charlie Dean,True,Q106241375,https://www.wikidata.org/wiki/Q106241375,2026-10-03T11:33:56.662400+00:00
c4022bff,player,Chan Ka Man,Chan Ka Man,True,,https://query.wikidata.org/sparql,2026-10-03T11:33:57.602014+00:00
77b26349,player,Chaya Mughal,Chaya Mughal,True,Q55433725,https://www.wikidata.org/wiki/Q55433725,2026-10-03T11:33:56.662400+00:00
db584dad,player,CH Gayle,கிறிஸ் கெயில்,False,Q2732196,https://www.wikidata.org/wiki/Q2732196,2026-10-03T11:34:02.404741+00:00
4d84ad05,player,CJA Amini,CJA Amini,True,,https://query.wikidata.org/sparql,2026-10-03T11:34:00.828353+00:00
8abdf100,player,Corey Anderson,கோரி ஆன்டர்சன்,False,Q5170329,https://www.wikidata.org/wiki/Q5170329,2026-10-03T11:33:57.602014+00:00
f32dbc84,player,Chamu Chibhabha,சாமு சிபாபா,False,Q3525078,https://www.wikidata.org/wiki/Q3525078,2026-10-03T11:34:02.405334+00:00
ffe699c0,player,Chris Jordan,கிரிஸ் ஜோர்டான்,False,Q5107047,https://www.wikidata.org/wiki/Q5107047,2026-10-03T11:34:00.828353+00:00
1e960f2a,player,Craig Kieswetter,கிரேய்க் கீஸ்வெட்டர்,False,Q5181117,https://www.wikidata.org/wiki/Q5181117,2026-10-03T11:33:57.600001+00:00
cfad138c,player,Chamara Kapugedera,சமர கப்புகெதர,False,Q3529872,https://www.wikidata.org/wiki/Q3529872,2026-10-03T11:33:57.600001+00:00
d1c94b25,player,Charl Langeveldt,சால் லேன்ஜ்வல்ட்,False,Q3520841,https://www.wikidata.org/wiki/Q3520841,2026-10-03T11:34:02.401104+00:00
4d4605e6,player,Chloe Tryon,Chloe Tryon,True,Q5102889,https://www.wikidata.org/wiki/Q5102889,2026-10-03T11:34:02.401104+00:00
d0513f63,player,Cameron White,கேமரன் வைட்,False,Q2748521,https://www.wikidata.org/wiki/Q2748521,2026-10-03T11:34:13.105074+00:00
bb4d1237,player,C Magaia,C Magaia,True,,https://query.wikidata.org/sparql,2026-10-03T11:33:56.662400+00:00
3250b7db,player,C Mahamalage,C Mahamalage,True,,https://query.wikidata.org/sparql,2026-10-03T11:33:57.600001+00:00
60e11a00,player,Clare Shillington,Clare Shillington,True,Q16221585,https://www.wikidata.org/wiki/Q16221585,2026-10-03T11:34:02.405334+00:00
d4188b60,player,Charlotte Edwards,சார்லட் எட்வர்ட்சு,False,Q3526063,https://www.wikidata.org/wiki/Q3526063,2026-10-03T11:34:02.405334+00:00
f1328a90,player,Christina Gough,கிறிஸ்டினா கோஃப்,False,Q65030710,https://www.wikidata.org/wiki/Q65030710,2026-10-03T11:34:13.105074+00:00
af2c687b,player,Colin Munro,Colin Munro,True,Q5145435,https://www.wikidata.org/wiki/Q5145435,2026-10-03T11:33:57.600001+00:00
5a50471c,player,Cara Murray,Cara Murray,True,Q54861582,https://www.wikidata.org/wiki/Q54861582,2026-10-03T11:33:56.662400+00:00
56418eae,player,Cecelia Joyce,சிசிலியா ஜாய்ஸ்,False,Q12978229,https://www.wikidata.org/wiki/Q12978229,2026-10-03T11:34:02.405334+00:00
639000b6,player,Chedean Nation,Chedean Nation,True,Q23884120,https://www.wikidata.org/wiki/Q23884120,2026-10-03T11:34:00.828353+00:00
5680f1ad,player,Collins Obuya,கொலின்ஸ் ஒபுயா,False,Q3531610,https://www.wikidata.org/wiki/Q3531610,2026-10-03T11:33:57.600001+00:00
e342e5fb,player,Carlos Brathwaite,Carlos Brathwaite,True,Q18684975,https://www.wikidata.org/wiki/Q18684975,2026-10-03T11:34:02.401104+00:00
342d8ade,player,Dilhara Fernando,தில்லார பர்னான்டோ,False,Q3537609,https://www.wikidata.org/wiki/Q3537609,2026-10-03T11:34:02.402630+00:00
c96311d4,player,Craig Ervine,Craig Ervine,True,Q16209446,https://www.wikidata.org/wiki/Q16209446,2026-10-03T11:34:02.405334+00:00
bff0535a,player,Chamani Seneviratne,ஷாமனி செனவிரத்ன,False,Q5069452,https://www.wikidata.org/wiki/Q5069452,2026-10-03T11:34:02.405334+00:00
8088632c,player,C Rububagumya,C Rububagumya,True,,https://query.wikidata.org/sparql,2026-10-03T11:33:56.662400+00:00
4c5d73db,player,Chris Woakes,கிரிஸ் வோகஸ்,False,Q5108508,https://www.wikidata.org/wiki/Q5108508,2026-10-03T11:33:57.600001+00:00
fb9a8cc3,player,Cherry-Ann Fraser,Cherry-Ann Fraser,True,Q85748527,https://www.wikidata.org/wiki/Q85748527,2026-10-03T11:33:57.600001+00:00
9c376401,player,Calum MacLeod,Calum MacLeod,True,Q3997291,https://www.wikidata.org/wiki/Q3997291,2026-10-03T11:33:57.600001+00:00
99c86133,player,Chipo Mugeri,Chipo Mugeri,True,Q22007070,https://www.wikidata.org/wiki/Q22007070,2026-10-03T11:34:00.828353+00:00
f6ddfe08,player,Chanida Sutthiruang,Chanida Sutthiruang,True,Q28755523,https://www.wikidata.org/wiki/Q28755523,2026-10-03T11:34:13.105074+00:00
8d7fba79,player,Chiedza Dhururu,Chiedza Dhururu,True,Q108801708,https://www.wikidata.org/wiki/Q108801708,2026-10-03T11:33:56.662400+00:00
808bb510,player,C Uwase,C Uwase,True,,https://query.wikidata.org/sparql,2026-10-03T11:33:57.600001+00:00
d67d5f00,player,David Miller,டேவிட் மில்லர்,False,Q6828449,https://www.wikidata.org/wiki/Q6828449,2026-10-03T11:34:00.828353+00:00
dcce6f09,player,David Warner,டேவிட் வார்னர்,False,Q3018962,https://www.wikidata.org/wiki/Q3018962,2026-10-03T11:33:57.600001+00:00
2e81be88,player,Darcie Brown,Darcie Brown,True,Q100893904,https://www.wikidata.org/wiki/Q100893904,2026-10-03T11:34:00.828353+00:00
201fef33,player,Deepti Sharma,தீப்தி சர்மா,False,Q21622838,https://www.wikidata.org/wiki/Q21622838,2026-10-03T11:34:13.105074+00:00
b0dc5d0d,player,D Dhingra,D Dhingra,True,,https://query.wikidata.org/sparql,2026-10-03T11:33:57.600001+00:00
c3394c16,player,Darcey Carter,Darcey Carter,True,Q120269999,https://www.wikidata.org/wiki/Q120269999,2026-10-03T11:33:57.600001+00:00
5596d5bf,player,Dietlind Foerster,Dietlind Foerster,True,Q66771654,https://www.wikidata.org/wiki/Q66771654,2026-10-03T11:33:56.662400+00:00
ea8b65ab,player,Danielle Hazell,Danielle Hazell,True,Q5219380,https://www.wikidata.org/wiki/Q5219380,2026-10-03T11:34:00.828353+00:00
1d6ff329,player,Dayalan Hemalatha,தயாளன் ஹேமலதா,False,Q28474056,https://www.wikidata.org/wiki/Q28474056,2026-10-03T11:34:13.955263+00:00
f8c72766,player,Dillon Heyliger,Dillon Heyliger,True,Q48075022,https://www.wikidata.org/wiki/Q48075022,2026-10-03T11:33:56.662400+00:00
a51e6c6e,player,Diana Baig,Diana Baig,True,Q5271091,https://www.wikidata.org/wiki/Q5271091,2026-10-03T11:34:13.105074+00:00
f2670a3d,player,Dilara Akter,Dilara Akter,True,Q116770037,https://www.wikidata.org/wiki/Q116770037,2026-10-03T11:33:57.600001+00:00
87e562a9,player,Dwayne Bravo,டுவைன் பிராவோ,False,Q3038629,https://www.wikidata.org/wiki/Q3038629,2026-10-03T11:34:02.402630+00:00
c03c6200,player,Darren Sammy,டாரென் சமி,False,Q117743,https://www.wikidata.org/wiki/Q117743,2026-10-03T11:34:02.405334+00:00
a62f55ba,player,DJ Hawoe,DJ Hawoe,True,,https://query.wikidata.org/sparql,2026-10-03T11:33:56.662400+00:00
fd835ab3,player,David Hussey,டேவிட் ஹசி,False,Q672856,https://www.wikidata.org/wiki/Q672856,2026-10-03T11:34:13.105074+00:00
ad9c32a2,player,Dawid Malan,டேவின் ஜொகானஸ் மலான்,False,Q5242349,https://www.wikidata.org/wiki/Q5242349,2026-10-03T11:33:57.600001+00:00
eade4650,player,Daryl Mitchell,தரில் மிட்செல்,False,Q21622066,https://www.wikidata.org/wiki/Q21622066,2026-10-03T11:34:00.828353+00:00
53bee17f,player,Deandra Dottin,டியாண்ட்ரா டோட்டின்,False,Q5246692,https://www.wikidata.org/wiki/Q5246692,2026-10-03T11:34:00.828353+00:00
7f048519,player,David Willey,டேவிட் வில்லி,False,Q5241102,https://www.wikidata.org/wiki/Q5241102,2026-10-03T11:34:00.828353+00:00
d7c6af50,player,Daniel Vettori,டேனியல் வெட்டோரி,False,Q3345022,https://www.wikidata.org/wiki/Q3345022,2026-10-03T11:34:00.828353+00:00
14b14cd8,player,Darren Bravo,டாரென் பிராவோ,False,Q3529556,https://www.wikidata.org/wiki/Q3529556,2026-10-03T11:33:57.602014+00:00
7d608e12,player,Dhananjaya de Silva,தனஞ்சய டி சில்வா,False,Q20740775,https://www.wikidata.org/wiki/Q20740775,2026-10-03T11:34:02.401104+00:00
d693012d,player,Delissa Kimmince,Delissa Kimmince,True,Q16224584,https://www.wikidata.org/wiki/Q16224584,2026-10-03T11:33:57.602014+00:00
46a7ac78,player,Dinesh Nakrani,Dinesh Nakrani,True,Q55584118,https://www.wikidata.org/wiki/Q55584118,2026-10-03T11:34:13.105074+00:00
3cbedf51,player,D Ndikubwimana,D Ndikubwimana,True,,https://query.wikidata.org/sparql,2026-10-03T11:33:56.662400+00:00
a139c379,player,Danielle Wyatt,Danielle Wyatt,True,Q5219456,https://www.wikidata.org/wiki/Q5219456,2026-10-03T11:33:57.600001+00:00
df5a6881,player,Devon Conway,டேவன் கான்வே,False,Q20981443,https://www.wikidata.org/wiki/Q20981443,2026-10-03T11:34:00.828353+00:00
d18f9182,player,Mahela Jayawardene,மகேல ஜயவர்தன,False,Q2739165,https://www.wikidata.org/wiki/Q2739165,2026-10-03T11:34:02.402630+00:00
d1523761,player,Denesh Ramdin,தினேசு ராம்தின்,False,Q5256898,https://www.wikidata.org/wiki/Q5256898,2026-10-03T11:34:02.404741+00:00
d2763568,player,Danielle Gibson,Danielle Gibson,True,Q106069869,https://www.wikidata.org/wiki/Q106069869,2026-10-03T11:34:13.105074+00:00
69762509,player,Damien Martyn,டேமியன் மார்ட்டின்,False,Q5212475,https://www.wikidata.org/wiki/Q5212475,2026-10-03T11:34:13.105074+00:00
35205dfc,player,Dwayne Smith,டுவைன் சுமித்,False,Q5318032,https://www.wikidata.org/wiki/Q5318032,2026-10-03T11:34:02.405334+00:00
1747ea18,player,Dipendra Singh Airee,Dipendra Singh Airee,True,Q28935471,https://www.wikidata.org/wiki/Q28935471,2026-10-03T11:34:13.105074+00:00
8c5775f3,player,Dane van Niekerk,டேன் வான் நீக்கெர்க்,False,Q5215860,https://www.wikidata.org/wiki/Q5215860,2026-10-03T11:34:00.828353+00:00
8fd1a8f5,player,Dale Steyn,டேல் ஸ்டெய்ன்,False,Q3531671,https://www.wikidata.org/wiki/Q3531671,2026-10-03T11:34:02.401104+00:00
8c0d904e,player,D Wulandari,D Wulandari,True,,https://query.wikidata.org/sparql,2026-10-03T11:33:57.600001+00:00
50ee0500,player,Eimear Richardson,Eimear Richardson,True,Q16225323,https://www.wikidata.org/wiki/Q16225323,2026-10-03T11:34:02.405334+00:00
fe731c62,player,Erin Osborne,எரின் ஆஸ்போர்ன்,False,Q3525949,https://www.wikidata.org/wiki/Q3525949,2026-10-03T11:33:57.602014+00:00
be150fc8,player,Ellyse Perry,எலிஸ் பெர்ரி,False,Q600090,https://www.wikidata.org/wiki/Q600090,2026-10-03T11:33:57.602014+00:00
705489eb,player,Ekta Bisht,ஏக்தா பிஷ்ட்,False,Q15205490,https://www.wikidata.org/wiki/Q15205490,2026-10-03T11:34:02.401104+00:00
d2babdd5,player,Elton Chigumbura,எல்டன் சிகும்புரா,False,Q3531305,https://www.wikidata.org/wiki/Q3531305,2026-10-03T11:34:02.405334+00:00
a48fc79d,player,Ed Joyce,எட் ஜோய்ஸ்,False,Q3529904,https://www.wikidata.org/wiki/Q3529904,2026-10-03T11:33:57.600001+00:00
d3851cd8,player,Ehsan Khan,Ehsan Khan,True,Q27842971,https://www.wikidata.org/wiki/Q27842971,2026-10-03T11:34:00.828353+00:00
f1fa1c6b,player,E Iloku,E Iloku,True,,https://query.wikidata.org/sparql,2026-10-03T11:33:56.662400+00:00
7693851c,player,Eden Carson,Eden Carson,True,Q113355827,https://www.wikidata.org/wiki/Q113355827,2026-10-03T11:33:56.662400+00:00
d2a6c0e6,player,Eoin Morgan,இயோன் மோர்கன்,False,Q3522251,https://www.wikidata.org/wiki/Q3522251,2026-10-03T11:33:57.600001+00:00
cde96d97,player,Elyse Villani,Elyse Villani,True,Q5368540,https://www.wikidata.org/wiki/Q5368540,2026-10-03T11:33:57.602014+00:00
5fa7f030,player,EL Bartram,EL Bartram,True,,https://query.wikidata.org/sparql,2026-10-03T11:34:13.105074+00:00
0ebfb1ad,player,Evin Lewis,Evin Lewis,True,Q16224701,https://www.wikidata.org/wiki/Q16224701,2026-10-03T11:34:02.401104+00:00
45dd7433,player,Ellen Watson,Ellen Watson,True,Q55610759,https://www.wikidata.org/wiki/Q55610759,2026-10-03T11:33:56.662400+00:00
4d35d0b3,player,Eva Lynch,Eva Lynch,True,Q66310416,https://www.wikidata.org/wiki/Q66310416,2026-10-03T11:33:56.662400+00:00
4c8a1197,player,Erika Oda,Erika Oda,True,,https://query.wikidata.org/sparql,2026-10-03T11:33:56.662400+00:00
fdc6b34d,player,Esha Oza,Esha Oza,True,Q55433741,https://www.wikidata.org/wiki/Q55433741,2026-10-03T11:33:56.662400+00:00
3ac13a94,player,E Rukiriza,E Rukiriza,True,,https://query.wikidata.org/sparql,2026-10-03T11:33:57.600001+00:00
59063d6b,player,E Sandy,E Sandy,True,,https://query.wikidata.org/sparql,2026-10-03T11:33:57.600001+00:00
e7068bfd,player,Eveleen Kejarukua,Eveleen Kejarukua,True,Q66771638,https://www.wikidata.org/wiki/Q66771638,2026-10-03T11:33:56.662400+00:00
79ff52b5,player,E Van Zyl,E Van Zyl,True,,https://query.wikidata.org/sparql,2026-10-03T11:33:56.662400+00:00
f5e70dd4,player,E Wachira,E Wachira,True,,https://query.wikidata.org/sparql,2026-10-03T11:33:56.662400+00:00
bd4ea627,player,Fahim Ashraf,பகீம் அஷ்ரப்,False,Q21620774,https://www.wikidata.org/wiki/Q21620774,2026-10-03T11:34:13.105074+00:00
558cdd64,player,Fahima Khatun,Fahima Khatun,True,Q16224580,https://www.wikidata.org/wiki/Q16224580,2026-10-03T11:34:13.105074+00:00
1777c020,player,Fakhar Zaman,பகர் சமான் (துடுப்பாட்டக்காரர்),False,Q21623370,https://www.wikidata.org/wiki/Q21623370,2026-10-03T11:34:02.402630+00:00
6e96c956,player,Fargana Hoque,Fargana Hoque,True,Q15730360,https://www.wikidata.org/wiki/Q15730360,2026-10-03T11:34:02.402630+00:00
ea9c54de,player,Fatima Sana,Fatima Sana,True,Q63699907,https://www.wikidata.org/wiki/Q63699907,2026-10-03T11:33:56.662400+00:00
bd9fbd51,player,Fiaz Bhutt,Fiaz Bhutt,True,Q48075021,https://www.wikidata.org/wiki/Q48075021,2026-10-03T11:34:02.401104+00:00
3c8faed4,player,F Banunaek,F Banunaek,True,,https://query.wikidata.org/sparql,2026-10-03T11:33:56.662400+00:00
dce2019b,player,Farhaan Behardien,பர்ஹான் பிஹார்தீன்,False,Q5435130,https://www.wikidata.org/wiki/Q5435130,2026-10-03T11:34:02.401104+00:00
c0dc015b,player,Francisca Chipare,Francisca Chipare,True,Q109516334,https://www.wikidata.org/wiki/Q109516334,2026-10-03T11:33:56.662400+00:00
6df697a9,player,Fran Jonas,Fran Jonas,True,Q105442268,https://www.wikidata.org/wiki/Q105442268,2026-10-03T11:33:57.600001+00:00
a28132bd,player,Fran Wilson,Fran Wilson,True,Q5478203,https://www.wikidata.org/wiki/Q5478203,2026-10-03T11:34:02.401104+00:00
3355b542,player,Faf du Plessis,பான்சுவா டு பிளெசிஸ்,False,Q429539,https://www.wikidata.org/wiki/Q429539,2026-10-03T11:34:02.401104+00:00
292d11ee,player,F Eseigbe,F Eseigbe,True,,https://query.wikidata.org/sparql,2026-10-03T11:33:56.662400+00:00
abc9f8a4,player,Freya Kemp,Freya Kemp,True,Q112007635,https://www.wikidata.org/wiki/Q112007635,2026-10-03T11:33:57.600001+00:00
bf74b130,player,Finn Allen,Finn Allen,True,Q45338751,https://www.wikidata.org/wiki/Q45338751,2026-10-03T11:34:13.105074+00:00
c7c60bc5,player,Fiza,Fiza,True,,https://query.wikidata.org/sparql,2026-10-03T11:33:57.600001+00:00
1c726c76,player,Fatuma Kibasu,Fatuma Kibasu,True,Q113622189,https://www.wikidata.org/wiki/Q113622189,2026-10-03T11:33:56.662400+00:00
022745d5,player,Frederique Overdijk,Frederique Overdijk,True,Q66310538,https://www.wikidata.org/wiki/Q66310538,2026-10-03T11:33:56.662400+00:00
2479daa6,player,Freya Davies,Freya Davies,True,Q61767048,https://www.wikidata.org/wiki/Q61767048,2026-10-03T11:34:13.105074+00:00
287ed3a0,player,Georgia Elwiss,Georgia Elwiss,True,Q5547469,https://www.wikidata.org/wiki/Q5547469,2026-10-03T11:34:00.828353+00:00
2af0e3b1,player,GA Priandana,GA Priandana,True,,https://query.wikidata.org/sparql,2026-10-03T11:33:57.600001+00:00
f708a0bc,player,Brad Hogg,Brad Hogg,True,Q2735524,https://www.wikidata.org/wiki/Q2735524,2026-10-03T11:34:13.105074+00:00
72861603,player,Graeme Smith,கிரயெம் சிமித்,False,Q1427233,https://www.wikidata.org/wiki/Q1427233,2026-10-03T11:34:02.401104+00:00
05de1a5a,player,Gary Wilson,கேரி வில்சன்,False,Q3529682,https://www.wikidata.org/wiki/Q3529682,2026-10-03T11:33:57.600001+00:00
e969e580,player,GD Arta,GD Arta,True,,https://query.wikidata.org/sparql,2026-10-03T11:33:56.662400+00:00
c03449e0,player,Grant Elliott,கிராண்ட் எலியட்,False,Q5596204,https://www.wikidata.org/wiki/Q5596204,2026-10-03T11:34:02.401104+00:00
940feccc,player,Georgina Dempsey,Georgina Dempsey,True,Q107000475,https://www.wikidata.org/wiki/Q107000475,2026-10-03T11:33:57.600001+00:00
ee7d0c82,player,Glenn McGrath,கிளென் மெக்ரா,False,Q1392178,https://www.wikidata.org/wiki/Q1392178,2026-10-03T11:34:13.105074+00:00
9a46c4e5,player,Glenn Phillips,கிளென் பிலிப்சு,False,Q22007419,https://www.wikidata.org/wiki/Q22007419,2026-10-03T11:34:13.105074+00:00
575494db,player,Georgia Plimmer,Georgia Plimmer,True,Q113361117,https://www.wikidata.org/wiki/Q113361117,2026-10-03T11:33:57.600001+00:00
bb345e0b,player,Gautam Gambhir,கவுதம் கம்பீர்,False,Q2721515,https://www.wikidata.org/wiki/Q2721515,2026-10-03T11:34:00.828353+00:00
99cddc5e,player,George Dockrell,ஜியார்ஜ் டோக்ரெல்,False,Q3530576,https://www.wikidata.org/wiki/Q3530576,2026-10-03T11:34:00.828353+00:00
1b9d1579,player,Gaby Lewis,Gaby Lewis,True,Q22002913,https://www.wikidata.org/wiki/Q22002913,2026-10-03T11:34:13.105074+00:00
b5ae57ee,player,Gisele Ishimwe,Gisele Ishimwe,True,Q116414385,https://www.wikidata.org/wiki/Q116414385,2026-10-03T11:33:56.662400+00:00
5056011d,player,George Bailey,ஜோர்ஜ் பெய்லி,False,Q4711426,https://www.wikidata.org/wiki/Q4711426,2026-10-03T11:34:02.401104+00:00
33b3d2df,player,Gareth Delany,Gareth Delany,True,Q30063484,https://www.wikidata.org/wiki/Q30063484,2026-10-03T11:33:56.662400+00:00
b681e71e,player,Glenn Maxwell,கிளென் மாக்சுவெல்,False,Q4272108,https://www.wikidata.org/wiki/Q4272108,2026-10-03T11:34:00.828353+00:00
992979fa,player,Diviya G K,Diviya G K,True,Q111993873,https://www.wikidata.org/wiki/Q111993873,2026-10-03T11:34:00.828353+00:00
f606177e,player,Geetika Kodali,Geetika Kodali,True,Q66773512,https://www.wikidata.org/wiki/Q66773512,2026-10-03T11:33:56.662400+00:00
b2e1d224,player,Gyanendra Malla,Gyanendra Malla,True,Q5623985,https://www.wikidata.org/wiki/Q5623985,2026-10-03T11:33:57.600001+00:00
a6898f7a,player,G Matome,G Matome,True,,https://query.wikidata.org/sparql,2026-10-03T11:33:56.662400+00:00
72166006,player,Grace Harris,Grace Harris,True,Q21064534,https://www.wikidata.org/wiki/Q21064534,2026-10-03T11:34:00.828353+00:00
97bdec3d,player,Gudakesh Motie,Gudakesh Motie,True,Q21622127,https://www.wikidata.org/wiki/Q21622127,2026-10-03T11:34:13.105074+00:00
221ad9d9,player,Graeme Swann,கிரீம் ஸ்வான்,False,Q3047220,https://www.wikidata.org/wiki/Q3047220,2026-10-03T11:33:57.600001+00:00
88bcd09d,player,Geua Tom,Geua Tom,True,Q114375524,https://www.wikidata.org/wiki/Q114375524,2026-10-03T11:33:56.662400+00:00
9ff1e91e,player,Gull Feroza,Gull Feroza,True,Q112129118,https://www.wikidata.org/wiki/Q112129118,2026-10-03T11:33:56.662400+00:00
9811e35e,player,Gulsan Jha,Gulsan Jha,True,Q108576598,https://www.wikidata.org/wiki/Q108576598,2026-10-03T11:33:57.600001+00:00
f0b4e47d,player,Georgia Wareham,Georgia Wareham,True,Q55956249,https://www.wikidata.org/wiki/Q55956249,2026-10-03T11:34:13.105074+00:00
53068b45,player,Hasini Perera,ஹாசினி பெரேரா,False,Q16236961,https://www.wikidata.org/wiki/Q16236961,2026-10-03T11:34:00.828353+00:00
8b5b6769,player,Harbhajan Singh,ஹர்பஜன் சிங்,False,Q9475,https://www.wikidata.org/wiki/Q9475,2026-10-03T11:34:00.828353+00:00
24bb1c2f,player,Haris Rauf,ஹாரிஸ் ராவுஃப்,False,Q61729076,https://www.wikidata.org/wiki/Q61729076,2026-10-03T11:33:56.662400+00:00
2911de16,player,Hasan Ali,ஹசன் அலி,False,Q21620719,https://www.wikidata.org/wiki/Q21620719,2026-10-03T11:34:13.105074+00:00
dbd79036,player,Shashikala Siriwardene,சசிகலா சிரிவர்தன,False,Q7490573,https://www.wikidata.org/wiki/Q7490573,2026-10-03T11:34:02.405334+00:00
4ae1755b,player,Harry Brook,ஆரி புரூக்,False,Q27914997,https://www.wikidata.org/wiki/Q27914997,2026-10-03T11:34:13.105074+00:00
4ba0289e,player,Heather Knight,Heather Knight,True,Q5693931,https://www.wikidata.org/wiki/Q5693931,2026-10-03T11:34:00.828353+00:00
3664712e,player,Harleen Deol,அர்லீன் தியோல்,False,Q61796492,https://www.wikidata.org/wiki/Q61796492,2026-10-03T11:34:13.105074+00:00
6d48df01,player,Heather Siegers,Heather Siegers,True,Q28777195,https://www.wikidata.org/wiki/Q28777195,2026-10-03T11:34:13.105074+00:00
c5928dec,player,Lahiru Thirimanne,லகிரு திரிமான்ன,False,Q6473241,https://www.wikidata.org/wiki/Q6473241,2026-10-03T11:34:00.828353+00:00
9948e262,player,Rassie van der Dussen,ராசி வான் டெர் டசென்,False,Q21872793,https://www.wikidata.org/wiki/Q21872793,2026-10-03T11:34:00.828353+00:00
ff014c34,player,George Munsey,George Munsey,True,Q20707524,https://www.wikidata.org/wiki/Q20707524,2026-10-03T11:34:13.105074+00:00
b3af5bff,player,H Goto,H Goto,True,,https://query.wikidata.org/sparql,2026-10-03T11:33:57.600001+00:00
e1d1b294,player,Herschelle Gibbs,ஹெர்ச்சல் கிப்ஸ்,False,Q3269729,https://www.wikidata.org/wiki/Q3269729,2026-10-03T11:34:02.401104+00:00
f537d39c,player,Heena Hotchandani,Heena Hotchandani,True,Q55433738,https://www.wikidata.org/wiki/Q55433738,2026-10-03T11:33:56.662400+00:00
dbe50b21,player,Hardik Pandya,ஹர்திக் பாண்ட்யா,False,Q19895060,https://www.wikidata.org/wiki/Q19895060,2026-10-03T11:34:13.105074+00:00
ffa296f7,player,Henriette Ishimwe,Henriette Ishimwe,True,Q111851481,https://www.wikidata.org/wiki/Q111851481,2026-10-03T11:33:56.662400+00:00
9efce9fd,player,Hiu Ying Cheung,Hiu Ying Cheung,True,,https://query.wikidata.org/sparql,2026-10-03T11:33:56.662400+00:00
a3034d3d,player,HJ Thomas,HJ Thomas,True,,https://query.wikidata.org/sparql,2026-10-03T11:33:56.662400+00:00
f8e27d4a,player,Hansima Karunaratne,Hansima Karunaratne,True,Q27049126,https://www.wikidata.org/wiki/Q27049126,2026-10-03T11:34:13.105074+00:00
53cd8da6,player,Harmanpreet Kaur,ஹர்மன்பிரீத் கவுர்,False,Q3525920,https://www.wikidata.org/wiki/Q3525920,2026-10-03T11:34:00.828353+00:00
235c2bb6,player,Heinrich Klaasen,ஏய்ன்றிச் கிளாசென்,False,Q20981646,https://www.wikidata.org/wiki/Q20981646,2026-10-03T11:34:02.401104+00:00
d32cf49a,player,Hayley Matthews,Hayley Matthews,True,Q21621458,https://www.wikidata.org/wiki/Q21621458,2026-10-03T11:34:02.401104+00:00
85021bcd,player,Harshitha Madavi,அர்சிதா சமரவிக்கிரம,False,Q27049118,https://www.wikidata.org/wiki/Q27049118,2026-10-03T11:34:13.105074+00:00
e798611a,player,Hashim Amla,அசீம் ஆம்லா,False,Q735128,https://www.wikidata.org/wiki/Q735128,2026-10-03T11:34:02.401104+00:00
31fbf891,player,Hamilton Masakadza,ஹாமில்ட்டன் மெசகெட்ஸா,False,Q3525035,https://www.wikidata.org/wiki/Q3525035,2026-10-03T11:34:02.405334+00:00
d6f9dfd6,player,Deepika Rasangika,தீபிகா ரசங்கிக,False,Q16466582,https://www.wikidata.org/wiki/Q16466582,2026-10-03T11:34:02.405334+00:00
03521fd3,player,Henry Nicholls,Henry Nicholls,True,Q21622201,https://www.wikidata.org/wiki/Q21622201,2026-10-03T11:34:02.405334+00:00
2cbe5db1,player,HM Omary,HM Omary,True,,https://query.wikidata.org/sparql,2026-10-03T11:33:56.662400+00:00
d2fcce2f,player,Rangana Herath,ரங்கன ஹேரத்,False,Q3530604,https://www.wikidata.org/wiki/Q3530604,2026-10-03T11:34:02.402630+00:00
8ca1f93a,player,Hannah Rowe,Hannah Rowe,True,Q21622607,https://www.wikidata.org/wiki/Q21622607,2026-10-03T11:34:02.405334+00:00
b8cce99f,player,Hayley Jensen,Hayley Jensen,True,Q16212868,https://www.wikidata.org/wiki/Q16212868,2026-10-03T11:34:02.401104+00:00
7027d12f,player,Hannah Rainey,Hannah Rainey,True,Q55433751,https://www.wikidata.org/wiki/Q55433751,2026-10-03T11:33:56.662400+00:00
8d6b36e3,player,Holly Huddleston,Holly Huddleston,True,Q16212592,https://www.wikidata.org/wiki/Q16212592,2026-10-03T11:33:57.600001+00:00
2b7609f1,player,Henry Ssenyondo,Henry Ssenyondo,True,Q18349169,https://www.wikidata.org/wiki/Q18349169,2026-10-03T11:34:00.828353+00:00
c01d7726,player,Harsh Thaker,Harsh Thaker,True,Q56877149,https://www.wikidata.org/wiki/Q56877149,2026-10-03T11:34:13.105074+00:00
59ea70a4,player,Harry Tector,Harry Tector,True,Q30066771,https://www.wikidata.org/wiki/Q30066771,2026-10-03T11:34:13.955263+00:00
a6ec88f4,player,Hannah Landheer,Hannah Landheer,True,Q66774384,https://www.wikidata.org/wiki/Q66774384,2026-10-03T11:33:56.662400+00:00
521abce2,player,I Barma,I Barma,True,,https://query.wikidata.org/sparql,2026-10-03T11:34:02.402630+00:00
60c250bf,player,Izzy Gaze,Izzy Gaze,True,Q113354751,https://www.wikidata.org/wiki/Q113354751,2026-10-03T11:33:57.600001+00:00
b1021056,player,I Chuma,I Chuma,True,,https://query.wikidata.org/sparql,2026-10-03T11:33:56.662400+00:00
29e253dd,player,Iftikhar Ahmed,இப்திகார் அகமது,False,Q21244769,https://www.wikidata.org/wiki/Q21244769,2026-10-03T11:34:02.402630+00:00
ac7fa28f,player,Jonathan Trott,ஜொனாதன் ட்ரொட்,False,Q3529861,https://www.wikidata.org/wiki/Q3529861,2026-10-03T11:34:02.402630+00:00
47b32a5a,player,Iris Zwilling,Iris Zwilling,True,Q66310540,https://www.wikidata.org/wiki/Q66310540,2026-10-03T11:33:56.662400+00:00
190957d2,player,IKEG Artawan,IKEG Artawan,True,,https://query.wikidata.org/sparql,2026-10-03T11:33:57.600001+00:00
4d7c5b56,player,IK Gamantika,IK Gamantika,True,,https://query.wikidata.org/sparql,2026-10-03T11:33:56.662400+00:00
5fa06777,player,Irfan Pathan,இர்பான் பதான்,False,Q1746795,https://www.wikidata.org/wiki/Q1746795,2026-10-03T11:34:00.828353+00:00
9cb8d7a6,player,Imad Wasim,இமாத் வசிம்,False,Q6001994,https://www.wikidata.org/wiki/Q6001994,2026-10-03T11:33:57.600001+00:00
40c041ea,player,Imam-ul-Haq,இமாம்-உல்-ஹக்,False,Q21063305,https://www.wikidata.org/wiki/Q21063305,2026-10-03T11:34:13.105074+00:00
d3b4b8ed,player,Isobel Joyce,இசோபெல் ஜாய்ஸ்,False,Q10974101,https://www.wikidata.org/wiki/Q10974101,2026-10-03T11:34:02.405334+00:00
a9a18e3e,player,Imran Anwar,Imran Anwar,True,,https://query.wikidata.org/sparql,2026-10-03T11:33:56.662400+00:00
acee4cc4,player,Imran Tahir,இம்ரான் தாஹிர்,False,Q3530644,https://www.wikidata.org/wiki/Q3530644,2026-10-03T11:34:00.828353+00:00
5fbe14fc,player,Imrul Kayes,இம்ருல் கயாஸ்,False,Q3348182,https://www.wikidata.org/wiki/Q3348182,2026-10-03T11:34:00.828353+00:00
8d62fc14,player,Isani Vaghela,Isani Vaghela,True,Q109697767,https://www.wikidata.org/wiki/Q109697767,2026-10-03T11:33:57.600001+00:00
2f145a4f,player,Immaculate Nakisuuyi,Immaculate Nakisuuyi,True,Q55433713,https://www.wikidata.org/wiki/Q55433713,2026-10-03T11:33:56.662400+00:00
9f87d0f0,player,I Nandakumar,I Nandakumar,True,,https://query.wikidata.org/sparql,2026-10-03T11:33:57.600001+00:00
b9a3d8c6,player,Inzamam-ul-Haq,இன்சமாம் உல் ஹக்,False,Q1393201,https://www.wikidata.org/wiki/Q1393201,2026-10-03T11:34:00.828353+00:00
1c5c3dce,player,Isaac Okpe,Isaac Okpe,True,Q56630793,https://www.wikidata.org/wiki/Q56630793,2026-10-03T11:34:13.105074+00:00
aaccb8ca,player,Iqra Sahar,Iqra Sahar,True,,https://query.wikidata.org/sparql,2026-10-03T11:33:57.600001+00:00
dc596fac,player,Iram Javed,Iram Javed,True,Q18210992,https://www.wikidata.org/wiki/Q18210992,2026-10-03T11:34:13.105074+00:00
a61850e6,player,Inoka Ranaweera,இனோகா ரணவீர,False,Q16734953,https://www.wikidata.org/wiki/Q16734953,2026-10-03T11:34:02.401104+00:00
33155d1b,player,Ian Bell,இயன் பெல்,False,Q767692,https://www.wikidata.org/wiki/Q767692,2026-10-03T11:34:13.105074+00:00
752f7486,player,Ishan Kishan,இசான் கிசான்,False,Q21621705,https://www.wikidata.org/wiki/Q21621705,2026-10-03T11:34:13.105074+00:00
5bb1a1c4,player,Ishant Sharma,இஷாந்த் ஷர்மா,False,Q3522062,https://www.wikidata.org/wiki/Q3522062,2026-10-03T11:33:57.600001+00:00
641ac5ff,player,Ish Sodhi,இந்தர்பிர் சோதி,False,Q16225579,https://www.wikidata.org/wiki/Q16225579,2026-10-03T11:34:13.105074+00:00
83cde44d,player,Isabel Toua,Isabel Toua,True,Q55433782,https://www.wikidata.org/wiki/Q55433782,2026-10-03T11:33:56.662400+00:00
5aa8574b,player,I van der Woning,I van der Woning,True,,https://query.wikidata.org/sparql,2026-10-03T11:33:57.600001+00:00
44c3cb6d,player,Irene van Zyl,Irene van Zyl,True,Q66773530,https://www.wikidata.org/wiki/Q66773530,2026-10-03T11:34:02.405334+00:00
b72a8938,player,Arrasta Diergaardt,Arrasta Diergaardt,True,Q66771656,https://www.wikidata.org/wiki/Q66771656,2026-10-03T11:33:56.662400+00:00
dadbdb68,player,Jacob Duffy,Jacob Duffy,True,Q16228140,https://www.wikidata.org/wiki/Q16228140,2026-10-03T11:34:02.405334+00:00
752183c1,player,Jahanara Alam,ஜகனரா ஆலம்,False,Q15730284,https://www.wikidata.org/wiki/Q15730284,2026-10-03T11:34:00.828353+00:00
c3d35165,player,Albie Morkel,எல்பி மோகல்,False,Q3525482,https://www.wikidata.org/wiki/Q3525482,2026-10-03T11:34:02.401104+00:00
5ec41cd7,player,Jasdeep Singh,Jasdeep Singh,True,Q20858323,https://www.wikidata.org/wiki/Q20858323,2026-10-03T11:34:13.105074+00:00
b80dd12c,player,Jatinder Singh,Jatinder Singh,True,Q18978136,https://www.wikidata.org/wiki/Q18978136,2026-10-03T11:34:00.828353+00:00
d921449d,player,Javeria Khan,ஜவீரியா கான்,False,Q6165359,https://www.wikidata.org/wiki/Q6165359,2026-10-03T11:34:00.828353+00:00
7c503806,player,Johan Botha,யோகன் போதா,False,Q3531334,https://www.wikidata.org/wiki/Q3531334,2026-10-03T11:34:02.401104+00:00
5574750c,player,Jofra Archer,ஜோப்ரா ஆர்ச்சர்,False,Q25714029,https://www.wikidata.org/wiki/Q25714029,2026-10-03T11:34:13.105074+00:00
99b75528,player,Jos Buttler,யொசு பட்லர்,False,Q6279104,https://www.wikidata.org/wiki/Q6279104,2026-10-03T11:34:00.828353+00:00
09a9d073,player,Johnson Charles,ஜோன்சன் சார்ல்சு,False,Q6268213,https://www.wikidata.org/wiki/Q6268213,2026-10-03T11:34:00.828353+00:00
3eac9d95,player,Jacob Oram,ஜேகப் ஓரம்,False,Q3630213,https://www.wikidata.org/wiki/Q3630213,2026-10-03T11:34:00.828353+00:00
9219eff0,player,James Neesham,ஜேம்ஸ் நீஷம்,False,Q15769329,https://www.wikidata.org/wiki/Q15769329,2026-10-03T11:34:00.828353+00:00
5ebc3941,player,Jess Duffin,ஜெஸ் கேமரன்,False,Q3525978,https://www.wikidata.org/wiki/Q3525978,2026-10-03T11:33:57.602014+00:00
cf73ad76,player,James Franklin,ஜேம்ஸ் பிராங்கிளின்,False,Q3530165,https://www.wikidata.org/wiki/Q3530165,2026-10-03T11:34:00.828353+00:00
d4f98302,player,Janet Ronalds,ஜேனட் ரொனால்ட்சு,False,Q105490848,https://www.wikidata.org/wiki/Q105490848,2026-10-03T11:33:56.662400+00:00
a343262c,player,Joe Root,ஜோ ரூட்,False,Q3180174,https://www.wikidata.org/wiki/Q3180174,2026-10-03T11:34:00.828353+00:00
4180d897,player,Jerome Taylor,ஜெரோம் டெய்லர்,False,Q6182931,https://www.wikidata.org/wiki/Q6182931,2026-10-03T11:34:02.405334+00:00
a2632c7c,player,Jannillea Glasgow,Jannillea Glasgow,True,Q110722902,https://www.wikidata.org/wiki/Q110722902,2026-10-03T11:33:57.600001+00:00
84f1ae7f,player,Jhulan Goswami,ஜுலான் கோஸ்வாமி,False,Q3526852,https://www.wikidata.org/wiki/Q3526852,2026-10-03T11:34:02.405334+00:00
86dc8f2e,player,Jacques Kallis,ஜாக் கலிஸ்,False,Q982650,https://www.wikidata.org/wiki/Q982650,2026-10-03T11:34:02.401104+00:00
2dfdd316,player,Jamahidaya Intan,Jamahidaya Intan,True,Q55366854,https://www.wikidata.org/wiki/Q55366854,2026-10-03T11:34:02.402630+00:00
cb08b611,player,Jemimah Rodrigues,ஜெமிமா ரோட்ரிக்ஸ்,False,Q42898219,https://www.wikidata.org/wiki/Q42898219,2026-10-03T11:34:13.105074+00:00
462411b3,player,Jasprit Bumrah,ஜஸ்பிரித் பும்ரா,False,Q16227998,https://www.wikidata.org/wiki/Q16227998,2026-10-03T11:34:13.105074+00:00
d1c36f5c,player,Jason Roy,ஜேசன் ராய்,False,Q6163392,https://www.wikidata.org/wiki/Q6163392,2026-10-03T11:34:00.828353+00:00
bb134e5c,player,JJ Smit,JJ Smit,True,Q21062639,https://www.wikidata.org/wiki/Q21062639,2026-10-03T11:34:02.405334+00:00
907c51ab,player,Jenny Gunn,ஜென்னி கன்,False,Q3526579,https://www.wikidata.org/wiki/Q3526579,2026-10-03T11:34:02.405334+00:00
9061a703,player,Joshua Little,Joshua Little,True,Q26838122,https://www.wikidata.org/wiki/Q26838122,2026-10-03T11:34:13.105074+00:00
0475a86b,player,Jess Jonassen,Jess Jonassen,True,Q16212966,https://www.wikidata.org/wiki/Q16212966,2026-10-03T11:34:00.828353+00:00
1b1c23bb,player,Jane Maguire,Jane Maguire,True,Q108830250,https://www.wikidata.org/wiki/Q108830250,2026-10-03T11:33:57.600001+00:00
d12143bf,player,James Anderson,ஜேம்ஸ் அண்டர்சன்,False,Q654375,https://www.wikidata.org/wiki/Q654375,2026-10-03T11:34:13.105074+00:00
aaa6e84c,player,Janet Mbabazi,Janet Mbabazi,True,Q55433698,https://www.wikidata.org/wiki/Q55433698,2026-10-03T11:33:56.662400+00:00
abb83e27,player,Jonny Bairstow,ஜொனாதன் பேர்ஸ்டோ,False,Q3183593,https://www.wikidata.org/wiki/Q3183593,2026-10-03T11:34:00.828353+00:00
6581d753,player,Justin Kemp,ஜஸ்டின் கேம்ப்,False,Q6317772,https://www.wikidata.org/wiki/Q6317772,2026-10-03T11:34:02.401104+00:00
9af58032,player,Jess Kerr,Jess Kerr,True,Q83688320,https://www.wikidata.org/wiki/Q83688320,2026-10-03T11:33:56.662400+00:00
3c87f0c3,player,Jan Frylinck,Jan Frylinck,True,Q6148942,https://www.wikidata.org/wiki/Q6148942,2026-10-03T11:34:02.402630+00:00
36dfa62e,player,Josephine Nkomo,Josephine Nkomo,True,Q28755565,https://www.wikidata.org/wiki/Q28755565,2026-10-03T11:34:13.105074+00:00
f468293b,player,Jan Nicol Loftie-Eaton,Jan Nicol Loftie-Eaton,True,Q48094091,https://www.wikidata.org/wiki/Q48094091,2026-10-03T11:33:56.662400+00:00
0f721006,player,Jason Holder,ஜேசன் ஹோல்டர்,False,Q6162716,https://www.wikidata.org/wiki/Q6162716,2026-10-03T11:34:00.828353+00:00
2e8994e7,player,JP Duminy,ஜே பி டுமினி,False,Q3531633,https://www.wikidata.org/wiki/Q3531633,2026-10-03T11:34:02.401104+00:00
808f425a,player,James Faulkner,ஜேம்சு பால்க்னர்,False,Q4021718,https://www.wikidata.org/wiki/Q4021718,2026-10-03T11:33:57.602014+00:00
989889ff,player,Josh Inglis,யோசு இங்கிலிசு,False,Q21621530,https://www.wikidata.org/wiki/Q21621530,2026-10-03T11:34:13.105074+00:00
9f308dfc,player,Jean-Pierre Kotze,Jean-Pierre Kotze,True,Q18922826,https://www.wikidata.org/wiki/Q18922826,2026-10-03T11:34:02.405334+00:00
03806cf8,player,Josh Hazlewood,ஜோசு ஆசில்வுட்,False,Q6288970,https://www.wikidata.org/wiki/Q6288970,2026-10-03T11:34:00.828353+00:00
2498e163,player,James Hopes,James Hopes,True,Q2738944,https://www.wikidata.org/wiki/Q2738944,2026-10-03T11:34:13.105074+00:00
c39ee9e0,player,Junaid Aziz,Junaid Aziz,True,,https://query.wikidata.org/sparql,2026-10-03T11:33:56.662400+00:00
086f5984,player,Junaid Khan,ஜுனைத் கான்,False,Q6311609,https://www.wikidata.org/wiki/Q6311609,2026-10-03T11:33:57.602014+00:00
84dc72db,player,Junaid Siddique,Junaid Siddique,True,Q70912138,https://www.wikidata.org/wiki/Q70912138,2026-10-03T11:33:57.600001+00:00
4ac6664d,player,Ama Kanchana,அம காஞ்சன,False,Q27049125,https://www.wikidata.org/wiki/Q27049125,2026-10-03T11:34:00.828353+00:00
fa9fdefa,player,Kayleen Green,Kayleen Green,True,Q66771653,https://www.wikidata.org/wiki/Q66771653,2026-10-03T11:33:56.662400+00:00
9714e764,player,Kainat Imtiaz,கைநாத் இம்தியாஸ்,False,Q6348095,https://www.wikidata.org/wiki/Q6348095,2026-10-03T11:34:00.828353+00:00
78eb4223,player,Kemar Roach,கேமர் ரோச்,False,Q3043070,https://www.wikidata.org/wiki/Q3043070,2026-10-03T11:33:57.600001+00:00
14810ee7,player,Kaleem Sana,Kaleem Sana,True,Q86815253,https://www.wikidata.org/wiki/Q86815253,2026-10-03T11:34:00.828353+00:00
72253b87,player,Kaleemullah,Kaleemullah,True,Q28343730,https://www.wikidata.org/wiki/Q28343730,2026-10-03T11:33:56.662400+00:00
0b60eb09,player,Keshav Maharaj,கேசவ் மகராச்,False,Q19968781,https://www.wikidata.org/wiki/Q19968781,2026-10-03T11:33:57.602014+00:00
ff077124,player,Kamran Akmal,காம்ரான் அக்மல்,False,Q738378,https://www.wikidata.org/wiki/Q738378,2026-10-03T11:34:00.828353+00:00
a757b0d8,player,Kieron Pollard,கீரோன் பொல்லார்ட்,False,Q3530594,https://www.wikidata.org/wiki/Q3530594,2026-10-03T11:33:57.600001+00:00
f53b3e1d,player,Karan KC,Karan KC,True,Q18637550,https://www.wikidata.org/wiki/Q18637550,2026-10-03T11:34:13.105074+00:00
c4e7749a,player,Kevin Awino,Kevin Awino,True,Q55433679,https://www.wikidata.org/wiki/Q55433679,2026-10-03T11:33:56.662400+00:00
e3386c8a,player,Kushal Bhurtel,Kushal Bhurtel,True,Q47076718,https://www.wikidata.org/wiki/Q47076718,2026-10-03T11:34:13.105074+00:00
6b71e6cf,player,Kumar Sangakkara,குமார் சங்கக்கார,False,Q737645,https://www.wikidata.org/wiki/Q737645,2026-10-03T11:34:02.402630+00:00
c03f1114,player,Dinesh Karthik,தினேஷ் கார்த்திக்,False,Q3519679,https://www.wikidata.org/wiki/Q3519679,2026-10-03T11:34:00.828353+00:00
4b349dc0,player,KD Kesuma,KD Kesuma,True,,https://query.wikidata.org/sparql,2026-10-03T11:33:56.662400+00:00
7fb32e5b,player,Kyle Mills,கைல் மில்ஸ்,False,Q6451305,https://www.wikidata.org/wiki/Q6451305,2026-10-03T11:34:00.828353+00:00
365229a8,player,Kiplin Doriga,Kiplin Doriga,True,Q43520095,https://www.wikidata.org/wiki/Q43520095,2026-10-03T11:34:13.105074+00:00
a0fdf513,player,Udeshika Prabodhani,உதேசிகா பிரபோதனி,False,Q16223888,https://www.wikidata.org/wiki/Q16223888,2026-10-03T11:34:00.828353+00:00
f13d3eba,player,Kathryn Bryce,Kathryn Bryce,True,Q28755574,https://www.wikidata.org/wiki/Q28755574,2026-10-03T11:34:13.105074+00:00
a0a65375,player,Katherine Fraser,Katherine Fraser,True,Q66311037,https://www.wikidata.org/wiki/Q66311037,2026-10-03T11:33:56.662400+00:00
4d622fee,player,Kranti Goud,கிராந்தி கவுடு,False,Q134486824,https://www.wikidata.org/wiki/Q134486824,2026-10-03T11:33:57.600001+00:00
1438d928,player,Khadija Imtiaz,Khadija Imtiaz,True,,https://query.wikidata.org/sparql,2026-10-03T11:33:57.600001+00:00
7c61a686,player,Khadija Khalil,Khadija Khalil,True,,https://query.wikidata.org/sparql,2026-10-03T11:33:56.662400+00:00
bec997fc,player,Khadija Tul Kubra,Khadija Tul Kubra,True,Q15731323,https://www.wikidata.org/wiki/Q15731323,2026-10-03T11:34:02.405334+00:00
6a434bd3,player,Katherine Brunt,கேத்தரின் பிரண்ட்,False,Q3526807,https://www.wikidata.org/wiki/Q3526807,2026-10-03T11:34:02.405334+00:00
c4e73ff1,player,Kashyap Prajapati,Kashyap Prajapati,True,Q108695371,https://www.wikidata.org/wiki/Q108695371,2026-10-03T11:33:57.600001+00:00
a259c414,player,Khushi Sharma,Khushi Sharma,True,Q114324075,https://www.wikidata.org/wiki/Q114324075,2026-10-03T11:33:57.600001+00:00
732c038e,player,Charith Asalanka,சரித் அசலங்க,False,Q19938344,https://www.wikidata.org/wiki/Q19938344,2026-10-03T11:34:13.105074+00:00
85d8110a,player,Kyle Coetzer,Kyle Coetzer,True,Q6451100,https://www.wikidata.org/wiki/Q6451100,2026-10-03T11:33:57.600001+00:00
0b69a844,player,Kim Garth,Kim Garth,True,Q21621341,https://www.wikidata.org/wiki/Q21621341,2026-10-03T11:34:00.828353+00:00
cf75a839,player,Katey Martin,Katey Martin,True,Q260485,https://www.wikidata.org/wiki/Q260485,2026-10-03T11:34:02.405334+00:00
243431b5,player,Kevin O'Brien,கெவின் ஓ'பிறையன்,False,Q3519211,https://www.wikidata.org/wiki/Q3519211,2026-10-03T11:33:57.600001+00:00
0cd297b9,player,Kabita Joshi,Kabita Joshi,True,Q110819033,https://www.wikidata.org/wiki/Q110819033,2026-10-03T11:33:57.600001+00:00
5bb904d4,player,Kavisha Egodage,Kavisha Egodage,True,Q55433797,https://www.wikidata.org/wiki/Q55433797,2026-10-03T11:33:56.662400+00:00
97e6e41a,player,K Kunwar,K Kunwar,True,,https://query.wikidata.org/sparql,2026-10-03T11:33:56.662400+00:00
1ade138e,player,Kate Cross,Kate Cross,True,Q6375452,https://www.wikidata.org/wiki/Q6375452,2026-10-03T11:34:00.828353+00:00
b17e2f24,player,KL Rahul,கே. எல். ராகுல்,False,Q6668646,https://www.wikidata.org/wiki/Q6668646,2026-10-03T11:34:00.828353+00:00
fa8f9dc3,player,Kristen Beams,Kristen Beams,True,Q18637553,https://www.wikidata.org/wiki/Q18637553,2026-10-03T11:33:57.602014+00:00
469ea22b,player,Nuwan Kulasekara,நுவன் குலசேகர,False,Q3533953,https://www.wikidata.org/wiki/Q3533953,2026-10-03T11:34:02.402630+00:00
99d63244,player,Kedar Jadhav,கேதர் ஜாதவ்,False,Q6382528,https://www.wikidata.org/wiki/Q6382528,2026-10-03T11:34:00.828353+00:00
29ee9bf9,player,Kassim Nassoro,Kassim Nassoro,True,Q20744575,https://www.wikidata.org/wiki/Q20744575,2026-10-03T11:34:00.828353+00:00
8d25271a,player,Kelis Ndhlovu,Kelis Ndhlovu,True,Q124461240,https://www.wikidata.org/wiki/Q124461240,2026-10-03T11:33:57.600001+00:00
39f01cdb,player,Kevin Pietersen,கெவின் பீட்டர்சன்,False,Q1398682,https://www.wikidata.org/wiki/Q1398682,2026-10-03T11:33:57.600001+00:00
e62dd25d,player,Kagiso Rabada,காகிசோ ரபாடா,False,Q16225238,https://www.wikidata.org/wiki/Q16225238,2026-10-03T11:34:02.405334+00:00
321c980e,player,Karishma Ramharack,Karishma Ramharack,True,Q61442685,https://www.wikidata.org/wiki/Q61442685,2026-10-03T11:34:13.105074+00:00
73c18486,player,Kyle Mayers,கைல் மேயர்ஸ்,False,Q6451285,https://www.wikidata.org/wiki/Q6451285,2026-10-03T11:34:00.828353+00:00
119de50f,player,K Shrestha,K Shrestha,True,,https://query.wikidata.org/sparql,2026-10-03T11:34:13.105074+00:00
d027ba9f,player,Kane Williamson,கேன் வில்லியம்சன்,False,Q3532495,https://www.wikidata.org/wiki/Q3532495,2026-10-03T11:33:57.602014+00:00
78ad3258,player,Katie Perkins,Katie Perkins,True,Q16225160,https://www.wikidata.org/wiki/Q16225160,2026-10-03T11:33:57.602014+00:00
8d2c70ad,player,Kuldeep Yadav,குல்தீப் யாதவ்,False,Q16225904,https://www.wikidata.org/wiki/Q16225904,2026-10-03T11:34:13.105074+00:00
7e9f1cde,player,Kushal Malla,Kushal Malla,True,Q68690691,https://www.wikidata.org/wiki/Q68690691,2026-10-03T11:33:56.662400+00:00
048da365,player,Karthika Vijayaraghavan,கார்த்திகா விஜயராகவன்,False,Q107565884,https://www.wikidata.org/wiki/Q107565884,2026-10-03T11:33:56.662400+00:00
6348c6e9,player,Kary Chan,Kary Chan,True,Q109027430,https://www.wikidata.org/wiki/Q109027430,2026-10-03T11:34:13.105074+00:00
552f664a,player,Kycia Knight,Kycia Knight,True,Q16466557,https://www.wikidata.org/wiki/Q16466557,2026-10-03T11:34:02.401104+00:00
d85a1960,player,Kyshona Knight,Kyshona Knight,True,Q16466554,https://www.wikidata.org/wiki/Q16466554,2026-10-03T11:34:02.401104+00:00
1aebb2fa,player,L Agatha,L Agatha,True,,https://query.wikidata.org/sparql,2026-10-03T11:33:56.662400+00:00
9706e64b,player,Laura Marsh,லாரா மார்ஷ்,False,Q3526872,https://www.wikidata.org/wiki/Q3526872,2026-10-03T11:33:57.600001+00:00
5bf87532,player,Lata Mondal,Lata Mondal,True,Q15730373,https://www.wikidata.org/wiki/Q15730373,2026-10-03T11:34:00.828353+00:00
5777d460,player,Laura Cardoso,Laura Cardoso,True,Q111802379,https://www.wikidata.org/wiki/Q111802379,2026-10-03T11:33:57.600001+00:00
340202b0,player,Linsey Smith,Linsey Smith,True,Q58495598,https://www.wikidata.org/wiki/Q58495598,2026-10-03T11:34:02.402630+00:00
8dd02a98,player,Dinesh Chandimal,தினேஸ் சந்திமல்,False,Q5278068,https://www.wikidata.org/wiki/Q5278068,2026-10-03T11:34:00.828353+00:00
b4f73b44,player,Laura Delany,Laura Delany,True,Q16210562,https://www.wikidata.org/wiki/Q16210562,2026-10-03T11:34:00.828353+00:00
8b552293,player,Eshani Kaushalya,இசானி கௌசல்யா,False,Q16223201,https://www.wikidata.org/wiki/Q16223201,2026-10-03T11:34:02.405334+00:00
9a963804,player,Liam Plunkett,லியம் பிளன்கட்,False,Q3526393,https://www.wikidata.org/wiki/Q3526393,2026-10-03T11:33:57.600001+00:00
31adb911,player,Lauren Filer,Lauren Filer,True,Q106097842,https://www.wikidata.org/wiki/Q106097842,2026-10-03T11:33:56.662400+00:00
0bb32e98,player,Lara Goodall,Lara Goodall,True,Q28092401,https://www.wikidata.org/wiki/Q28092401,2026-10-03T11:34:13.105074+00:00
2f9d0389,player,Lockie Ferguson,லொக்கி பெர்கசன்,False,Q21621282,https://www.wikidata.org/wiki/Q21621282,2026-10-03T11:34:02.402630+00:00
27339093,player,L Idambo,L Idambo,True,,https://query.wikidata.org/sparql,2026-10-03T11:33:56.662400+00:00
0404d43c,player,Litton Das,லிதன் தாஸ்,False,Q6653212,https://www.wikidata.org/wiki/Q6653212,2026-10-03T11:34:02.405334+00:00
e565ceb7,player,Lorna Jack,Lorna Jack,True,Q28755584,https://www.wikidata.org/wiki/Q28755584,2026-10-03T11:34:00.828353+00:00
cca50cd6,player,Luke Wright,லூக் ரைட்,False,Q3529926,https://www.wikidata.org/wiki/Q3529926,2026-10-03T11:33:57.600001+00:00
38b4583c,player,Lauren Bell,Lauren Bell,True,Q98733085,https://www.wikidata.org/wiki/Q98733085,2026-10-03T11:34:13.105074+00:00
aea89d48,player,Lavanya Keny,Lavanya Keny,True,Q111420825,https://www.wikidata.org/wiki/Q111420825,2026-10-03T11:33:57.600001+00:00
7b01ce83,player,Lizelle Lee,Lizelle Lee,True,Q16224686,https://www.wikidata.org/wiki/Q16224686,2026-10-03T11:34:02.402630+00:00
ec687c3a,player,LL Htun,LL Htun,True,,https://query.wikidata.org/sparql,2026-10-03T11:33:56.662400+00:00
4f86926b,player,Louise Little,Louise Little,True,Q29891257,https://www.wikidata.org/wiki/Q29891257,2026-10-03T11:33:56.662400+00:00
12bffe91,player,Lonwabo Tsotsobe,லோன்வாபோ சொட்சொபே,False,Q3532573,https://www.wikidata.org/wiki/Q3532573,2026-10-03T11:34:02.402630+00:00
37f9eb59,player,L Mabhero,L Mabhero,True,,https://query.wikidata.org/sparql,2026-10-03T11:33:57.600001+00:00
b8704508,player,Luke Jongwe,Luke Jongwe,True,Q17541343,https://www.wikidata.org/wiki/Q17541343,2026-10-03T11:34:02.405334+00:00
9b73d523,player,Leigh Kasperek,Leigh Kasperek,True,Q21621653,https://www.wikidata.org/wiki/Q21621653,2026-10-03T11:34:00.828353+00:00
60471339,player,Lea Tahuhu,Lea Tahuhu,True,Q6508233,https://www.wikidata.org/wiki/Q6508233,2026-10-03T11:34:00.828353+00:00
c8cdbb92,player,L Mophakedi,L Mophakedi,True,,https://query.wikidata.org/sparql,2026-10-03T11:33:56.662400+00:00
89f64c19,player,Lendl Simmons,Lendl Simmons,True,Q13120876,https://www.wikidata.org/wiki/Q13120876,2026-10-03T11:34:02.405334+00:00
f834dcfc,player,Lungi Ngidi,லுங்கி எங்கிடி,False,Q24579247,https://www.wikidata.org/wiki/Q24579247,2026-10-03T11:34:02.405334+00:00
eb4f9c61,player,Lucas Oluoch,Lucas Oluoch,True,Q6696258,https://www.wikidata.org/wiki/Q6696258,2026-10-03T11:34:02.401104+00:00
6ad2d5f7,player,Lalit Rajbanshi,Lalit Rajbanshi,True,Q47086605,https://www.wikidata.org/wiki/Q47086605,2026-10-03T11:34:13.105074+00:00
07248d8e,player,Leah Paul,Leah Paul,True,Q29841651,https://www.wikidata.org/wiki/Q29841651,2026-10-03T11:33:56.662400+00:00
1be70c88,player,Chamara Silva,சாமர சில்வா,False,Q3522170,https://www.wikidata.org/wiki/Q3522170,2026-10-03T11:34:02.402630+00:00
cca8bdca,player,Loryn Phiri,Loryn Phiri,True,Q108801796,https://www.wikidata.org/wiki/Q108801796,2026-10-03T11:33:56.662400+00:00
19147fe0,player,Lauren Down,Lauren Down,True,Q50326604,https://www.wikidata.org/wiki/Q50326604,2026-10-03T11:34:02.405334+00:00
0fa5042b,player,Luke Ronchi,Luke Ronchi,True,Q6702323,https://www.wikidata.org/wiki/Q6702323,2026-10-03T11:34:13.105074+00:00
b61a3e1a,player,Ross Taylor,ரோஸ் டெய்லர்,False,Q7369663,https://www.wikidata.org/wiki/Q7369663,2026-10-03T11:34:00.828353+00:00
923b0e02,player,Lydia Greenway,லிடியா கிரீன்வே,False,Q3525941,https://www.wikidata.org/wiki/Q3525941,2026-10-03T11:34:02.405334+00:00
6b4593ee,player,Lega Siaka,Lega Siaka,True,Q18637994,https://www.wikidata.org/wiki/Q18637994,2026-10-03T11:34:02.401104+00:00
50c6bc2b,player,Liam Livingstone,லியம் லிவிங்சுடன்,False,Q19968743,https://www.wikidata.org/wiki/Q19968743,2026-10-03T11:34:00.828353+00:00
8af91a3e,player,L Taylor,L Taylor,True,,https://query.wikidata.org/sparql,2026-10-03T11:33:57.600001+00:00
f281dd00,player,Loren Tshuma,Loren Tshuma,True,Q28755581,https://www.wikidata.org/wiki/Q28755581,2026-10-03T11:34:02.405334+00:00
3979b5e0,player,Lorcan Tucker,Lorcan Tucker,True,Q26838121,https://www.wikidata.org/wiki/Q26838121,2026-10-03T11:34:13.105074+00:00
8451562a,player,L Udeh,L Udeh,True,,https://query.wikidata.org/sparql,2026-10-03T11:33:57.600001+00:00
3a00d34f,player,LV Boas,LV Boas,True,,https://query.wikidata.org/sparql,2026-10-03T11:33:56.662400+00:00
782fb776,player,Logan van Beek,Logan van Beek,True,Q15979707,https://www.wikidata.org/wiki/Q15979707,2026-10-03T11:34:02.401104+00:00
5230a33d,player,Lauren Winfield,Lauren Winfield,True,Q16225849,https://www.wikidata.org/wiki/Q16225849,2026-10-03T11:34:02.402630+00:00
e60f81c9,player,Laura Wolvaardt,Laura Wolvaardt,True,Q24084269,https://www.wikidata.org/wiki/Q24084269,2026-10-03T11:34:13.105074+00:00
318a4039,player,Anushka Sanjeewani,அனுசுகா சஞ்சீவனி,False,Q27049134,https://www.wikidata.org/wiki/Q27049134,2026-10-03T11:34:02.402630+00:00
3f440bd6,player,Dilani Manodara,Dilani Manodara,True,Q16731935,https://www.wikidata.org/wiki/Q16731935,2026-10-03T11:33:57.602014+00:00
9dad0f2e,player,Mahedi Hasan,Mahedi Hasan,True,Q27049275,https://www.wikidata.org/wiki/Q27049275,2026-10-03T11:34:13.105074+00:00
b9b32e3c,player,Mahirah Ismail,Mahirah Ismail,True,Q55366848,https://www.wikidata.org/wiki/Q55366848,2026-10-03T11:33:56.662400+00:00
bf1d7d3e,player,Mahmudullah,மகுமுதுல்லா ரியாத்,False,Q1187662,https://www.wikidata.org/wiki/Q1187662,2026-10-03T11:34:13.105074+00:00
1f3b9f8d,player,M Akayezu,M Akayezu,True,,https://query.wikidata.org/sparql,2026-10-03T11:33:56.662400+00:00
28131839,player,Michael Leask,Michael Leask,True,Q16224683,https://www.wikidata.org/wiki/Q16224683,2026-10-03T11:34:00.828353+00:00
e9d6a2ce,player,Manpreet Singh,Manpreet Singh,True,Q27843002,https://www.wikidata.org/wiki/Q27843002,2026-10-03T11:33:56.662400+00:00
4bed6af7,player,Maria Jasvi,Maria Jasvi,True,,https://query.wikidata.org/sparql,2026-10-03T11:33:56.662400+00:00
c8ae2573,player,Mariamma Hyder,Mariamma Hyder,True,,https://query.wikidata.org/sparql,2026-10-03T11:33:56.662400+00:00
c328bc6c,player,Malisa Ariokot,Malisa Ariokot,True,Q133836121,https://www.wikidata.org/wiki/Q133836121,2026-10-03T11:33:57.600001+00:00
a50797a4,player,Marufa Akter,Marufa Akter,True,Q116770041,https://www.wikidata.org/wiki/Q116770041,2026-10-03T11:33:57.600001+00:00
b4d08794,player,Maryam Omar,Maryam Omar,True,Q111906653,https://www.wikidata.org/wiki/Q111906653,2026-10-03T11:33:56.662400+00:00
857de42e,player,Mas Elysa,Mas Elysa,True,Q55366843,https://www.wikidata.org/wiki/Q55366843,2026-10-03T11:33:56.662400+00:00
e186f49c,player,Mashrafe Bin Mortaza,முசாரப் முர்தசா,False,Q3350076,https://www.wikidata.org/wiki/Q3350076,2026-10-03T11:34:13.105074+00:00
3fb19989,player,Mitchell Starc,மிட்செல் ஸ்டார்க்,False,Q6881406,https://www.wikidata.org/wiki/Q6881406,2026-10-03T11:34:00.828353+00:00
8d92a2c3,player,Mark Wood,மார்க் வுட்,False,Q6770412,https://www.wikidata.org/wiki/Q6770412,2026-10-03T11:34:00.828353+00:00
997fffbe,player,MBA Lamplough,MBA Lamplough,True,,https://query.wikidata.org/sparql,2026-10-03T11:33:56.662400+00:00
34f86a2d,player,M Bibi,M Bibi,True,,https://query.wikidata.org/sparql,2026-10-03T11:33:56.662400+00:00
16443d2f,player,Moseline Daniels,மோஸ்லைன் டேனியல்ஸ்,False,Q6915626,https://www.wikidata.org/wiki/Q6915626,2026-10-03T11:34:02.402630+00:00
c1a0cebe,player,Marie Bimenyimana,Marie Bimenyimana,True,Q107178117,https://www.wikidata.org/wiki/Q107178117,2026-10-03T11:33:56.662400+00:00
509a7ca1,player,Dhanushka Gunathilleke,தனுஷ்க குணதிலக்க,False,Q5269037,https://www.wikidata.org/wiki/Q5269037,2026-10-03T11:34:00.828353+00:00
f21043a5,player,Kushal Janith Perera,குசல் பெரேரா,False,Q6447872,https://www.wikidata.org/wiki/Q6447872,2026-10-03T11:34:00.828353+00:00
25d7f1ac,player,Monank Patel,Monank Patel,True,Q57017749,https://www.wikidata.org/wiki/Q57017749,2026-10-03T11:33:56.662400+00:00
3ff033bb,player,Dasun Shanaka,தசுன் சானக்க,False,Q20745304,https://www.wikidata.org/wiki/Q20745304,2026-10-03T11:34:02.401104+00:00
e219f17a,player,Mignon du Preez,மிக்னான் டு பிரீஸ்,False,Q3526874,https://www.wikidata.org/wiki/Q3526874,2026-10-03T11:34:02.405334+00:00
c2554b59,player,Maia Bouchier,Maia Bouchier,True,Q106027595,https://www.wikidata.org/wiki/Q106027595,2026-10-03T11:33:56.662400+00:00
c58b0108,player,Mehedi Hasan,மெஹதி ஹசன்,False,Q20676918,https://www.wikidata.org/wiki/Q20676918,2026-10-03T11:34:13.105074+00:00
48fd7349,player,Michael Hussey,மைக்கேல் ஹசி,False,Q174147,https://www.wikidata.org/wiki/Q174147,2026-10-03T11:34:13.105074+00:00
ab89348d,player,Farveez Maharoof,பர்வீஸ் மஹ்ரூப்,False,Q3534173,https://www.wikidata.org/wiki/Q3534173,2026-10-03T11:34:02.402630+00:00
e38bce7a,player,Michael Bracewell,Michael Bracewell,True,Q21620929,https://www.wikidata.org/wiki/Q21620929,2026-10-03T11:34:00.828353+00:00
95a5e066,player,Gerhard Erasmus,Gerhard Erasmus,True,Q18921701,https://www.wikidata.org/wiki/Q18921701,2026-10-03T11:34:02.404741+00:00
f5180fe6,player,Mitchell Johnson,மிச்செல் ஜோன்சன்,False,Q3180617,https://www.wikidata.org/wiki/Q3180617,2026-10-03T11:34:13.105074+00:00
d034d60a,player,M Gorases,M Gorases,True,,https://query.wikidata.org/sparql,2026-10-03T11:33:57.600001+00:00
8b261d84,player,Matty Cross,Matty Cross,True,Q16228086,https://www.wikidata.org/wiki/Q16228086,2026-10-03T11:34:00.828353+00:00
bf5e7711,player,Mariko Hill,Mariko Hill,True,Q22957535,https://www.wikidata.org/wiki/Q22957535,2026-10-03T11:34:00.828353+00:00
7eae4418,player,Misbah-ul-Haq,மிஸ்பா-உல்-ஹக்,False,Q2564848,https://www.wikidata.org/wiki/Q2564848,2026-10-03T11:34:00.828353+00:00
f842c2cf,player,Michael Clarke,மைக்கல் கிளார்க்,False,Q1428440,https://www.wikidata.org/wiki/Q1428440,2026-10-03T11:34:02.401104+00:00
e2410b5e,player,Morna Nielsen,Morna Nielsen,True,Q6912721,https://www.wikidata.org/wiki/Q6912721,2026-10-03T11:34:00.828353+00:00
2be41edb,player,Martin Guptill,மார்ட்டின் குப்தில்,False,Q6775582,https://www.wikidata.org/wiki/Q6775582,2026-10-03T11:33:57.600001+00:00
e84ac20c,player,Matt Henry,மாட் என்றி,False,Q16224322,https://www.wikidata.org/wiki/Q16224322,2026-10-03T11:34:02.402630+00:00
51a3c5ef,player,Mitchell McClenaghan,Mitchell McClenaghan,True,Q6881299,https://www.wikidata.org/wiki/Q6881299,2026-10-03T11:34:00.828353+00:00
1200550f,player,Matt Prior,மாட் பிரியர்,False,Q3529850,https://www.wikidata.org/wiki/Q3529850,2026-10-03T11:33:57.600001+00:00
e4a0deae,player,Mitchell Santner,மிட்செல் சான்ட்னர்,False,Q19860904,https://www.wikidata.org/wiki/Q19860904,2026-10-03T11:34:02.402630+00:00
d84378a4,player,Mohammad Kaif,முகமது கைஃப்,False,Q2117892,https://www.wikidata.org/wiki/Q2117892,2026-10-03T11:34:00.828353+00:00
63e3b6b3,player,Marizanne Kapp,மரிசேன் காப்,False,Q6766105,https://www.wikidata.org/wiki/Q6766105,2026-10-03T11:34:00.828353+00:00
ce85fcaf,player,Masabata Klaas,மசபாடா கிளாஸ்,False,Q6782275,https://www.wikidata.org/wiki/Q6782275,2026-10-03T11:34:00.828353+00:00
fa433be6,player,Marnus Labuschagne,மார்னஸ் லபுஷேன்,False,Q18637614,https://www.wikidata.org/wiki/Q18637614,2026-10-03T11:34:13.105074+00:00
865eae1f,player,Maddy Green,Maddy Green,True,Q16211894,https://www.wikidata.org/wiki/Q16211894,2026-10-03T11:34:02.401104+00:00
d8699ab7,player,Matthew Hayden,மாத்தியூ எய்டன்,False,Q981493,https://www.wikidata.org/wiki/Q981493,2026-10-03T11:34:13.105074+00:00
17608a6f,player,Megan Schutt,Megan Schutt,True,Q16225425,https://www.wikidata.org/wiki/Q16225425,2026-10-03T11:34:00.828353+00:00
bb351c23,player,Moeen Ali,மொயீன் அலி,False,Q6890053,https://www.wikidata.org/wiki/Q6890053,2026-10-03T11:34:13.105074+00:00
d5fa2ab3,player,Megan McColl,Megan McColl,True,Q66311039,https://www.wikidata.org/wiki/Q66311039,2026-10-03T11:33:56.662400+00:00
27e003ce,player,Meg Lanning,மெக் லானிங்,False,Q6807995,https://www.wikidata.org/wiki/Q6807995,2026-10-03T11:34:00.828353+00:00
7544bf30,player,Marcia Letsoalo,மார்சியா லெட்சோலோ,False,Q6757119,https://www.wikidata.org/wiki/Q6757119,2026-10-03T11:33:57.602014+00:00
5bb5a915,player,Morné Morkel,மோர்னி மோர்க்கல்,False,Q3518308,https://www.wikidata.org/wiki/Q3518308,2026-10-03T11:34:02.401104+00:00
f0f628c7,player,Munaf Patel,முனாஃவ் பட்டேல்,False,Q3522136,https://www.wikidata.org/wiki/Q3522136,2026-10-03T11:34:00.828353+00:00
6657b319,player,Modester Mupachikwa,Modester Mupachikwa,True,Q28755594,https://www.wikidata.org/wiki/Q28755594,2026-10-03T11:34:02.405334+00:00
4ba44e19,player,Muttiah Muralitharan,முத்தையா முரளிதரன்,False,Q379709,https://www.wikidata.org/wiki/Q379709,2026-10-03T11:34:02.402630+00:00
94b52754,player,Mary-Anne Musonda,Mary-Anne Musonda,True,Q28755592,https://www.wikidata.org/wiki/Q28755592,2026-10-03T11:34:02.402630+00:00
92b9e9af,player,M Mwatile,M Mwatile,True,,https://query.wikidata.org/sparql,2026-10-03T11:33:57.600001+00:00
f846de6a,player,Marlon Samuels,மார்லன் சாமுவேல்சு,False,Q3351437,https://www.wikidata.org/wiki/Q3351437,2026-10-03T11:34:02.404741+00:00
20a941bb,player,Makhaya Ntini,மக்காயா என்டினி,False,Q1886365,https://www.wikidata.org/wiki/Q1886365,2026-10-03T11:34:02.401104+00:00
ec4dada1,player,Malcolm Waller,மால்கம் வாலர்,False,Q6742695,https://www.wikidata.org/wiki/Q6742695,2026-10-03T11:34:13.105074+00:00
e174dadd,player,Mohammad Amir,முகம்மது ஆமிர்,False,Q3202252,https://www.wikidata.org/wiki/Q3202252,2026-10-03T11:34:00.828353+00:00
2bb09eb2,player,Mohammad Ashraful,மொகமது அஷ்ரஃபுல்,False,Q3345586,https://www.wikidata.org/wiki/Q3345586,2026-10-03T11:34:13.105074+00:00
9ab63e7b,player,Mohammad Hafeez,முகம்மது ஹஃபீஸ்,False,Q3535271,https://www.wikidata.org/wiki/Q3535271,2026-10-03T11:34:00.828353+00:00
a8e3170f,player,Mohammad Irfan,முகம்மது இர்பான்,False,Q3536989,https://www.wikidata.org/wiki/Q3536989,2026-10-03T11:34:00.828353+00:00
c5d7b244,player,Mohammad Nadeem,Mohammad Nadeem,True,Q20744571,https://www.wikidata.org/wiki/Q20744571,2026-10-03T11:34:00.828353+00:00
3086f7a4,player,Mohammad Nawaz,முகமது நவாஸ்,False,Q21622188,https://www.wikidata.org/wiki/Q21622188,2026-10-03T11:34:00.828353+00:00
2f26ac1a,player,Mohammad Rizwan,முகம்மது ரிஸ்வான்,False,Q19577671,https://www.wikidata.org/wiki/Q19577671,2026-10-03T11:34:00.828353+00:00
b3a28446,player,Mohammad Saifuddin,முகமது சைபுதீன்,False,Q20676739,https://www.wikidata.org/wiki/Q20676739,2026-10-03T11:34:13.105074+00:00
e237b28c,player,Mohammad Yousuf,முகம்மது யூசுப்,False,Q3058207,https://www.wikidata.org/wiki/Q3058207,2026-10-03T11:34:02.401104+00:00
8cf9814c,player,Mohammed Shami,முகம்மது ஷாமி,False,Q7487531,https://www.wikidata.org/wiki/Q7487531,2026-10-03T11:34:02.402630+00:00
8919756f,player,Mosaddek Hossain Saikat,மொசதக் உசைன் சைகத்,False,Q19668597,https://www.wikidata.org/wiki/Q19668597,2026-10-03T11:34:02.405334+00:00
b699df47,player,Max O'Dowd,Max O'Dowd,True,Q20745123,https://www.wikidata.org/wiki/Q20745123,2026-10-03T11:34:13.105074+00:00
5bc290a2,player,MPP San,MPP San,True,,https://query.wikidata.org/sparql,2026-10-03T11:33:56.662400+00:00
d9273ee7,player,Marcus Stoinis,மார்கஸ் ஸ்டோய்னிஸ்,False,Q6758472,https://www.wikidata.org/wiki/Q6758472,2026-10-03T11:34:00.828353+00:00
fc55ec67,player,Mark Adair,Mark Adair,True,Q21620663,https://www.wikidata.org/wiki/Q21620663,2026-10-03T11:34:02.404741+00:00
4e7aa570,player,Merissa Aguilleira,மெரீசா ஆகிலேரா,False,Q12988113,https://www.wikidata.org/wiki/Q12988113,2026-10-03T11:34:00.828353+00:00
ec2269dc,player,Mithali Raj,மிதாலி ராஜ்,False,Q3520476,https://www.wikidata.org/wiki/Q3520476,2026-10-03T11:34:02.405334+00:00
38424a4d,player,M Ribeiro,M Ribeiro,True,,https://query.wikidata.org/sparql,2026-10-03T11:33:57.600001+00:00
1252f71a,player,Mark Watt,Mark Watt,True,Q20877355,https://www.wikidata.org/wiki/Q20877355,2026-10-03T11:34:13.105074+00:00
3d8feaf8,player,Mitchell Marsh,மிட்செல் மார்ஷ்,False,Q13579875,https://www.wikidata.org/wiki/Q13579875,2026-10-03T11:33:57.602014+00:00
8a686d30,player,Marvan Atapattu,மாவன் அத்தப்பத்து,False,Q3522556,https://www.wikidata.org/wiki/Q3522556,2026-10-03T11:34:02.402630+00:00
7fa12533,player,Mark Chapman,Mark Chapman,True,Q6767045,https://www.wikidata.org/wiki/Q6767045,2026-10-03T11:34:02.401104+00:00
4a8a2e3b,player,MS Dhoni,மகேந்திர சிங் தோனி,False,Q470774,https://www.wikidata.org/wiki/Q470774,2026-10-03T11:34:00.828353+00:00
afa7e784,player,Matthew Wade,மேத்தியு வேட்,False,Q3299813,https://www.wikidata.org/wiki/Q3299813,2026-10-03T11:33:57.600001+00:00
f24c6701,player,Mahesh Theekshana,மகேசு தீக்சன,False,Q59656519,https://www.wikidata.org/wiki/Q59656519,2026-10-03T11:33:56.662400+00:00
cebc1351,player,Mairi Tom,Mairi Tom,True,Q28777206,https://www.wikidata.org/wiki/Q28777206,2026-10-03T11:34:13.105074+00:00
090f96e4,player,Muhammad Nadir,Muhammad Nadir,True,,https://query.wikidata.org/sparql,2026-10-03T11:33:57.600001+00:00
45642393,player,Mohammad Usman,Mohammad Usman,True,Q22948969,https://www.wikidata.org/wiki/Q22948969,2026-10-03T11:34:13.955263+00:00
86fdf668,player,Muneeba Ali,Muneeba Ali,True,Q23771836,https://www.wikidata.org/wiki/Q23771836,2026-10-03T11:34:13.105074+00:00
712bbd92,player,Murshida Khatun,Murshida Khatun,True,Q45155136,https://www.wikidata.org/wiki/Q45155136,2026-10-03T11:33:56.662400+00:00
a94e08ea,player,Mushfiqur Rahim,முஷ்பிகுர் ரகீம்,False,Q3348174,https://www.wikidata.org/wiki/Q3348174,2026-10-03T11:34:13.105074+00:00
0a8fce53,player,Mustafizur Rahman,முசுத்தாபிசூர் ரகுமான்,False,Q19829386,https://www.wikidata.org/wiki/Q19829386,2026-10-03T11:34:00.828353+00:00
7d6ce83f,player,M Uwase,M Uwase,True,,https://query.wikidata.org/sparql,2026-10-03T11:33:57.600001+00:00
7eb36269,player,Michael van Lingen,Michael van Lingen,True,Q23541267,https://www.wikidata.org/wiki/Q23541267,2026-10-03T11:34:13.105074+00:00
f3cb53a1,player,Mark Boucher,மார்க் பவுச்சர்,False,Q678379,https://www.wikidata.org/wiki/Q678379,2026-10-03T11:34:02.401104+00:00
2e4f11e9,player,Mary Waldron,Mary Waldron,True,Q6780904,https://www.wikidata.org/wiki/Q6780904,2026-10-03T11:34:02.401104+00:00
74eecff4,player,M Wai Siu,M Wai Siu,True,,https://query.wikidata.org/sparql,2026-10-03T11:33:56.662400+00:00
f20e7e23,player,Mai Yanagida,Mai Yanagida,True,Q47083855,https://www.wikidata.org/wiki/Q47083855,2026-10-03T11:34:02.405334+00:00
66078174,player,Nahida Akter,Nahida Akter,True,Q21620406,https://www.wikidata.org/wiki/Q21620406,2026-10-03T11:34:13.105074+00:00
3e7c0b1e,player,Nahida Khan,Nahida Khan,True,Q6959259,https://www.wikidata.org/wiki/Q6959259,2026-10-03T11:34:00.828353+00:00
5486d41f,player,Nain Abidi,நயின் அபிதி,False,Q6959690,https://www.wikidata.org/wiki/Q6959690,2026-10-03T11:33:57.602014+00:00
c63671e9,player,Naseem Khushi,Naseem Khushi,True,Q28341342,https://www.wikidata.org/wiki/Q28341342,2026-10-03T11:33:56.662400+00:00
c981d3c2,player,Nashra Sandhu,Nashra Sandhu,True,Q28722417,https://www.wikidata.org/wiki/Q28722417,2026-10-03T11:34:13.105074+00:00
6eea0b32,player,Nasir Hossain,நசீர் உசைன்,False,Q5505956,https://www.wikidata.org/wiki/Q5505956,2026-10-03T11:34:00.828353+00:00
fa8a3eb0,player,Natalia Pervaiz,Natalia Pervaiz,True,Q42879193,https://www.wikidata.org/wiki/Q42879193,2026-10-03T11:33:56.662400+00:00
1274d7ab,player,Najmul Hossain Shanto,நஸ்முல் உசைன் சாந்தோ,False,Q20745307,https://www.wikidata.org/wiki/Q20745307,2026-10-03T11:34:13.105074+00:00
58acb320,player,Nattaya Boochatham,Nattaya Boochatham,True,Q28755607,https://www.wikidata.org/wiki/Q28755607,2026-10-03T11:34:00.828353+00:00
0825e4b3,player,Naruemol Chaiwai,Naruemol Chaiwai,True,Q28755599,https://www.wikidata.org/wiki/Q28755599,2026-10-03T11:34:02.402630+00:00
b5626ff7,player,Natthakan Chantam,Natthakan Chantam,True,Q28755603,https://www.wikidata.org/wiki/Q28755603,2026-10-03T11:34:02.402630+00:00
a904600a,player,N Choden,N Choden,True,,https://query.wikidata.org/sparql,2026-10-03T11:33:56.662400+00:00
752af5a4,player,NC Monteiro,NC Monteiro,True,,https://query.wikidata.org/sparql,2026-10-03T11:33:56.662400+00:00
ea544967,player,Nadine de Klerk,Nadine de Klerk,True,Q29870328,https://www.wikidata.org/wiki/Q29870328,2026-10-03T11:34:13.105074+00:00
45963d9e,player,Niroshan Dickwella,நிரோசன் டிக்வெல்ல,False,Q17425106,https://www.wikidata.org/wiki/Q17425106,2026-10-03T11:34:00.828353+00:00
dd883071,player,Nicole Bolton,Nicole Bolton,True,Q16209936,https://www.wikidata.org/wiki/Q16209936,2026-10-03T11:33:57.602014+00:00
9c2e3040,player,Nyasha Gwanzura,Nyasha Gwanzura,True,Q108801761,https://www.wikidata.org/wiki/Q108801761,2026-10-03T11:34:13.105074+00:00
ed840f44,player,Nida Dar,நிடா டார்,False,Q7030757,https://www.wikidata.org/wiki/Q7030757,2026-10-03T11:34:00.828353+00:00
3827f6a2,player,Nigar Sultana,Nigar Sultana,True,Q22957716,https://www.wikidata.org/wiki/Q22957716,2026-10-03T11:34:13.105074+00:00
e3eb9e46,player,Nizakat Khan,Nizakat Khan,True,Q7042085,https://www.wikidata.org/wiki/Q7042085,2026-10-03T11:34:00.828353+00:00
dff806f4,player,Nicola Carey,Nicola Carey,True,Q24006924,https://www.wikidata.org/wiki/Q24006924,2026-10-03T11:34:00.828353+00:00
84826f48,player,Niall O'Brien,நியல் ஓ'பிறையன்,False,Q3529757,https://www.wikidata.org/wiki/Q3529757,2026-10-03T11:33:57.600001+00:00
f4270fc7,player,NJ Pius,NJ Pius,True,,https://query.wikidata.org/sparql,2026-10-03T11:33:56.662400+00:00
382377a4,player,NK Ariani,NK Ariani,True,,https://query.wikidata.org/sparql,2026-10-03T11:33:57.600001+00:00
82c78412,player,Nannapat Koncharoenkai,Nannapat Koncharoenkai,True,Q28755596,https://www.wikidata.org/wiki/Q28755596,2026-10-03T11:34:13.105074+00:00
d04fc4a4,player,NLKWR Dewi,NLKWR Dewi,True,,https://query.wikidata.org/sparql,2026-10-03T11:33:57.600001+00:00
5673a3fc,player,Nathan McCullum,நேத்தன் மெக்கெல்லம்,False,Q3531282,https://www.wikidata.org/wiki/Q3531282,2026-10-03T11:34:00.828353+00:00
0f12f9df,player,Thisara Perera,திசாரா பெரேரா,False,Q3529830,https://www.wikidata.org/wiki/Q3529830,2026-10-03T11:33:57.600001+00:00
686362af,player,Nonkululeko Mlaba,Nonkululeko Mlaba,True,Q68462607,https://www.wikidata.org/wiki/Q68462607,2026-10-03T11:34:13.955263+00:00
52b57a65,player,NMP Suwandewi,NMP Suwandewi,True,,https://query.wikidata.org/sparql,2026-10-03T11:33:56.662400+00:00
b0023708,player,N Navaika,N Navaika,True,,https://query.wikidata.org/sparql,2026-10-03T11:33:56.662400+00:00
f0b4294e,player,Nilakshi de Silva,நிலாக்சி டி சில்வா,False,Q16232558,https://www.wikidata.org/wiki/Q16232558,2026-10-03T11:34:13.105074+00:00
16610c7b,player,NN Saidi,NN Saidi,True,,https://query.wikidata.org/sparql,2026-10-03T11:33:56.662400+00:00
72b5decf,player,NPAN Sakarini,NPAN Sakarini,True,,https://query.wikidata.org/sparql,2026-10-03T11:33:56.662400+00:00
f7d267f7,player,Nosthush Kenjige,Nosthush Kenjige,True,Q47528285,https://www.wikidata.org/wiki/Q47528285,2026-10-03T11:33:56.662400+00:00
3241e3fd,player,Nicolas Pooran,நிக்கோலஸ் பூரன்,False,Q17484247,https://www.wikidata.org/wiki/Q17484247,2026-10-03T11:34:13.105074+00:00
f3a18a0c,player,Nat Sciver-Brunt,Nat Sciver-Brunt,True,Q16225429,https://www.wikidata.org/wiki/Q16225429,2026-10-03T11:34:02.402630+00:00
b17a4a93,player,Nondumiso Shangase,Nondumiso Shangase,True,Q64010410,https://www.wikidata.org/wiki/Q64010410,2026-10-03T11:34:13.105074+00:00
583ce32c,player,Shree Charani,ஸ்ரீ சரணி,False,Q134511458,https://www.wikidata.org/wiki/Q134511458,2026-10-03T11:33:57.600001+00:00
edf62a25,player,Nomvelo Sibanda,Nomvelo Sibanda,True,Q108801794,https://www.wikidata.org/wiki/Q108801794,2026-10-03T11:33:56.662400+00:00
d27d0835,player,Natasha Miles,Natasha Miles,True,Q106322872,https://www.wikidata.org/wiki/Q106322872,2026-10-03T11:33:57.602014+00:00
4db4c8be,player,Nur Arianna Natsya,Nur Arianna Natsya,True,Q116471704,https://www.wikidata.org/wiki/Q116471704,2026-10-03T11:33:56.662400+00:00
3af75717,player,Nur Dania Syuhada,Nur Dania Syuhada,True,Q116471700,https://www.wikidata.org/wiki/Q116471700,2026-10-03T11:33:57.600001+00:00
a36915ce,player,Norman Vanua,Norman Vanua,True,Q18638137,https://www.wikidata.org/wiki/Q18638137,2026-10-03T11:34:02.404741+00:00
20ace887,player,Naoani Vare,Naoani Vare,True,Q55433784,https://www.wikidata.org/wiki/Q55433784,2026-10-03T11:33:56.662400+00:00
4c61a0f9,player,Nathan Bracken,நாதன் பிராக்கன்,False,Q378764,https://www.wikidata.org/wiki/Q378764,2026-10-03T11:34:00.828353+00:00
e910d955,player,NW Sariani,NW Sariani,True,,https://query.wikidata.org/sparql,2026-10-03T11:33:56.662400+00:00
1d39dc61,player,Natasha McLean,Natasha McLean,True,Q16466552,https://www.wikidata.org/wiki/Q16466552,2026-10-03T11:34:02.401104+00:00
7bf96684,player,Owais Shah,உவைஸ் ஷா,False,Q6831317,https://www.wikidata.org/wiki/Q6831317,2026-10-03T11:33:57.600001+00:00
519b872a,player,Onnicha Kamchomphu,Onnicha Kamchomphu,True,Q55366896,https://www.wikidata.org/wiki/Q55366896,2026-10-03T11:34:13.105074+00:00
cba01c28,player,O Kgeresi,O Kgeresi,True,,https://query.wikidata.org/sparql,2026-10-03T11:33:57.600001+00:00
fb31ca49,player,O Manishimwe,O Manishimwe,True,,https://query.wikidata.org/sparql,2026-10-03T11:33:57.600001+00:00
d8f20ba5,player,Orla Prendergast,Orla Prendergast,True,Q66310534,https://www.wikidata.org/wiki/Q66310534,2026-10-03T11:33:56.662400+00:00
e6a6888f,player,O Tuyisenge,O Tuyisenge,True,,https://query.wikidata.org/sparql,2026-10-03T11:33:56.662400+00:00
52d3b7ff,player,Oshadi Ranasinghe,ஒசாதி ரணசிங்க,False,Q16231508,https://www.wikidata.org/wiki/Q16231508,2026-10-03T11:34:00.828353+00:00
8e7be59c,player,Priyanaz Chatterji,Priyanaz Chatterji,True,Q28755625,https://www.wikidata.org/wiki/Q28755625,2026-10-03T11:34:02.404741+00:00
fcf37e14,player,Prosscovia Alako,Prosscovia Alako,True,Q133836106,https://www.wikidata.org/wiki/Q133836106,2026-10-03T11:33:56.662400+00:00
005f0561,player,Panna Ghosh,Panna Ghosh,True,Q15730313,https://www.wikidata.org/wiki/Q15730313,2026-10-03T11:34:00.828353+00:00
78fcc740,player,Pavandeep Singh,பாவந்தீப் சிங்,False,Q18387202,https://www.wikidata.org/wiki/Q18387202,2026-10-03T11:34:13.105074+00:00
4557dc54,player,Paul van Meekeren,Paul van Meekeren,True,Q15978298,https://www.wikidata.org/wiki/Q15978298,2026-10-03T11:34:00.828353+00:00
a386e91b,player,Paul Collingwood,போல் கொலிங்வுட்,False,Q983731,https://www.wikidata.org/wiki/Q983731,2026-10-03T11:33:56.662400+00:00
3d284ca3,player,Philip Salt,பில் சோல்ட்,False,Q21030613,https://www.wikidata.org/wiki/Q21030613,2026-10-03T11:34:13.105074+00:00
bb1a5f8a,player,PE Kulume,PE Kulume,True,,https://query.wikidata.org/sparql,2026-10-03T11:33:57.600001+00:00
70bab30b,player,PE Mendonca,PE Mendonca,True,,https://query.wikidata.org/sparql,2026-10-03T11:33:57.600001+00:00
4958ad5f,player,Punam Raut,பூனம் ரவுட்,False,Q3525912,https://www.wikidata.org/wiki/Q3525912,2026-10-03T11:34:00.828353+00:00
08548b13,player,Kamindu Mendis,காமிந்து மெண்டிஸ்,False,Q22006833,https://www.wikidata.org/wiki/Q22006833,2026-10-03T11:34:13.105074+00:00
ded9240e,player,Pat Cummins,பாற் கமின்சு,False,Q7143348,https://www.wikidata.org/wiki/Q7143348,2026-10-03T11:34:02.402630+00:00
e938e1bc,player,Praveen Kumar,பிரவீண் குமார்,False,Q3519988,https://www.wikidata.org/wiki/Q3519988,2026-10-03T11:34:00.828353+00:00
4e6ef14f,player,Phoebe Litchfield,Phoebe Litchfield,True,Q71741046,https://www.wikidata.org/wiki/Q71741046,2026-10-03T11:33:56.662400+00:00
9ea555a4,player,Pako Mapotsane,Pako Mapotsane,True,Q124454138,https://www.wikidata.org/wiki/Q124454138,2026-10-03T11:33:57.600001+00:00
a4f1fdd4,player,Precious Marange,Precious Marange,True,Q21872593,https://www.wikidata.org/wiki/Q21872593,2026-10-03T11:34:00.828353+00:00
72eada4c,player,Phannita Maya,Phannita Maya,True,Q85748564,https://www.wikidata.org/wiki/Q85748564,2026-10-03T11:33:56.662400+00:00
fa9db243,player,P Molkenboer,P Molkenboer,True,,https://query.wikidata.org/sparql,2026-10-03T11:33:57.600001+00:00
abbdca1a,player,Pieter Seelaar,பீட்டர் சீலார்,False,Q3529528,https://www.wikidata.org/wiki/Q3529528,2026-10-03T11:33:57.600001+00:00
1b3718d2,player,Prasadani Weerakkody,Prasadani Weerakkody,True,Q16755848,https://www.wikidata.org/wiki/Q16755848,2026-10-03T11:34:02.401104+00:00
8ee36b18,player,Pathum Nissanka,பத்தும் நிசங்க,False,Q29210519,https://www.wikidata.org/wiki/Q29210519,2026-10-03T11:33:56.662400+00:00
d0bb40b8,player,Poonam Yadav,பூனம் யாதவ்,False,Q7228702,https://www.wikidata.org/wiki/Q7228702,2026-10-03T11:34:13.105074+00:00
f4b942ae,player,Priyada Murali,Priyada Murali,True,,https://query.wikidata.org/sparql,2026-10-03T11:33:56.662400+00:00
cf494ffe,player,Paul Stirling,பால் ஸ்டிர்லிங்,False,Q3529797,https://www.wikidata.org/wiki/Q3529797,2026-10-03T11:34:00.828353+00:00
595433d2,player,Pauke Siaka,Pauke Siaka,True,Q28777210,https://www.wikidata.org/wiki/Q28777210,2026-10-03T11:34:00.828353+00:00
591a7004,player,PSR Gurusinghe,PSR Gurusinghe,True,,https://query.wikidata.org/sparql,2026-10-03T11:33:56.662400+00:00
4b95058b,player,Puja Mahato,Puja Mahato,True,Q123505625,https://www.wikidata.org/wiki/Q123505625,2026-10-03T11:33:57.600001+00:00
9de271ef,player,Prosper Utseya,பிராஸ்பர் உட்சேயா,False,Q3521760,https://www.wikidata.org/wiki/Q3521760,2026-10-03T11:34:13.105074+00:00
8026ea72,player,Pooja Vastrakar,பூஜா வஸ்திரகர்,False,Q28378242,https://www.wikidata.org/wiki/Q28378242,2026-10-03T11:34:13.105074+00:00
327b58d3,player,Dushmantha Chameera,துஷ்மந்த சமீரா,False,Q18921524,https://www.wikidata.org/wiki/Q18921524,2026-10-03T11:34:02.405334+00:00
a97c8ec2,player,Wanindu Hasaranga,வாணிந்து அசரங்கா,False,Q22004824,https://www.wikidata.org/wiki/Q22004824,2026-10-03T11:34:13.105074+00:00
6e60bbe2,player,PZ Kamunya,PZ Kamunya,True,,https://query.wikidata.org/sparql,2026-10-03T11:33:56.662400+00:00
2e988457,player,Queentor Abel,Queentor Abel,True,Q112243189,https://www.wikidata.org/wiki/Q112243189,2026-10-03T11:33:56.662400+00:00
2ea9b32c,player,Qanita Jalil,கனீடா ஜலீல்,False,Q7266491,https://www.wikidata.org/wiki/Q7266491,2026-10-03T11:33:57.600001+00:00
372455c4,player,Quinton de Kock,குவின்டன் டி கொக்,False,Q7272502,https://www.wikidata.org/wiki/Q7272502,2026-10-03T11:34:00.828353+00:00
d6164dc0,player,Qiana Joseph,Qiana Joseph,True,Q30578559,https://www.wikidata.org/wiki/Q30578559,2026-10-03T11:34:13.105074+00:00
aaf037b1,player,Rabeya Khan,Rabeya Khan,True,Q107272416,https://www.wikidata.org/wiki/Q107272416,2026-10-03T11:33:57.600001+00:00
fe93fd9d,player,Ravindra Jadeja,ரவீந்திர ஜடேஜா,False,Q2721457,https://www.wikidata.org/wiki/Q2721457,2026-10-03T11:33:57.600001+00:00
d5eb8b84,player,Rosemary Mair,Rosemary Mair,True,Q61556091,https://www.wikidata.org/wiki/Q61556091,2026-10-03T11:34:13.105074+00:00
0b78b7c1,player,Rameen Shamim,Rameen Shamim,True,Q64010307,https://www.wikidata.org/wiki/Q64010307,2026-10-03T11:33:56.662400+00:00
66c1accf,player,R Andrew,R Andrew,True,,https://query.wikidata.org/sparql,2026-10-03T11:33:56.662400+00:00
3f811de0,player,Rashid Khan,Rashid Khan,True,,https://query.wikidata.org/sparql,2026-10-03T11:33:57.602014+00:00
5f547c8b,player,Rashid Khan,ரஷீத் கான்,False,Q21621685,https://www.wikidata.org/wiki/Q21621685,2026-10-03T11:34:13.105074+00:00
69cccff3,player,Rashid Khan,Rashid Khan,True,Q79423699,https://www.wikidata.org/wiki/Q79423699,2026-10-03T11:33:56.662400+00:00
700e1c72,player,Rashid Khan,ரசீட் கான்,False,Q14474511,https://www.wikidata.org/wiki/Q14474511,2026-10-03T11:34:00.828353+00:00
1eaac48d,player,Rashid Khan,Rashid Khan,True,,https://query.wikidata.org/sparql,2026-10-03T11:33:57.600001+00:00
495d42a5,player,Ravichandran Ashwin,ரவிச்சந்திரன் அசுவின்,False,Q3007571,https://www.wikidata.org/wiki/Q3007571,2026-10-03T11:33:57.602014+00:00
2f28dc94,player,Suranga Lakmal,சுரங்க லக்மால்,False,Q12978671,https://www.wikidata.org/wiki/Q12978671,2026-10-03T11:34:02.402630+00:00
dfdaca74,player,Rubina Chhetri,Rubina Chhetri,True,Q25621040,https://www.wikidata.org/wiki/Q25621040,2026-10-03T11:34:02.402630+00:00
e21bc7f3,player,Richie Berrington,Richie Berrington,True,Q7330478,https://www.wikidata.org/wiki/Q7330478,2026-10-03T11:33:57.600001+00:00
0184dc35,player,Rahul Dravid,ராகுல் திராவிட்,False,Q470772,https://www.wikidata.org/wiki/Q470772,2026-10-03T11:34:00.828353+00:00
7298db76,player,Renuka Singh,ரேணுகா சிங் தாக்கூர்,False,Q108568167,https://www.wikidata.org/wiki/Q108568167,2026-10-03T11:34:13.955263+00:00
05c2ca46,player,Roelof van der Merwe,ரால்ப் வான் டெர் மெர்வ்,False,Q11217157,https://www.wikidata.org/wiki/Q11217157,2026-10-03T11:34:02.402630+00:00
740742ef,player,Rohit Sharma,ரோகித் சர்மா,False,Q3520045,https://www.wikidata.org/wiki/Q3520045,2026-10-03T11:34:00.828353+00:00
e6f0408a,player,Rachel Priest,Rachel Priest,True,Q7279361,https://www.wikidata.org/wiki/Q7279361,2026-10-03T11:33:57.600001+00:00
269cc4ff,player,Riazat Ali Shah,Riazat Ali Shah,True,Q52674324,https://www.wikidata.org/wiki/Q52674324,2026-10-03T11:33:56.662400+00:00
36ba7f0b,player,Rinitha Rajith,Rinitha Rajith,True,,https://query.wikidata.org/sparql,2026-10-03T11:33:57.600001+00:00
5935d694,player,Rishad Hossain,Rishad Hossain,True,Q59656513,https://www.wikidata.org/wiki/Q59656513,2026-10-03T11:33:56.662400+00:00
ad3940a5,player,Ritu Moni,Ritu Moni,True,Q21622105,https://www.wikidata.org/wiki/Q21622105,2026-10-03T11:34:02.402630+00:00
8b7cda26,player,Riya Sharma,Riya Sharma,True,,https://query.wikidata.org/sparql,2026-10-03T11:33:57.600001+00:00
e741ed8f,player,Rizwan Butt,Rizwan Butt,True,,https://query.wikidata.org/sparql,2026-10-03T11:33:57.600001+00:00
26ff4c29,player,Robin Peterson,ரொபின் பீட்டர்சன்,False,Q3522056,https://www.wikidata.org/wiki/Q3522056,2026-10-03T11:34:02.401104+00:00
5959370f,player,Rosenanee Kanoh,Rosenanee Kanoh,True,Q55433790,https://www.wikidata.org/wiki/Q55433790,2026-10-03T11:33:56.662400+00:00
1a3cc554,player,Rohit Kumar,Rohit Kumar,True,Q48734810,https://www.wikidata.org/wiki/Q48734810,2026-10-03T11:33:56.662400+00:00
3feda4fa,player,Roston Chase,Roston Chase,True,Q22003618,https://www.wikidata.org/wiki/Q22003618,2026-10-03T11:34:00.828353+00:00
d7c6b0fb,player,Rachael Haynes,ராக்கேல் ஹெயின்ஸ்,False,Q7279078,https://www.wikidata.org/wiki/Q7279078,2026-10-03T11:33:57.602014+00:00
4cf645c9,player,Roberta Moretti Avery,Roberta Moretti Avery,True,Q104780457,https://www.wikidata.org/wiki/Q104780457,2026-10-03T11:33:56.662400+00:00
4ed7d23f,player,Rene Farrell,ரெனே ஃபெர்ரல்,False,Q3525871,https://www.wikidata.org/wiki/Q3525871,2026-10-03T11:33:57.602014+00:00
721e0199,player,Richa Ghosh,ரிச்சா கோஷ்,False,Q83719779,https://www.wikidata.org/wiki/Q83719779,2026-10-03T11:33:57.600001+00:00
017cadb2,player,Rita Musamali,Rita Musamali,True,Q55433704,https://www.wikidata.org/wiki/Q55433704,2026-10-03T11:33:56.662400+00:00
9e866b59,player,Vishmi Gunaratne,விஷ்மி குணரத்ன,False,Q113550960,https://www.wikidata.org/wiki/Q113550960,2026-10-03T11:33:57.600001+00:00
6e3f5a5c,player,Richard Ngarava,Richard Ngarava,True,Q28648831,https://www.wikidata.org/wiki/Q28648831,2026-10-03T11:34:13.105074+00:00
d1988788,player,Rohan Mustafa,Rohan Mustafa,True,Q15962525,https://www.wikidata.org/wiki/Q15962525,2026-10-03T11:34:00.828353+00:00
94ed3e4b,player,Rohit Sharma,Rohit Sharma,True,Q21622847,https://www.wikidata.org/wiki/Q21622847,2026-10-03T11:34:13.105074+00:00
a1cbdeeb,player,Rohit Sharma,Rohit Sharma,True,,https://query.wikidata.org/sparql,2026-10-03T11:33:57.600001+00:00
05d9faac,player,Roma Thapa,Roma Thapa,True,Q108610352,https://www.wikidata.org/wiki/Q108610352,2026-10-03T11:33:56.662400+00:00
b84718fd,player,Rosine Irera,Rosine Irera,True,,https://query.wikidata.org/sparql,2026-10-03T11:33:57.600001+00:00
b08252b8,player,Ryan Burl,Ryan Burl,True,Q20630643,https://www.wikidata.org/wiki/Q20630643,2026-10-03T11:34:02.402630+00:00
650d5e49,player,Rovman Powell,ரொவ்மன் போவல்,False,Q22279728,https://www.wikidata.org/wiki/Q22279728,2026-10-03T11:34:13.105074+00:00
0ab3c788,player,RP Singh,RP Singh,True,,https://query.wikidata.org/sparql,2026-10-03T11:33:57.600001+00:00
6c3aef71,player,Radha Yadav,ராதா யாதவ்,False,Q28379953,https://www.wikidata.org/wiki/Q28379953,2026-10-03T11:34:13.105074+00:00
d68e7f48,player,Ravi Rampaul,ரவி ராம்பால்,False,Q3531214,https://www.wikidata.org/wiki/Q3531214,2026-10-03T11:34:02.404741+00:00
ba5e1069,player,Rachin Ravindra,இரச்சின் இரவீந்திரா,False,Q58008279,https://www.wikidata.org/wiki/Q58008279,2026-10-03T11:34:13.105074+00:00
b8cc58c9,player,Reeza Hendricks,Reeza Hendricks,True,Q18125532,https://www.wikidata.org/wiki/Q18125532,2026-10-03T11:33:57.602014+00:00
42e4b276,player,Robine Rijke,Robine Rijke,True,Q28777213,https://www.wikidata.org/wiki/Q28777213,2026-10-03T11:34:13.105074+00:00
919a3be2,player,Rishabh Pant,ரிஷப் பந்த்,False,Q21622311,https://www.wikidata.org/wiki/Q21622311,2026-10-03T11:34:13.105074+00:00
7fa6bd8e,player,Rakep Patel,ராகேப் பட்டேல்,False,Q3529672,https://www.wikidata.org/wiki/Q3529672,2026-10-03T11:33:57.602014+00:00
36d33dd0,player,Ramnaresh Sarwan,ராம்நரேஷ் சர்வான்,False,Q3522156,https://www.wikidata.org/wiki/Q3522156,2026-10-03T11:34:02.404741+00:00
7ccc0a38,player,RR Seth,RR Seth,True,,https://query.wikidata.org/sparql,2026-10-03T11:33:56.662400+00:00
7ca5e05d,player,Ravi Bopara,Ravi Bopara,True,Q3630191,https://www.wikidata.org/wiki/Q3630191,2026-10-03T11:33:56.662400+00:00
237ec05b,player,Rajeshwari Gayakwad,ராஜேஸ்வரி கயாகுவாத்,False,Q21621348,https://www.wikidata.org/wiki/Q21621348,2026-10-03T11:34:13.105074+00:00
c5aef772,player,Romario Shepherd,Romario Shepherd,True,Q23761769,https://www.wikidata.org/wiki/Q23761769,2026-10-03T11:34:13.105074+00:00
03fb10bd,player,R Shimwamana,R Shimwamana,True,,https://query.wikidata.org/sparql,2026-10-03T11:33:57.600001+00:00
8a452195,player,Rachel Slater,Rachel Slater,True,Q108331180,https://www.wikidata.org/wiki/Q108331180,2026-10-03T11:33:56.662400+00:00
def7b1bb,player,Rebecca Stokell,Rebecca Stokell,True,Q29891153,https://www.wikidata.org/wiki/Q29891153,2026-10-03T11:33:56.662400+00:00
406de451,player,Rashada Williams,Rashada Williams,True,Q107345391,https://www.wikidata.org/wiki/Q107345391,2026-10-03T11:34:13.105074+00:00
7d415ea5,player,Ricky Ponting,ரிக்கி பாண்டிங்,False,Q472649,https://www.wikidata.org/wiki/Q472649,2026-10-03T11:34:13.105074+00:00
ff6a7ab5,player,Ruben Trumpelmann,Ruben Trumpelmann,True,Q43008042,https://www.wikidata.org/wiki/Q43008042,2026-10-03T11:34:13.105074+00:00
f56cd097,player,Rubel Hossen,ரூபெல் ஒசைன்,False,Q7375924,https://www.wikidata.org/wiki/Q7375924,2026-10-03T11:34:00.828353+00:00
106135f5,player,Ruchitha Venkatesh,Ruchitha Venkatesh,True,,https://query.wikidata.org/sparql,2026-10-03T11:33:56.662400+00:00
a92763ea,player,Rumana Ahmed,ருமானா அகமது,False,Q15730389,https://www.wikidata.org/wiki/Q15730389,2026-10-03T11:34:00.828353+00:00
2f0d7e4a,player,Regis Chakabva,ரெகிஸ் சகப்வா,False,Q3531313,https://www.wikidata.org/wiki/Q3531313,2026-10-03T11:34:00.828353+00:00
67af6f81,player,Ray Price,Ray Price,True,Q7297987,https://www.wikidata.org/wiki/Q7297987,2026-10-03T11:34:13.105074+00:00
f28a60e0,player,Saad Bin Zafar,Saad Bin Zafar,True,Q7395551,https://www.wikidata.org/wiki/Q7395551,2026-10-03T11:34:00.828353+00:00
7147f314,player,Sabbir Rahman,சபிர் ரகுமான்,False,Q7396007,https://www.wikidata.org/wiki/Q7396007,2026-10-03T11:34:00.828353+00:00
77851c2d,player,Stacy-Ann King,Stacy-Ann King,True,Q16466561,https://www.wikidata.org/wiki/Q16466561,2026-10-03T11:34:00.828353+00:00
a7cd72b2,player,Shemaine Campbelle,Shemaine Campbelle,True,Q16466565,https://www.wikidata.org/wiki/Q16466565,2026-10-03T11:34:00.828353+00:00
f19c8dc0,player,Sadaf Shamas,Sadaf Shamas,True,Q116658748,https://www.wikidata.org/wiki/Q116658748,2026-10-03T11:33:57.600001+00:00
53bb50f0,player,Sadia Iqbal,Sadia Iqbal,True,Q72390378,https://www.wikidata.org/wiki/Q72390378,2026-10-03T11:33:57.600001+00:00
3cfbddce,player,Sadia Yousuf,Sadia Yousuf,True,Q7397906,https://www.wikidata.org/wiki/Q7397906,2026-10-03T11:34:00.828353+00:00
b59db04f,player,Scott Edwards,Scott Edwards,True,Q44749733,https://www.wikidata.org/wiki/Q44749733,2026-10-03T11:33:56.662400+00:00
05d74535,player,Saeed Ajmal,சயீத் அஜ்மல்,False,Q3535377,https://www.wikidata.org/wiki/Q3535377,2026-10-03T11:34:00.828353+00:00
33609a8c,player,Saim Ayub,Saim Ayub,True,Q105603453,https://www.wikidata.org/wiki/Q105603453,2026-10-03T11:33:56.662400+00:00
62fa10e5,player,Sajjida Shah,சஜீதா ஷா,False,Q12980620,https://www.wikidata.org/wiki/Q12980620,2026-10-03T11:34:02.405334+00:00
cf92d76b,player,S Akiteng,S Akiteng,True,,https://query.wikidata.org/sparql,2026-10-03T11:33:57.600001+00:00
037f2b86,player,Salma Khatun,சல்மா கதுன்,False,Q15730193,https://www.wikidata.org/wiki/Q15730193,2026-10-03T11:34:00.828353+00:00
4d6d6280,player,Salman Butt,சல்மான் பட்,False,Q3273844,https://www.wikidata.org/wiki/Q3273844,2026-10-03T11:34:00.828353+00:00
237baa2c,player,Sameera Khan,Sameera Khan,True,,https://query.wikidata.org/sparql,2026-10-03T11:33:57.600001+00:00
765a2354,player,Samjhana Khadka,Samjhana Khadka,True,Q127605201,https://www.wikidata.org/wiki/Q127605201,2026-10-03T11:33:57.600001+00:00
b287e7b1,player,Sana Mir,சானா மிர்,False,Q3535542,https://www.wikidata.org/wiki/Q3535542,2026-10-03T11:33:57.600001+00:00
12755a62,player,Sanjida Islam,Sanjida Islam,True,Q15731309,https://www.wikidata.org/wiki/Q15731309,2026-10-03T11:34:02.405334+00:00
ad135bde,player,SAN Maypriani,SAN Maypriani,True,,https://query.wikidata.org/sparql,2026-10-03T11:34:02.404741+00:00
681f522f,player,Sylvester Okpe,Sylvester Okpe,True,Q56630785,https://www.wikidata.org/wiki/Q56630785,2026-10-03T11:33:56.662400+00:00
2254ab79,player,Sarfraz Ahmed,சப்ராஸ் அகமது,False,Q3535421,https://www.wikidata.org/wiki/Q3535421,2026-10-03T11:33:57.600001+00:00
531aef3b,player,Sune Wittmann,Sune Wittmann,True,Q9348147,https://www.wikidata.org/wiki/Q9348147,2026-10-03T11:34:02.405334+00:00
271f83cd,player,Suryakumar Yadav,சூர்யகுமார் யாதவ்,False,Q15864307,https://www.wikidata.org/wiki/Q15864307,2026-10-03T11:34:02.401104+00:00
9a95bebb,player,Sese Bau,Sese Bau,True,Q20630558,https://www.wikidata.org/wiki/Q20630558,2026-10-03T11:34:00.828353+00:00
57efa3be,player,Scott Styris,Scott Styris,True,Q7437332,https://www.wikidata.org/wiki/Q7437332,2026-10-03T11:34:00.828353+00:00
725529bc,player,Sourav Ganguly,சௌரவ் கங்குலி,False,Q561487,https://www.wikidata.org/wiki/Q561487,2026-10-03T11:34:00.828353+00:00
881a9bdd,player,Shivnarine Chanderpaul,சிவ்நாராயின் சந்தர்பால்,False,Q967484,https://www.wikidata.org/wiki/Q967484,2026-10-03T11:34:02.402630+00:00
bd36bc39,player,S Chaturongrattana,S Chaturongrattana,True,,https://query.wikidata.org/sparql,2026-10-03T11:33:56.662400+00:00
e1e0775d,player,S Choden,S Choden,True,,https://query.wikidata.org/sparql,2026-10-03T11:33:56.662400+00:00
eba6a852,player,Stuart Broad,ஸ்டூவர்ட் பிரோட்,False,Q3140358,https://www.wikidata.org/wiki/Q3140358,2026-10-03T11:33:56.662400+00:00
c29ada99,player,Shakera Selman,Shakera Selman,True,Q16466543,https://www.wikidata.org/wiki/Q16466543,2026-10-03T11:34:00.828353+00:00
afe57f7a,player,Sean Williams,சேன் வில்லியம்,False,Q3531227,https://www.wikidata.org/wiki/Q3531227,2026-10-03T11:34:13.105074+00:00
f8b50da3,player,S Dharnidharka,S Dharnidharka,True,,https://query.wikidata.org/sparql,2026-10-03T11:33:56.662400+00:00
0a476045,player,Shikhar Dhawan,ஷிகர் தவான்,False,Q7487024,https://www.wikidata.org/wiki/Q7487024,2026-10-03T11:34:00.828353+00:00
1fc6ef83,player,Shai Hope,Shai Hope,True,Q19787242,https://www.wikidata.org/wiki/Q19787242,2026-10-03T11:34:13.105074+00:00
a4e37e47,player,Shivam Dube,சிவம் துபே,False,Q28561470,https://www.wikidata.org/wiki/Q28561470,2026-10-03T11:34:13.105074+00:00
4f629497,player,Shane Edward Bond,ஷேன் பாண்ட்,False,Q7487985,https://www.wikidata.org/wiki/Q7487985,2026-10-03T11:34:00.828353+00:00
cdb82f1c,player,Sophie Ecclestone,Sophie Ecclestone,True,Q25339050,https://www.wikidata.org/wiki/Q25339050,2026-10-03T11:34:13.105074+00:00
508a1ea7,player,Shaun Marsh,சோன் மார்சு,False,Q3242942,https://www.wikidata.org/wiki/Q3242942,2026-10-03T11:34:13.105074+00:00
d014d5ac,player,Sherfane Rutherford,Sherfane Rutherford,True,Q29420893,https://www.wikidata.org/wiki/Q29420893,2026-10-03T11:34:13.105074+00:00
aa197946,player,S Etim,S Etim,True,,https://query.wikidata.org/sparql,2026-10-03T11:33:57.600001+00:00
1f7825dd,player,Shanel Daley,ஷனேல் டேலி,False,Q7488339,https://www.wikidata.org/wiki/Q7488339,2026-10-03T11:34:00.828353+00:00
e393c6c1,player,SF Jerome,SF Jerome,True,,https://query.wikidata.org/sparql,2026-10-03T11:33:57.600001+00:00
de69af96,player,Sophie Devine,Sophie Devine,True,Q7562989,https://www.wikidata.org/wiki/Q7562989,2026-10-03T11:33:57.600001+00:00
c35739a1,player,Shabika Gajnabi,Shabika Gajnabi,True,Q67153717,https://www.wikidata.org/wiki/Q67153717,2026-10-03T11:33:57.600001+00:00
b34e0c77,player,Sarah Glenn,Sarah Glenn,True,Q78170632,https://www.wikidata.org/wiki/Q78170632,2026-10-03T11:34:13.105074+00:00
62653085,player,Siya Gokhale,Siya Gokhale,True,Q114254236,https://www.wikidata.org/wiki/Q114254236,2026-10-03T11:33:57.600001+00:00
9de62878,player,Shadab Khan,சதாப் கான்,False,Q24005995,https://www.wikidata.org/wiki/Q24005995,2026-10-03T11:34:13.105074+00:00
d8f59089,player,Shafali Verma,சஃபாலி வர்மா,False,Q68462628,https://www.wikidata.org/wiki/Q68462628,2026-10-03T11:33:56.662400+00:00
0c40b02d,player,Shafina Mahesh,Shafina Mahesh,True,,https://query.wikidata.org/sparql,2026-10-03T11:33:56.662400+00:00
1a8eebbe,player,Shafiul Islam,ஷபிபுல் இஸ்லாம்,False,Q3348262,https://www.wikidata.org/wiki/Q3348262,2026-10-03T11:34:00.828353+00:00
45a7e761,player,Shaheen Afridi,சகீன் அஃப்ரிடி,False,Q41105190,https://www.wikidata.org/wiki/Q41105190,2026-10-03T11:33:56.662400+00:00
0dc00542,player,Shahid Afridi,சாகித் அஃபிரிடி,False,Q380445,https://www.wikidata.org/wiki/Q380445,2026-10-03T11:34:00.828353+00:00
faa8843f,player,Shahreeennawab,Shahreeennawab,True,,https://query.wikidata.org/sparql,2026-10-03T11:33:57.600001+00:00
7dc35884,player,Shakib Al Hasan,சகீப் அல் அசன்,False,Q266104,https://www.wikidata.org/wiki/Q266104,2026-10-03T11:34:13.105074+00:00
724645f5,player,Shamima Sultana,Shamima Sultana,True,Q16225609,https://www.wikidata.org/wiki/Q16225609,2026-10-03T11:34:02.405334+00:00
ce291858,player,Shanzeen Shahzad,Shanzeen Shahzad,True,,https://query.wikidata.org/sparql,2026-10-03T11:34:13.105074+00:00
84fdd3cf,player,Sharmin Akhter,Sharmin Akhter,True,Q15731333,https://www.wikidata.org/wiki/Q15731333,2026-10-03T11:34:02.405334+00:00
10ab6a37,player,SH Mohamedi,SH Mohamedi,True,,https://query.wikidata.org/sparql,2026-10-03T11:33:56.662400+00:00
10a91f35,player,Shoaib Akhtar,சுஐப் அக்தர்,False,Q738330,https://www.wikidata.org/wiki/Q738330,2026-10-03T11:34:00.828353+00:00
64c34cd0,player,Shoaib Malik,சோயிப் மாலிக்,False,Q3518507,https://www.wikidata.org/wiki/Q3518507,2026-10-03T11:34:00.828353+00:00
bb34fd31,player,Shariful Islam,Shariful Islam,True,Q39901288,https://www.wikidata.org/wiki/Q39901288,2026-10-03T11:34:13.955263+00:00
89895ae1,player,Shorna Akter,Shorna Akter,True,Q116768935,https://www.wikidata.org/wiki/Q116768935,2026-10-03T11:33:57.600001+00:00
b4b99816,player,Shubman Gill,சுப்மன் கில்,False,Q28840013,https://www.wikidata.org/wiki/Q28840013,2026-10-03T11:33:56.662400+00:00
72c9ad99,player,Sidra Ameen,Sidra Ameen,True,Q15982044,https://www.wikidata.org/wiki/Q15982044,2026-10-03T11:34:00.828353+00:00
ca3ded6f,player,Sidra Nawaz,Sidra Nawaz,True,Q18211214,https://www.wikidata.org/wiki/Q18211214,2026-10-03T11:34:02.402630+00:00
26d041c4,player,Sikandar Raza,சிக்கந்தர் ராசா,False,Q7513554,https://www.wikidata.org/wiki/Q7513554,2026-10-03T11:34:00.828353+00:00
686b7194,player,Elsa Hunter,Elsa Hunter,True,Q114366615,https://www.wikidata.org/wiki/Q114366615,2026-10-03T11:33:56.662400+00:00
5838cb64,player,Inoshi Priyadharshani,Inoshi Priyadharshani,True,Q27049996,https://www.wikidata.org/wiki/Q27049996,2026-10-03T11:34:00.828353+00:00
3a9e9cb2,player,Sophia Dunkley,Sophia Dunkley,True,Q58495592,https://www.wikidata.org/wiki/Q58495592,2026-10-03T11:34:13.105074+00:00
108c4c09,player,Shabnim Ismail,சப்னிம் இஸ்மாயில்,False,Q7460129,https://www.wikidata.org/wiki/Q7460129,2026-10-03T11:33:57.602014+00:00
34304210,player,Sinalo Jafta,Sinalo Jafta,True,Q28363480,https://www.wikidata.org/wiki/Q28363480,2026-10-03T11:34:02.402630+00:00
2ca65aee,player,Sarah Bryce,Sarah Bryce,True,Q28755637,https://www.wikidata.org/wiki/Q28755637,2026-10-03T11:34:13.105074+00:00
a5f488bc,player,Sarah Coyte,Sarah Coyte,True,Q7422215,https://www.wikidata.org/wiki/Q7422215,2026-10-03T11:34:00.828353+00:00
2daa8e40,player,Sibona Jimmy,Sibona Jimmy,True,Q28777214,https://www.wikidata.org/wiki/Q28777214,2026-10-03T11:34:13.105074+00:00
e6f36f83,player,Sarah Taylor,சாரா டெய்லர்,False,Q3527116,https://www.wikidata.org/wiki/Q3527116,2026-10-03T11:33:57.600001+00:00
23917bf0,player,Sugeni Kananji,Sugeni Kananji,True,Q124476749,https://www.wikidata.org/wiki/Q124476749,2026-10-03T11:33:57.600001+00:00
3ac854ca,player,S Khiaoto,S Khiaoto,True,,https://query.wikidata.org/sparql,2026-10-03T11:33:56.662400+00:00
761c929e,player,S Kolcharam,S Kolcharam,True,,https://query.wikidata.org/sparql,2026-10-03T11:33:57.600001+00:00
6c8904c8,player,S Kotte,S Kotte,True,,https://query.wikidata.org/sparql,2026-10-03T11:33:56.662400+00:00
1dc12ab9,player,Suresh Raina,சுரேஷ் ரைனா,False,Q3519505,https://www.wikidata.org/wiki/Q3519505,2026-10-03T11:34:00.828353+00:00
b410bd3d,player,Sandeep Lamichhane,சந்தீப் லாமிச்சானே,False,Q23884700,https://www.wikidata.org/wiki/Q23884700,2026-10-03T11:34:13.105074+00:00
4b15618c,player,Suleeporn Laomi,Suleeporn Laomi,True,Q28755656,https://www.wikidata.org/wiki/Q28755656,2026-10-03T11:34:13.105074+00:00
02264be0,player,SL Gomez,SL Gomez,True,,https://query.wikidata.org/sparql,2026-10-03T11:33:56.662400+00:00
a289cfa0,player,S Lita D'Sa,S Lita D'Sa,True,,https://query.wikidata.org/sparql,2026-10-03T11:33:57.600001+00:00
2b150c6b,player,Sterre Kalis,Sterre Kalis,True,Q28777215,https://www.wikidata.org/wiki/Q28777215,2026-10-03T11:34:13.105074+00:00
a12e1d51,player,Lasith Malinga,லசித் மாலிங்க,False,Q2312779,https://www.wikidata.org/wiki/Q2312779,2026-10-03T11:34:02.402630+00:00
6d76bc23,player,Suné Luus,Suné Luus,True,Q16224770,https://www.wikidata.org/wiki/Q16224770,2026-10-03T11:34:02.402630+00:00
ef2bcebf,player,Sophie MacMahon,Sophie MacMahon,True,Q29947005,https://www.wikidata.org/wiki/Q29947005,2026-10-03T11:33:56.662400+00:00
5d2eda89,player,Smriti Mandhana,ஸ்மிருதி மந்தனா,False,Q16224802,https://www.wikidata.org/wiki/Q16224802,2026-10-03T11:34:13.105074+00:00
e7ba1233,player,Stuart Matsikenyeri,ஸ்டுவர்ட் மட்சிகன்யெரி,False,Q3524592,https://www.wikidata.org/wiki/Q3524592,2026-10-03T11:34:02.405334+00:00
e94915e6,player,Sam Curran,சாம் கர்ரன்,False,Q20676350,https://www.wikidata.org/wiki/Q20676350,2026-10-03T11:34:13.105074+00:00
7e9b3b60,player,Shauna Kavanagh,Shauna Kavanagh,True,Q7491028,https://www.wikidata.org/wiki/Q7491028,2026-10-03T11:34:00.828353+00:00
91d9613e,player,Sharne Mayers,Sharne Mayers,True,Q28755641,https://www.wikidata.org/wiki/Q28755641,2026-10-03T11:34:00.828353+00:00
99e23670,player,Sophie Molineux,Sophie Molineux,True,Q28534060,https://www.wikidata.org/wiki/Q28534060,2026-10-03T11:34:13.105074+00:00
94de63bf,player,Sobhana Mostary,Sobhana Mostary,True,Q53437660,https://www.wikidata.org/wiki/Q53437660,2026-10-03T11:33:56.662400+00:00
88fccd6c,player,Shaun Pollock,ஷான் பொலொக்,False,Q12454494,https://www.wikidata.org/wiki/Q12454494,2026-10-03T11:34:02.401104+00:00
f43dd8c2,player,Safyaan Sharif,Safyaan Sharif,True,Q7398859,https://www.wikidata.org/wiki/Q7398859,2026-10-03T11:34:00.828353+00:00
4c4fa80b,player,Sachithra Senanayake,சச்சித்திர சேனநாயக்கா,False,Q7396761,https://www.wikidata.org/wiki/Q7396761,2026-10-03T11:33:57.602014+00:00
bb641155,player,S Mtae,S Mtae,True,,https://query.wikidata.org/sparql,2026-10-03T11:33:56.662400+00:00
57fcfd3b,player,Sharvin Muniandy,Sharvin Muniandy,True,Q65768393,https://www.wikidata.org/wiki/Q65768393,2026-10-03T11:34:13.105074+00:00
91d9aa26,player,Stephanie Nampiina,Stephanie Nampiina,True,Q55433711,https://www.wikidata.org/wiki/Q55433711,2026-10-03T11:33:56.662400+00:00
c8a3f688,player,Saurabh Netravalkar,சௌரப் நேத்திரவால்க்கர்,False,Q47291062,https://www.wikidata.org/wiki/Q47291062,2026-10-03T11:34:00.828353+00:00
1b3f7dbb,player,Sylvia Shihepo,Sylvia Shihepo,True,Q66771643,https://www.wikidata.org/wiki/Q66771643,2026-10-03T11:33:56.662400+00:00
1abb78f8,player,Shardul Thakur,ஷர்துல் தாகூர்,False,Q18638089,https://www.wikidata.org/wiki/Q18638089,2026-10-03T11:34:02.402630+00:00
4db71b2e,player,Sohail Ahmed,Sohail Ahmed,True,,https://query.wikidata.org/sparql,2026-10-03T11:34:13.955263+00:00
64d43928,player,Sohail Tanvir,சொகைல் தன்வீர்,False,Q3535548,https://www.wikidata.org/wiki/Q3535548,2026-10-03T11:34:02.401104+00:00
48a1d7b7,player,Shimron Hetmyer,சிம்ரோன் ஹெட்மையர்,False,Q20631208,https://www.wikidata.org/wiki/Q20631208,2026-10-03T11:34:13.105074+00:00
1adb8ee8,player,Sompal Kami,Sompal Kami,True,Q16224519,https://www.wikidata.org/wiki/Q16224519,2026-10-03T11:34:13.105074+00:00
49118dc7,player,Shem Ngoche,Shem Ngoche,True,Q7494057,https://www.wikidata.org/wiki/Q7494057,2026-10-03T11:34:00.828353+00:00
4d9f9686,player,Soumya Sarkar,சௌமியா சர்கார்,False,Q7564598,https://www.wikidata.org/wiki/Q7564598,2026-10-03T11:34:02.401104+00:00
5463cb7a,player,Shikha Pandey,ஷிகா பாண்டே,False,Q16225078,https://www.wikidata.org/wiki/Q16225078,2026-10-03T11:34:02.401104+00:00
30a45b23,player,Steve Smith,ஸ்டீவ் சிமித்,False,Q7613970,https://www.wikidata.org/wiki/Q7613970,2026-10-03T11:33:57.602014+00:00
eea6b7f1,player,Stephen Fleming,சுடீபன் பிளெமிங்,False,Q3352116,https://www.wikidata.org/wiki/Q3352116,2026-10-03T11:34:00.828353+00:00
9d430b40,player,Sunil Narine,சுனில் நரைன்,False,Q7640331,https://www.wikidata.org/wiki/Q7640331,2026-10-03T11:33:57.600001+00:00
c4c374d9,player,Sneh Rana,சினே ராணா,False,Q24005719,https://www.wikidata.org/wiki/Q24005719,2026-10-03T11:34:02.405334+00:00
61c22ad0,player,Sita Rana Magar,Sita Rana Magar,True,Q47089235,https://www.wikidata.org/wiki/Q47089235,2026-10-03T11:34:02.402630+00:00
92cf79a8,player,Stafanie Taylor,ஸ்டெஃபனி டெய்லர்,False,Q4539653,https://www.wikidata.org/wiki/Q4539653,2026-10-03T11:34:00.828353+00:00
a9231c3f,player,Steven Taylor,Steven Taylor,True,Q7615322,https://www.wikidata.org/wiki/Q7615322,2026-10-03T11:34:00.828353+00:00
d2c2b2d5,player,SR Tendulkar,சச்சின் டெண்டுல்கர்,False,Q9488,https://www.wikidata.org/wiki/Q9488,2026-10-03T11:34:00.828353+00:00
4329fbb5,player,Shane Watson,ஷேன் வாட்சன்,False,Q2732224,https://www.wikidata.org/wiki/Q2732224,2026-10-03T11:34:13.105074+00:00
2f9a6bd1,player,Shamilia Connell,Shamilia Connell,True,Q23772680,https://www.wikidata.org/wiki/Q23772680,2026-10-03T11:34:02.401104+00:00
a1d053dd,player,Sheldon Cottrell,Sheldon Cottrell,True,Q16204822,https://www.wikidata.org/wiki/Q16204822,2026-10-03T11:34:02.402630+00:00
c2c975f9,player,Simon Ssesazi,Simon Ssesazi,True,Q52315563,https://www.wikidata.org/wiki/Q52315563,2026-10-03T11:34:02.405334+00:00
9a58f2c8,player,Silver Siegers,Silver Siegers,True,Q55433757,https://www.wikidata.org/wiki/Q55433757,2026-10-03T11:33:56.662400+00:00
85ec8e33,player,Shreyas Iyer,சிரேயாஸ் ஐயர்,False,Q18705305,https://www.wikidata.org/wiki/Q18705305,2026-10-03T11:34:13.105074+00:00
594a0dec,player,S Sunday,S Sunday,True,,https://query.wikidata.org/sparql,2026-10-03T11:33:57.600001+00:00
5f862ccd,player,Sripali Weerakkody,Sripali Weerakkody,True,Q7586472,https://www.wikidata.org/wiki/Q7586472,2026-10-03T11:34:02.405334+00:00
ccdd8308,player,Steven Finn,ஸ்டீவன் ஃபின்,False,Q3528258,https://www.wikidata.org/wiki/Q3528258,2026-10-03T11:33:57.600001+00:00
9c4b58db,player,Sornnarin Tippoch,Sornnarin Tippoch,True,Q28755653,https://www.wikidata.org/wiki/Q28755653,2026-10-03T11:34:00.828353+00:00
f233bbb4,player,Sanath Jayasuriya,சனத் ஜயசூரிய,False,Q378810,https://www.wikidata.org/wiki/Q378810,2026-10-03T11:34:02.402630+00:00
13f7c5f4,player,S Tuhadeleni,S Tuhadeleni,True,,https://query.wikidata.org/sparql,2026-10-03T11:33:57.600001+00:00
c25d26dc,player,Sulaimon Runsewe,Sulaimon Runsewe,True,Q70761173,https://www.wikidata.org/wiki/Q70761173,2026-10-03T11:33:56.662400+00:00
fb0c0bcc,player,Sultana Khatun,Sultana Khatun,True,Q124950016,https://www.wikidata.org/wiki/Q124950016,2026-10-03T11:33:57.600001+00:00
185e6c0c,player,Sushma Verma,சுஷ்மா வர்மா,False,Q21064094,https://www.wikidata.org/wiki/Q21064094,2026-10-03T11:34:13.105074+00:00
f737ab44,player,S Vijay Unni,S Vijay Unni,True,,https://query.wikidata.org/sparql,2026-10-03T11:33:56.662400+00:00
a4cc73aa,player,Sanju Samson,சஞ்சு சாம்சன்,False,Q7418593,https://www.wikidata.org/wiki/Q7418593,2026-10-03T11:34:00.828353+00:00
f67ea6d2,player,S Walaza,S Walaza,True,,https://query.wikidata.org/sparql,2026-10-03T11:33:56.662400+00:00
89bbc67a,player,Suzie Bates,Suzie Bates,True,Q5010566,https://www.wikidata.org/wiki/Q5010566,2026-10-03T11:34:02.405334+00:00
6667067e,player,Syed Aziz,Syed Aziz,True,Q30021270,https://www.wikidata.org/wiki/Q30021270,2026-10-03T11:34:13.105074+00:00
a818c1be,player,Trent Boult,டிரென்ட் போல்ட்,False,Q12053380,https://www.wikidata.org/wiki/Q12053380,2026-10-03T11:34:00.828353+00:00
3b041a12,player,Tamim Iqbal,தமீம் இக்பால்,False,Q3345580,https://www.wikidata.org/wiki/Q3345580,2026-10-03T11:34:13.105074+00:00
80fe764d,player,Tanzid Hasan,Tanzid Hasan,True,Q61889500,https://www.wikidata.org/wiki/Q61889500,2026-10-03T11:34:13.955263+00:00
ef18b66e,player,Taskin Ahmed,தஸ்கின் அகமது,False,Q7687369,https://www.wikidata.org/wiki/Q7687369,2026-10-03T11:34:02.405334+00:00
9ffd1ac1,player,Temba Bavuma,தெம்ப பவுமா,False,Q7698004,https://www.wikidata.org/wiki/Q7698004,2026-10-03T11:34:00.828353+00:00
211dc1ce,player,Taniya Bhatia,தனியா பாட்டியா,False,Q48621444,https://www.wikidata.org/wiki/Q48621444,2026-10-03T11:34:13.105074+00:00
06659caa,player,Tazmin Brits,Tazmin Brits,True,Q3516524,https://www.wikidata.org/wiki/Q3516524,2026-10-03T11:34:13.105074+00:00
53a5767d,player,Trisha Chetty,திரிசா செட்டி,False,Q3525864,https://www.wikidata.org/wiki/Q3525864,2026-10-03T11:33:57.602014+00:00
cc3884f9,player,Tremayne Smartt,Tremayne Smartt,True,Q16466537,https://www.wikidata.org/wiki/Q16466537,2026-10-03T11:34:00.828353+00:00
13c35c9e,player,Tim Southee,டிம் சௌத்தி,False,Q3529779,https://www.wikidata.org/wiki/Q3529779,2026-10-03T11:33:57.600001+00:00
f1f99156,player,Tim David,திம் டேவிட்,False,Q47009431,https://www.wikidata.org/wiki/Q47009431,2026-10-03T11:34:13.105074+00:00
ee3dcb3f,player,Theertha Satish,Theertha Satish,True,Q111826737,https://www.wikidata.org/wiki/Q111826737,2026-10-03T11:33:57.600001+00:00
d577d45a,player,TI Gajanayake,TI Gajanayake,True,,https://query.wikidata.org/sparql,2026-10-03T11:34:00.828353+00:00
5bbabe59,player,Tendai Chatara,Tendai Chatara,True,Q7699568,https://www.wikidata.org/wiki/Q7699568,2026-10-03T11:34:00.828353+00:00
4663bd23,player,Tim Seifert,Tim Seifert,True,Q20745291,https://www.wikidata.org/wiki/Q20745291,2026-10-03T11:34:13.105074+00:00
1688f2dc,player,Tangeni Lungameni,Tangeni Lungameni,True,Q23799563,https://www.wikidata.org/wiki/Q23799563,2026-10-03T11:34:02.404741+00:00
3d5d51a5,player,Tadiwanashe Marumani,Tadiwanashe Marumani,True,Q106013766,https://www.wikidata.org/wiki/Q106013766,2026-10-03T11:34:13.105074+00:00
5bdcdb72,player,Tillakaratne Dilshan,திலகரத்ன டில்சான்,False,Q2724503,https://www.wikidata.org/wiki/Q2724503,2026-10-03T11:34:02.402630+00:00
12b610c2,player,Travis Head,திராவிசு கெட்,False,Q7836266,https://www.wikidata.org/wiki/Q7836266,2026-10-03T11:34:02.405334+00:00
ca5acfa4,player,Tahlia McGrath,Tahlia McGrath,True,Q27921714,https://www.wikidata.org/wiki/Q27921714,2026-10-03T11:34:00.828353+00:00
9e52a414,player,Tawhid Hridoy,தவ்கீது இரிதோர்,False,Q41864142,https://www.wikidata.org/wiki/Q41864142,2026-10-03T11:34:13.955263+00:00
a82eb3fb,player,Tony Ura,Tony Ura,True,Q7823606,https://www.wikidata.org/wiki/Q7823606,2026-10-03T11:34:00.828353+00:00
23e3f2d6,player,T Putthawong,T Putthawong,True,,https://query.wikidata.org/sparql,2026-10-03T11:33:56.662400+00:00
3697a0ff,player,Tanya Ruma,Tanya Ruma,True,Q28777218,https://www.wikidata.org/wiki/Q28777218,2026-10-03T11:34:13.105074+00:00
6d972d02,player,T Shadrack,T Shadrack,True,,https://query.wikidata.org/sparql,2026-10-03T11:33:56.662400+00:00
a03bba42,player,Tabraiz Shamsi,தப்ரைஸ் ஷம்ஸி,False,Q18387474,https://www.wikidata.org/wiki/Q18387474,2026-10-03T11:34:00.828353+00:00
6e28e586,player,Tumi Sekhukhune,Tumi Sekhukhune,True,Q56641636,https://www.wikidata.org/wiki/Q56641636,2026-10-03T11:34:13.105074+00:00
75de770f,player,Tatenda Taibu,டாடென்டா தையிபு,False,Q3529883,https://www.wikidata.org/wiki/Q3529883,2026-10-03T11:34:13.105074+00:00
57fb24e6,player,TT Aung,TT Aung,True,,https://query.wikidata.org/sparql,2026-10-03T11:33:56.662400+00:00
b2664905,player,Tammy Beaumont,Tammy Beaumont,True,Q7681566,https://www.wikidata.org/wiki/Q7681566,2026-10-03T11:34:00.828353+00:00
58043739,player,Tim Bresnan,டிம் பிரெஸ்னன்,False,Q3529894,https://www.wikidata.org/wiki/Q3529894,2026-10-03T11:34:13.105074+00:00
59f44fde,player,TT Soe,TT Soe,True,,https://query.wikidata.org/sparql,2026-10-03T11:33:56.662400+00:00
0d56e9a5,player,Tuba Hassan,Tuba Hassan,True,Q112129120,https://www.wikidata.org/wiki/Q112129120,2026-10-03T11:33:57.600001+00:00
e824e6ee,player,Tom Latham,Tom Latham,True,Q7816540,https://www.wikidata.org/wiki/Q7816540,2026-10-03T11:34:00.828353+00:00
b1f21c0f,player,T Zangmo,T Zangmo,True,,https://query.wikidata.org/sparql,2026-10-03T11:33:56.662400+00:00
caa99fcb,player,Udeni Dona,Udeni Dona,True,Q55433804,https://www.wikidata.org/wiki/Q55433804,2026-10-03T11:33:56.662400+00:00
821d7d46,player,Umaima Sohail,Umaima Sohail,True,Q57078175,https://www.wikidata.org/wiki/Q57078175,2026-10-03T11:34:13.105074+00:00
fd2bf2a0,player,Umar Akmal,உமர் அக்மல்,False,Q3183329,https://www.wikidata.org/wiki/Q3183329,2026-10-03T11:34:00.828353+00:00
16dfcc19,player,Umar Gul,உமர் குல்,False,Q3535492,https://www.wikidata.org/wiki/Q3535492,2026-10-03T11:34:02.401104+00:00
6ee11109,player,Umm-e-Hani,Umm-e-Hani,True,Q116680846,https://www.wikidata.org/wiki/Q116680846,2026-10-03T11:33:57.600001+00:00
cc1e8c68,player,Umesh Yadav,உமேஸ் யாதவ்,False,Q3521468,https://www.wikidata.org/wiki/Q3521468,2026-10-03T11:34:00.828353+00:00
31c56f40,player,Vaishnave Mahesh,Vaishnave Mahesh,True,,https://query.wikidata.org/sparql,2026-10-03T11:33:56.662400+00:00
040f11e8,player,Vicky Araa,Vicky Araa,True,Q55433777,https://www.wikidata.org/wiki/Q55433777,2026-10-03T11:33:56.662400+00:00
cddafe26,player,Vriitya Aravind,Vriitya Aravind,True,Q72687829,https://www.wikidata.org/wiki/Q72687829,2026-10-03T11:33:56.662400+00:00
d758a366,player,Victoria Hamunyela,Victoria Hamunyela,True,Q66771652,https://www.wikidata.org/wiki/Q66771652,2026-10-03T11:33:56.662400+00:00
2a9eee66,player,Vikramjit Singh,Vikramjit Singh,True,Q69530741,https://www.wikidata.org/wiki/Q69530741,2026-10-03T11:33:56.662400+00:00
3775b9f9,player,Vinu Kumar,Vinu Kumar,True,,https://query.wikidata.org/sparql,2026-10-03T11:33:57.600001+00:00
415d30b6,player,Virandeep Singh,Virandeep Singh,True,Q30021342,https://www.wikidata.org/wiki/Q30021342,2026-10-03T11:34:13.105074+00:00
ba607b88,player,Virat Kohli,விராட் கோலி,False,Q213854,https://www.wikidata.org/wiki/Q213854,2026-10-03T11:33:57.600001+00:00
c3f21798,player,Veda Krishnamurthy,வேதா கிருஷ்ணமூர்த்தி,False,Q22957578,https://www.wikidata.org/wiki/Q22957578,2026-10-03T11:34:02.401104+00:00
2ae76bf6,player,V Ooko,V Ooko,True,,https://query.wikidata.org/sparql,2026-10-03T11:33:56.662400+00:00
8ba8195d,player,Virender Sehwag,வீரேந்தர் சேவாக்,False,Q3345479,https://www.wikidata.org/wiki/Q3345479,2026-10-03T11:34:00.828353+00:00
0fdabe05,player,Vusi Sibanda,வுசி சிபாண்டா,False,Q3524895,https://www.wikidata.org/wiki/Q3524895,2026-10-03T11:34:13.105074+00:00
7467fe01,player,Winifred Duraisingam,Winifred Duraisingam,True,Q55366832,https://www.wikidata.org/wiki/Q55366832,2026-10-03T11:34:00.828353+00:00
b3118300,player,Wahab Riaz,வகாப் ரியாஸ்,False,Q7564291,https://www.wikidata.org/wiki/Q7564291,2026-10-03T11:34:02.401104+00:00
bee0c85c,player,Wan Julia,Wan Julia,True,Q55366884,https://www.wikidata.org/wiki/Q55366884,2026-10-03T11:33:56.662400+00:00
6f02fe2a,player,Waseem Muhammad,Waseem Muhammad,True,Q108803714,https://www.wikidata.org/wiki/Q108803714,2026-10-03T11:33:57.600001+00:00
f19ccfad,player,Washington Sundar,வாசிங்டன் சுந்தர்,False,Q24572606,https://www.wikidata.org/wiki/Q24572606,2026-10-03T11:34:13.105074+00:00
8afe73e2,player,Will Young,Will Young,True,Q8003218,https://www.wikidata.org/wiki/Q8003218,2026-10-03T11:34:02.405334+00:00
0d677597,player,Wesley Barresi,வெஸ்லி பாரெசி,False,Q3529953,https://www.wikidata.org/wiki/Q3529953,2026-10-03T11:34:02.401104+00:00
29b89ae8,player,Boyd Rankin,Boyd Rankin,True,Q4952382,https://www.wikidata.org/wiki/Q4952382,2026-10-03T11:33:57.600001+00:00
3a60e0b5,player,Wayne Parnell,வேயின் பார்னெல்,False,Q3521498,https://www.wikidata.org/wiki/Q3521498,2026-10-03T11:33:57.602014+00:00
550373ea,player,Achini Kulasuriya,Achini Kulasuriya,True,Q27049123,https://www.wikidata.org/wiki/Q27049123,2026-10-03T11:34:13.105074+00:00
9caf69a1,player,Will Jacks,Will Jacks,True,Q51879484,https://www.wikidata.org/wiki/Q51879484,2026-10-03T11:34:13.105074+00:00
9550470d,player,Avishka Fernando,அவிஷ்கா பெர்னாண்டோ,False,Q26704448,https://www.wikidata.org/wiki/Q26704448,2026-10-03T11:34:13.105074+00:00
c34a15e6,player,Kavisha Dilhari,கவிசா தில்கரி,False,Q50809232,https://www.wikidata.org/wiki/Q50809232,2026-10-03T11:34:13.105074+00:00
6ab99b17,player,Emma Lai,Emma Lai,True,Q28859846,https://www.wikidata.org/wiki/Q28859846,2026-10-03T11:34:13.105074+00:00
a879b92c,player,Wesley Madhevere,Wesley Madhevere,True,Q84599686,https://www.wikidata.org/wiki/Q84599686,2026-10-03T11:34:13.105074+00:00
5728635a,player,Wilka Mwatile,Wilka Mwatile,True,Q66771651,https://www.wikidata.org/wiki/Q66771651,2026-10-03T11:33:56.662400+00:00
4bc0a378,player,Wellington Masakadza,Wellington Masakadza,True,Q18637703,https://www.wikidata.org/wiki/Q18637703,2026-10-03T11:34:13.105074+00:00
bcce309e,player,Chaminda Vaas,சமிந்த வாஸ்,False,Q2737023,https://www.wikidata.org/wiki/Q2737023,2026-10-03T11:34:02.402630+00:00
ec02b798,player,William Porterfield,வில்லியம் போர்ட்டர்பீல்ட்,False,Q3530649,https://www.wikidata.org/wiki/Q3530649,2026-10-03T11:33:57.600001+00:00
7ed9fd56,player,Upul Tharanga,உபுல் தரங்க,False,Q3523679,https://www.wikidata.org/wiki/Q3523679,2026-10-03T11:34:02.402630+00:00
502b2c81,player,Xavier Doherty,சேவியர் டொகெர்ட்டி,False,Q8043234,https://www.wikidata.org/wiki/Q8043234,2026-10-03T11:34:02.402630+00:00
c9d05f1a,player,Yasim Murtaza,Yasim Murtaza,True,Q21622150,https://www.wikidata.org/wiki/Q21622150,2026-10-03T11:33:57.600001+00:00
ade5c0c0,player,Yasmeen Khan,Yasmeen Khan,True,Q66771641,https://www.wikidata.org/wiki/Q66771641,2026-10-03T11:33:56.662400+00:00
2038a273,player,Y Daswani,Y Daswani,True,,https://query.wikidata.org/sparql,2026-10-03T11:34:00.828353+00:00
9c3d4e8a,player,Yastika Bhatia,யாசுதிகா பாட்யா,False,Q105700394,https://www.wikidata.org/wiki/Q105700394,2026-10-03T11:34:13.105074+00:00
3c6ffae8,player,Yusuf Pathan,யூசுஃப் பதான்,False,Q3522100,https://www.wikidata.org/wiki/Q3522100,2026-10-03T11:34:00.828353+00:00
33cb3411,player,Younus Khan,யூனுஸ் கான்,False,Q3352654,https://www.wikidata.org/wiki/Q3352654,2026-10-03T11:34:02.401104+00:00
57ee1fde,player,Yuzvendra Chahal,யுவேந்திர சகல்,False,Q8062264,https://www.wikidata.org/wiki/Q8062264,2026-10-03T11:34:02.385328+00:00
1c914163,player,Yuvraj Singh,யுவராஜ் சிங்,False,Q2723790,https://www.wikidata.org/wiki/Q2723790,2026-10-03T11:34:00.828353+00:00
f0e293b0,player,Zahoor Farooqi,Zahoor Farooqi,True,Q28341374,https://www.wikidata.org/wiki/Q28341374,2026-10-03T11:34:00.828353+00:00
ba57fb08,player,Z Bimenyimana,Z Bimenyimana,True,,https://query.wikidata.org/sparql,2026-10-03T11:33:56.662400+00:00
3f2b40f0,player,Zeefa Jilani,Zeefa Jilani,True,,https://query.wikidata.org/sparql,2026-10-03T11:33:56.662400+00:00
987187b9,player,Zeeshan Ali,Zeeshan Ali,True,,https://query.wikidata.org/sparql,2026-10-03T11:34:00.828353+00:00
34464143,player,Zeeshan Maqsood,Zeeshan Maqsood,True,Q20744521,https://www.wikidata.org/wiki/Q20744521,2026-10-03T11:34:13.105074+00:00
8716233e,player,Zane Green,Zane Green,True,Q19957947,https://www.wikidata.org/wiki/Q19957947,2026-10-03T11:34:13.105074+00:00
816af623,player,Zaida James,Zaida James,True,Q107344841,https://www.wikidata.org/wiki/Q107344841,2026-10-03T11:33:57.600001+00:00
a4e98e6b,player,Z Kamara,Z Kamara,True,,https://query.wikidata.org/sparql,2026-10-03T11:33:56.662400+00:00
91a4a398,player,Zaheer Khan,ஜாகிர் கான்,False,Q2508461,https://www.wikidata.org/wiki/Q2508461,2026-10-03T11:34:00.828353+00:00
b5714cf9,player,ZL Win,ZL Win,True,,https://query.wikidata.org/sparql,2026-10-03T11:33:56.662400+00:00
3b492b8d,player,Zon Lin,Zon Lin,True,,https://query.wikidata.org/sparql,2026-10-03T11:33:56.662400+00:00
Africa XI,team,Africa XI,Africa XI,True,,https://query.wikidata.org/sparql,2026-10-03T11:34:19.701913+00:00
Argentina,team,Argentina,அர்கெந்தீனா,False,Q414,https://www.wikidata.org/wiki/Q414,2026-10-03T11:34:19.701913+00:00
Asia XI,team,Asia XI,Asia XI,True,,https://query.wikidata.org/sparql,2026-10-03T11:34:19.701913+00:00
Australia,team,Australia,அவுத்திரேலியா,False,Q408,https://www.wikidata.org/wiki/Q408,2026-10-03T11:34:19.701913+00:00
Austria,team,Austria,ஆஸ்திரியா,False,Q40,https://www.wikidata.org/wiki/Q40,2026-10-03T11:34:19.701913+00:00
Bahamas,team,Bahamas,பகாமாசு,False,Q778,https://www.wikidata.org/wiki/Q778,2026-10-03T11:34:19.701913+00:00
Bahrain,team,Bahrain,பகுறைன்,False,Q398,https://www.wikidata.org/wiki/Q398,2026-10-03T11:34:19.701913+00:00
Bangladesh,team,Bangladesh,வங்காளதேசம்,False,Q902,https://www.wikidata.org/wiki/Q902,2026-10-03T11:34:19.701913+00:00
Barbados,team,Barbados,பார்படோசு,False,Q244,https://www.wikidata.org/wiki/Q244,2026-10-03T11:34:19.701913+00:00
Belgium,team,Belgium,பெல்ஜியம்,False,Q31,https://www.wikidata.org/wiki/Q31,2026-10-03T11:34:19.701913+00:00
Belize,team,Belize,பெலீசு,False,Q242,https://www.wikidata.org/wiki/Q242,2026-10-03T11:34:19.701913+00:00
Bermuda,team,Bermuda,Bermuda,True,,https://query.wikidata.org/sparql,2026-10-03T11:34:19.701913+00:00
Bhutan,team,Bhutan,பூட்டான்,False,Q917,https://www.wikidata.org/wiki/Q917,2026-10-03T11:34:19.701913+00:00
Botswana,team,Botswana,போட்சுவானா,False,Q963,https://www.wikidata.org/wiki/Q963,2026-10-03T11:34:19.701913+00:00
Brazil,team,Brazil,பிரேசில்,False,Q155,https://www.wikidata.org/wiki/Q155,2026-10-03T11:34:19.701913+00:00
Bulgaria,team,Bulgaria,பல்காரியா,False,Q219,https://www.wikidata.org/wiki/Q219,2026-10-03T11:34:19.701913+00:00
Cambodia,team,Cambodia,கம்போடியா,False,Q424,https://www.wikidata.org/wiki/Q424,2026-10-03T11:34:19.701913+00:00
Cameroon,team,Cameroon,கமரூன்,False,Q1009,https://www.wikidata.org/wiki/Q1009,2026-10-03T11:34:19.701913+00:00
Canada,team,Canada,கனடா,False,Q16,https://www.wikidata.org/wiki/Q16,2026-10-03T11:34:19.701913+00:00
Cayman Islands,team,Cayman Islands,Cayman Islands,True,,https://query.wikidata.org/sparql,2026-10-03T11:34:19.701913+00:00
Chile,team,Chile,சிலி,False,Q298,https://www.wikidata.org/wiki/Q298,2026-10-03T11:34:19.701913+00:00
China,team,China,China,True,,https://query.wikidata.org/sparql,2026-10-03T11:34:19.701913+00:00
Cook Islands,team,Cook Islands,குக் தீவுகள்,False,Q26988,https://www.wikidata.org/wiki/Q26988,2026-10-03T11:34:19.701913+00:00
Costa Rica,team,Costa Rica,கோஸ்ட்டா ரிக்கா,False,Q800,https://www.wikidata.org/wiki/Q800,2026-10-03T11:34:19.701913+00:00
Croatia,team,Croatia,குரோவாசியா,False,Q224,https://www.wikidata.org/wiki/Q224,2026-10-03T11:34:19.701913+00:00
Cyprus,team,Cyprus,சைப்பிரஸ்,False,Q229,https://www.wikidata.org/wiki/Q229,2026-10-03T11:34:19.701913+00:00
Czech Republic,team,Czech Republic,செக் குடியரசு,False,Q213,https://www.wikidata.org/wiki/Q213,2026-10-03T11:34:19.701913+00:00
Denmark,team,Denmark,Denmark,True,,https://query.wikidata.org/sparql,2026-10-03T11:34:19.701913+00:00
England,team,England,இங்கிலாந்து,False,Q21,https://www.wikidata.org/wiki/Q21,2026-10-03T11:34:19.701913+00:00
Estonia,team,Estonia,எசுத்தோனியா,False,Q191,https://www.wikidata.org/wiki/Q191,2026-10-03T11:34:19.701913+00:00
Eswatini,team,Eswatini,எசுவாத்தினி,False,Q1050,https://www.wikidata.org/wiki/Q1050,2026-10-03T11:34:19.701913+00:00
Fiji,team,Fiji,பிஜி,False,Q712,https://www.wikidata.org/wiki/Q712,2026-10-03T11:34:19.701913+00:00
Finland,team,Finland,பின்லாந்து,False,Q33,https://www.wikidata.org/wiki/Q33,2026-10-03T11:34:19.701913+00:00
France,team,France,பிரான்சு,False,Q142,https://www.wikidata.org/wiki/Q142,2026-10-03T11:34:19.701913+00:00
Gambia,team,Gambia,காம்பியா,False,Q1005,https://www.wikidata.org/wiki/Q1005,2026-10-03T11:34:19.701913+00:00
Germany,team,Germany,செருமனி,False,Q183,https://www.wikidata.org/wiki/Q183,2026-10-03T11:34:19.701913+00:00
Ghana,team,Ghana,கானா,False,Q117,https://www.wikidata.org/wiki/Q117,2026-10-03T11:34:19.701913+00:00
Gibraltar,team,Gibraltar,ஜிப்ரால்ட்டர்,False,Q1410,https://www.wikidata.org/wiki/Q1410,2026-10-03T11:34:19.701913+00:00
Greece,team,Greece,கிரேக்கம்,False,Q41,https://www.wikidata.org/wiki/Q41,2026-10-03T11:34:19.701913+00:00
Guernsey,team,Guernsey,Guernsey,True,,https://query.wikidata.org/sparql,2026-10-03T11:34:19.701913+00:00
Hong Kong,team,Hong Kong,Hong Kong,True,,https://query.wikidata.org/sparql,2026-10-03T11:34:19.701913+00:00
Hungary,team,Hungary,அங்கேரி,False,Q28,https://www.wikidata.org/wiki/Q28,2026-10-03T11:34:19.701913+00:00
ICC World XI,team,ICC World XI,ICC World XI,True,,https://query.wikidata.org/sparql,2026-10-03T11:34:19.701913+00:00
India,team,India,இந்தியா,False,Q668,https://www.wikidata.org/wiki/Q668,2026-10-03T11:34:19.701913+00:00
Indonesia,team,Indonesia,இந்தோனேசியா,False,Q252,https://www.wikidata.org/wiki/Q252,2026-10-03T11:34:19.701913+00:00
Iran,team,Iran,ஈரான்,False,Q794,https://www.wikidata.org/wiki/Q794,2026-10-03T11:34:19.701913+00:00
Ireland,team,Ireland,அயர்லாந்து குடியரசு,False,Q27,https://www.wikidata.org/wiki/Q27,2026-10-03T11:34:19.701913+00:00
Isle of Man,team,Isle of Man,Isle of Man,True,,https://query.wikidata.org/sparql,2026-10-03T11:34:19.701913+00:00
Israel,team,Israel,இசுரேல்,False,Q801,https://www.wikidata.org/wiki/Q801,2026-10-03T11:34:19.701913+00:00
Italy,team,Italy,இத்தாலி,False,Q38,https://www.wikidata.org/wiki/Q38,2026-10-03T11:34:19.701913+00:00
Ivory Coast,team,Ivory Coast,கோட் டிவார்,False,Q1008,https://www.wikidata.org/wiki/Q1008,2026-10-03T11:34:21.446361+00:00
Japan,team,Japan,ஜப்பான்,False,Q17,https://www.wikidata.org/wiki/Q17,2026-10-03T11:34:21.446361+00:00
Jersey,team,Jersey,Jersey,True,,https://query.wikidata.org/sparql,2026-10-03T11:34:21.446361+00:00
Kenya,team,Kenya,கென்யா,False,Q114,https://www.wikidata.org/wiki/Q114,2026-10-03T11:34:21.446361+00:00
Kuwait,team,Kuwait,குவைத்,False,Q817,https://www.wikidata.org/wiki/Q817,2026-10-03T11:34:21.446361+00:00
Lesotho,team,Lesotho,லெசோத்தோ,False,Q1013,https://www.wikidata.org/wiki/Q1013,2026-10-03T11:34:21.446361+00:00
Luxembourg,team,Luxembourg,லக்சம்பர்க்,False,Q32,https://www.wikidata.org/wiki/Q32,2026-10-03T11:34:21.446361+00:00
Malawi,team,Malawi,மலாவி,False,Q1020,https://www.wikidata.org/wiki/Q1020,2026-10-03T11:34:21.446361+00:00
Malaysia,team,Malaysia,மலேசியா,False,Q833,https://www.wikidata.org/wiki/Q833,2026-10-03T11:34:21.446361+00:00
Maldives,team,Maldives,மாலைத்தீவுகள்,False,Q826,https://www.wikidata.org/wiki/Q826,2026-10-03T11:34:21.446361+00:00
Mali,team,Mali,மாலி,False,Q912,https://www.wikidata.org/wiki/Q912,2026-10-03T11:34:21.446361+00:00
Malta,team,Malta,மால்ட்டா,False,Q233,https://www.wikidata.org/wiki/Q233,2026-10-03T11:34:21.446361+00:00
Mexico,team,Mexico,மெக்சிக்கோ,False,Q96,https://www.wikidata.org/wiki/Q96,2026-10-03T11:34:21.446361+00:00
Mongolia,team,Mongolia,மங்கோலியா,False,Q711,https://www.wikidata.org/wiki/Q711,2026-10-03T11:34:21.446361+00:00
Mozambique,team,Mozambique,மொசாம்பிக்,False,Q1029,https://www.wikidata.org/wiki/Q1029,2026-10-03T11:34:21.446361+00:00
Myanmar,team,Myanmar,மியான்மர்,False,Q836,https://www.wikidata.org/wiki/Q836,2026-10-03T11:34:21.446361+00:00
Namibia,team,Namibia,நமீபியா,False,Q1030,https://www.wikidata.org/wiki/Q1030,2026-10-03T11:34:21.446361+00:00
Nepal,team,Nepal,நேபாளம்,False,Q837,https://www.wikidata.org/wiki/Q837,2026-10-03T11:34:21.446361+00:00
Netherlands,team,Netherlands,Netherlands,True,,https://query.wikidata.org/sparql,2026-10-03T11:34:21.446361+00:00
New Zealand,team,New Zealand,நியூசிலாந்து,False,Q664,https://www.wikidata.org/wiki/Q664,2026-10-03T11:34:21.446361+00:00
Nigeria,team,Nigeria,நைஜீரியா,False,Q1033,https://www.wikidata.org/wiki/Q1033,2026-10-03T11:34:21.446361+00:00
Norway,team,Norway,நோர்வே,False,Q20,https://www.wikidata.org/wiki/Q20,2026-10-03T11:34:21.446361+00:00
Oman,team,Oman,Oman,True,,https://query.wikidata.org/sparql,2026-10-03T11:34:21.446361+00:00
Pakistan,team,Pakistan,பாக்கித்தான்,False,Q843,https://www.wikidata.org/wiki/Q843,2026-10-03T11:34:21.446361+00:00
Panama,team,Panama,பனாமா,False,Q804,https://www.wikidata.org/wiki/Q804,2026-10-03T11:34:21.446361+00:00
Papua New Guinea,team,Papua New Guinea,பப்புவா நியூ கினி,False,Q691,https://www.wikidata.org/wiki/Q691,2026-10-03T11:34:21.446361+00:00
Peru,team,Peru,பெரு,False,Q419,https://www.wikidata.org/wiki/Q419,2026-10-03T11:34:21.446361+00:00
Philippines,team,Philippines,பிலிப்பீன்சு,False,Q928,https://www.wikidata.org/wiki/Q928,2026-10-03T11:34:21.446361+00:00
Portugal,team,Portugal,போர்த்துகல்,False,Q45,https://www.wikidata.org/wiki/Q45,2026-10-03T11:34:21.446361+00:00
Qatar,team,Qatar,கத்தார்,False,Q846,https://www.wikidata.org/wiki/Q846,2026-10-03T11:34:21.446361+00:00
Romania,team,Romania,உருமேனியா,False,Q218,https://www.wikidata.org/wiki/Q218,2026-10-03T11:34:21.446361+00:00
Rwanda,team,Rwanda,ருவாண்டா,False,Q1037,https://www.wikidata.org/wiki/Q1037,2026-10-03T11:34:21.446361+00:00
Samoa,team,Samoa,சமோவா,False,Q683,https://www.wikidata.org/wiki/Q683,2026-10-03T11:34:21.446361+00:00
Saudi Arabia,team,Saudi Arabia,சவூதி அரேபியா,False,Q851,https://www.wikidata.org/wiki/Q851,2026-10-03T11:34:21.446361+00:00
Scotland,team,Scotland,இசுக்கொட்லாந்து,False,Q22,https://www.wikidata.org/wiki/Q22,2026-10-03T11:34:21.446361+00:00
Serbia,team,Serbia,செர்பியா,False,Q403,https://www.wikidata.org/wiki/Q403,2026-10-03T11:34:21.446361+00:00
Seychelles,team,Seychelles,சீசெல்சு,False,Q1042,https://www.wikidata.org/wiki/Q1042,2026-10-03T11:34:21.446361+00:00
Sierra Leone,team,Sierra Leone,சியேரா லியோனி,False,Q1044,https://www.wikidata.org/wiki/Q1044,2026-10-03T11:34:21.446361+00:00
Singapore,team,Singapore,சிங்கப்பூர்,False,Q334,https://www.wikidata.org/wiki/Q334,2026-10-03T11:34:21.446361+00:00
Slovenia,team,Slovenia,சுலோவீனியா,False,Q215,https://www.wikidata.org/wiki/Q215,2026-10-03T11:34:21.446361+00:00
South Africa,team,South Africa,தென்னாப்பிரிக்கா,False,Q258,https://www.wikidata.org/wiki/Q258,2026-10-03T11:34:21.446361+00:00
South Korea,team,South Korea,தென் கொரியா,False,Q884,https://www.wikidata.org/wiki/Q884,2026-10-03T11:34:21.446361+00:00
Spain,team,Spain,Spain,True,,https://query.wikidata.org/sparql,2026-10-03T11:34:21.446361+00:00
Sri Lanka,team,Sri Lanka,இலங்கை,False,Q854,https://www.wikidata.org/wiki/Q854,2026-10-03T11:34:21.446361+00:00
St Helena,team,St Helena,St Helena,True,,https://query.wikidata.org/sparql,2026-10-03T11:34:21.446361+00:00
Suriname,team,Suriname,சுரிநாம்,False,Q730,https://www.wikidata.org/wiki/Q730,2026-10-03T11:34:21.446361+00:00
Swaziland,team,Swaziland,எசுவாத்தினி,False,Q1050,https://www.wikidata.org/wiki/Q1050,2026-10-03T11:34:21.446361+00:00
Sweden,team,Sweden,சுவீடன்,False,Q34,https://www.wikidata.org/wiki/Q34,2026-10-03T11:34:21.446361+00:00
Switzerland,team,Switzerland,சுவிட்சர்லாந்து,False,Q39,https://www.wikidata.org/wiki/Q39,2026-10-03T11:34:21.446361+00:00
Tanzania,team,Tanzania,தன்சானியா,False,Q924,https://www.wikidata.org/wiki/Q924,2026-10-03T11:34:21.446361+00:00
Thailand,team,Thailand,தாய்லாந்து,False,Q869,https://www.wikidata.org/wiki/Q869,2026-10-03T11:34:22.351769+00:00
Timor-Leste,team,Timor-Leste,கிழக்குத் திமோர்,False,Q574,https://www.wikidata.org/wiki/Q574,2026-10-03T11:34:22.351769+00:00
Turkey,team,Turkey,துருக்கி,False,Q43,https://www.wikidata.org/wiki/Q43,2026-10-03T11:34:22.351769+00:00
Turks and Caicos Island,team,Turks and Caicos Island,Turks and Caicos Island,True,,https://query.wikidata.org/sparql,2026-10-03T11:34:22.351769+00:00
Uganda,team,Uganda,உகாண்டா,False,Q1036,https://www.wikidata.org/wiki/Q1036,2026-10-03T11:34:22.351769+00:00
United Arab Emirates,team,United Arab Emirates,ஐக்கிய அரபு அமீரகம்,False,Q878,https://www.wikidata.org/wiki/Q878,2026-10-03T11:34:22.351769+00:00
United States of America,team,United States of America,அமெரிக்க ஐக்கிய நாடு,False,Q30,https://www.wikidata.org/wiki/Q30,2026-10-03T11:34:22.351769+00:00
Uzbekistan,team,Uzbekistan,உசுபெக்கித்தான்,False,Q265,https://www.wikidata.org/wiki/Q265,2026-10-03T11:34:22.351769+00:00
Vanuatu,team,Vanuatu,வனுவாட்டு,False,Q686,https://www.wikidata.org/wiki/Q686,2026-10-03T11:34:22.351769+00:00
West Indies,team,West Indies,West Indies,True,,https://query.wikidata.org/sparql,2026-10-03T11:34:22.351769+00:00
Zambia,team,Zambia,சாம்பியா,False,Q953,https://www.wikidata.org/wiki/Q953,2026-10-03T11:34:22.351769+00:00
Zimbabwe,team,Zimbabwe,சிம்பாப்வே,False,Q954,https://www.wikidata.org/wiki/Q954,2026-10-03T11:34:22.351769+00:00
cricinfo:54298,player,Debbie Hockley,Debbie Hockley,True,Q5247936,https://www.wikidata.org/wiki/Q5247936,2026-10-03T11:43:10.242849+00:00
golden:Sonam Yeshey,player,Sonam Yeshey,Sonam Yeshey,True,,https://query.wikidata.org/sparql,2026-10-03T11:43:08.848215+00:00
