cricinfo_id,qid,P21,en,hi,ta,status,source,fetched_at
1022077,Q106027595,Q6581072,Maia Bouchier,मैया बाउचियर,,found,https://www.wikidata.org/wiki/Q106027595,2026-10-03T11:33:56.662400+00:00
1022083,Q55433757,Q6581072,Silver Siegers,सिल्वर सीजर्स,,found,https://www.wikidata.org/wiki/Q55433757,2026-10-03T11:33:56.662400+00:00
1026403,Q29841651,Q6581072,Leah Paul,लिआ पॉल,,found,https://www.wikidata.org/wiki/Q29841651,2026-10-03T11:33:56.662400+00:00
1028655,Q29210519,Q6581097,Pathum Nissanka,पथुम निसांका,பத்தும் நிசங்க,found,https://www.wikidata.org/wiki/Q29210519,2026-10-03T11:33:56.662400+00:00
1036191,Q41312679,Q6581097,Bas de Leede,बास डी लीडे,பாஸ் டி லீட்,found,https://www.wikidata.org/wiki/Q41312679,2026-10-03T11:33:56.662400+00:00
1039421,Q106241375,Q6581072,Charlie Dean,चार्ली डीन,,found,https://www.wikidata.org/wiki/Q106241375,2026-10-03T11:33:56.662400+00:00
1041679,Q47528285,Q6581097,Nosthush Kenjige,नास्तुष केन्ज़ीगे,,found,https://www.wikidata.org/wiki/Q47528285,2026-10-03T11:33:56.662400+00:00
1050029,Q55366875,Q6581072,Ainna Hamizah Hashim,ऐना हमीज़ा हाशिम,,found,https://www.wikidata.org/wiki/Q55366875,2026-10-03T11:33:56.662400+00:00
1050031,Q116471704,Q6581072,Nur Arianna Natsya,,,found,https://www.wikidata.org/wiki/Q116471704,2026-10-03T11:33:56.662400+00:00
1050033,Q55366848,Q6581072,Mahirah Ismail,माहिरा इज़्ज़ती इस्माइल,,found,https://www.wikidata.org/wiki/Q55366848,2026-10-03T11:33:56.662400+00:00
1050039,Q55366888,Q6581072,Aina Najwa,,,found,https://www.wikidata.org/wiki/Q55366888,2026-10-03T11:33:56.662400+00:00
1050043,,,,,,missing,https://query.wikidata.org/sparql,2026-10-03T11:33:56.662400+00:00
10582,Q3630191,Q6581097,Ravi Bopara,रवि बोपारा,,found,https://www.wikidata.org/wiki/Q3630191,2026-10-03T11:33:56.662400+00:00
1058514,Q47087110,Q6581097,Aasif Sheikh,आसिफ शेख (क्रिकेटर),,found,https://www.wikidata.org/wiki/Q47087110,2026-10-03T11:33:56.662400+00:00
1060604,Q55433790,Q6581072,Rosenanee Kanoh,रोसेनन कानोह,,found,https://www.wikidata.org/wiki/Q55433790,2026-10-03T11:33:56.662400+00:00
1060866,,,,,,missing,https://query.wikidata.org/sparql,2026-10-03T11:33:56.662400+00:00
1061467,Q48075022,Q6581097,Dillon Heyliger,डिलन हेलिगर,,found,https://www.wikidata.org/wiki/Q48075022,2026-10-03T11:33:56.662400+00:00
10617,Q3140358,Q6581097,Stuart Broad,स्टुअर्ट ब्रॉड,ஸ்டூவர்ட் பிரோட்,found,https://www.wikidata.org/wiki/Q3140358,2026-10-03T11:33:56.662400+00:00
1062606,Q27843002,Q6581097,Manpreet Singh,मनप्रीत सिंह (इतालवी क्रिकेटर),,found,https://www.wikidata.org/wiki/Q27843002,2026-10-03T11:33:56.662400+00:00
1068933,Q83688320,Q6581072,Jess Kerr,जेस केर,,found,https://www.wikidata.org/wiki/Q83688320,2026-10-03T11:33:56.662400+00:00
1070173,Q28840013,Q6581097,Shubman Gill,शुबमन,சுப்மன் கில்,found,https://www.wikidata.org/wiki/Q28840013,2026-10-03T11:33:56.662400+00:00
1071473,Q48094091,Q6581097,Jan Nicol Loftie-Eaton,निकोल लॉफ्टी-ईटन,,found,https://www.wikidata.org/wiki/Q48094091,2026-10-03T11:33:56.662400+00:00
1071484,Q123997904,Q6581097,Brian Bennett,,,found,https://www.wikidata.org/wiki/Q123997904,2026-10-03T11:33:56.662400+00:00
1071705,Q60474182,Q6581072,Annabel Sutherland,एनाबेल सदरलैंड,,found,https://www.wikidata.org/wiki/Q60474182,2026-10-03T11:33:56.662400+00:00
1072470,Q41105190,Q6581097,Shaheen Afridi,शाहीन अफरीदी,சகீன் அஃப்ரிடி,found,https://www.wikidata.org/wiki/Q41105190,2026-10-03T11:33:56.662400+00:00
1072488,Q48734810,Q6581097,Rohit Kumar,रोहित पौडेल,,found,https://www.wikidata.org/wiki/Q48734810,2026-10-03T11:33:56.662400+00:00
10772,Q983731,Q6581097,Paul Collingwood,पॉल कॉलिंगवुड,போல் கொலிங்வுட்,found,https://www.wikidata.org/wiki/Q983731,2026-10-03T11:33:56.662400+00:00
1077307,Q28343730,Q6581097,Kaleemullah,कलीमुल्लाह,,found,https://www.wikidata.org/wiki/Q28343730,2026-10-03T11:33:56.662400+00:00
1077310,Q28341342,Q6581097,Naseem Khushi,नसीम ख़ुशी,,found,https://www.wikidata.org/wiki/Q28341342,2026-10-03T11:33:56.662400+00:00
1080010,Q55433777,Q6581072,Vicky Araa,विक्की अरा,,found,https://www.wikidata.org/wiki/Q55433777,2026-10-03T11:33:56.662400+00:00
1080012,Q108801794,Q6581072,Nomvelo Sibanda,नोमवेलो सिबांडा,,found,https://www.wikidata.org/wiki/Q108801794,2026-10-03T11:33:56.662400+00:00
1080264,Q45155136,Q6581072,Murshida Khatun,मुर्शिदा खातून,,found,https://www.wikidata.org/wiki/Q45155136,2026-10-03T11:33:56.662400+00:00
1082736,,,,,,missing,https://query.wikidata.org/sparql,2026-10-03T11:33:56.662400+00:00
1082740,,,,,,missing,https://query.wikidata.org/sparql,2026-10-03T11:33:56.662400+00:00
1082742,,,,,,missing,https://query.wikidata.org/sparql,2026-10-03T11:33:56.662400+00:00
1082745,,,,,,missing,https://query.wikidata.org/sparql,2026-10-03T11:33:56.662400+00:00
1089932,Q70761173,Q6581097,Sulaimon Runsewe,सुलेमान रनवे,,found,https://www.wikidata.org/wiki/Q70761173,2026-10-03T11:33:56.662400+00:00
1090866,,,,,,missing,https://query.wikidata.org/sparql,2026-10-03T11:33:56.662400+00:00
1093308,Q114375524,Q6581072,Geua Tom,,,found,https://www.wikidata.org/wiki/Q114375524,2026-10-03T11:33:56.662400+00:00
1093508,,,,,,missing,https://query.wikidata.org/sparql,2026-10-03T11:33:56.662400+00:00
1093518,,,,,,missing,https://query.wikidata.org/sparql,2026-10-03T11:33:56.662400+00:00
1093632,,,,,,missing,https://query.wikidata.org/sparql,2026-10-03T11:33:56.662400+00:00
1094714,Q108801708,Q6581072,Chiedza Dhururu,चिद्ज़ा धुरुरु,,found,https://www.wikidata.org/wiki/Q108801708,2026-10-03T11:33:56.662400+00:00
1094717,Q29891153,Q6581072,Rebecca Stokell,रेबेका स्टोकेल,,found,https://www.wikidata.org/wiki/Q29891153,2026-10-03T11:33:56.662400+00:00
1094718,Q29891257,Q6581072,Louise Little,लुईस लिटिल (क्रिकेटर),,found,https://www.wikidata.org/wiki/Q29891257,2026-10-03T11:33:56.662400+00:00
1094720,Q29947005,Q6581072,Sophie MacMahon,सोफी मैकमोहन,,found,https://www.wikidata.org/wiki/Q29947005,2026-10-03T11:33:56.662400+00:00
1095834,Q55433751,Q6581072,Hannah Rainey,हन्ना रैनी,,found,https://www.wikidata.org/wiki/Q55433751,2026-10-03T11:33:56.662400+00:00
1097998,Q55610759,Q6581072,Ellen Watson,एलेन वॉटसन,,found,https://www.wikidata.org/wiki/Q55610759,2026-10-03T11:33:56.662400+00:00
1099379,Q30063484,Q6581097,Gareth Delany,गैरेथ डेलानी,,found,https://www.wikidata.org/wiki/Q30063484,2026-10-03T11:33:56.662400+00:00
1101783,,,,,,missing,https://query.wikidata.org/sparql,2026-10-03T11:33:56.662400+00:00
1116776,,,,,,missing,https://query.wikidata.org/sparql,2026-10-03T11:33:56.662400+00:00
1116785,,,,,,missing,https://query.wikidata.org/sparql,2026-10-03T11:33:56.662400+00:00
1116786,,,,,,missing,https://query.wikidata.org/sparql,2026-10-03T11:33:56.662400+00:00
1116789,Q55366843,Q6581072,Mas Elysa,मास एलिसा,,found,https://www.wikidata.org/wiki/Q55366843,2026-10-03T11:33:56.662400+00:00
1119417,Q109516334,Q6581072,Francisca Chipare,फ़्रांसिस्का चिपारे,,found,https://www.wikidata.org/wiki/Q109516334,2026-10-03T11:33:56.662400+00:00
1119430,,,,,,missing,https://query.wikidata.org/sparql,2026-10-03T11:33:56.662400+00:00
1119431,Q112243189,Q6581072,Queentor Abel,,,found,https://www.wikidata.org/wiki/Q112243189,2026-10-03T11:33:56.662400+00:00
1119436,,,,,,missing,https://query.wikidata.org/sparql,2026-10-03T11:33:56.662400+00:00
1119460,Q55433698,Q6581072,Janet Mbabazi,जेनेट म्बाबाज़ि,,found,https://www.wikidata.org/wiki/Q55433698,2026-10-03T11:33:56.662400+00:00
1119461,Q55433713,Q6581072,Immaculate Nakisuuyi,इमैक्युलेट नकिसुयि,,found,https://www.wikidata.org/wiki/Q55433713,2026-10-03T11:33:56.662400+00:00
1119464,Q55433704,Q6581072,Rita Musamali,रीता मुसामालि,,found,https://www.wikidata.org/wiki/Q55433704,2026-10-03T11:33:56.662400+00:00
1119469,Q55433711,Q6581072,Stephanie Nampiina,स्टेफ़नी नम्पीना,,found,https://www.wikidata.org/wiki/Q55433711,2026-10-03T11:33:56.662400+00:00
1119473,Q55433679,Q6581072,Kevin Awino,केविन अविनो,,found,https://www.wikidata.org/wiki/Q55433679,2026-10-03T11:33:56.662400+00:00
1119571,Q66771656,Q6581072,Arrasta Diergaardt,ज्यूरिएन डियरगार्ड,,found,https://www.wikidata.org/wiki/Q66771656,2026-10-03T11:33:56.662400+00:00
1119572,Q66771642,Q6581072,Adri van der Merwe,अद्री वैन डेर मेरवे,,found,https://www.wikidata.org/wiki/Q66771642,2026-10-03T11:33:56.662400+00:00
1119573,Q66771653,Q6581072,Kayleen Green,कायलीन ग्रीन,,found,https://www.wikidata.org/wiki/Q66771653,2026-10-03T11:33:56.662400+00:00
1119576,Q66771654,Q6581072,Dietlind Foerster,डाइटलिंड फ़ॉस्टर,,found,https://www.wikidata.org/wiki/Q66771654,2026-10-03T11:33:56.662400+00:00
1119577,Q66771643,Q6581072,Sylvia Shihepo,सिल्विया शिहेपो,,found,https://www.wikidata.org/wiki/Q66771643,2026-10-03T11:33:56.662400+00:00
1119578,Q66771641,Q6581072,Yasmeen Khan,यासमीन खान,,found,https://www.wikidata.org/wiki/Q66771641,2026-10-03T11:33:56.662400+00:00
1119581,Q113622189,Q6581072,Fatuma Kibasu,,,found,https://www.wikidata.org/wiki/Q113622189,2026-10-03T11:33:56.662400+00:00
1119584,,,,,,missing,https://query.wikidata.org/sparql,2026-10-03T11:33:56.662400+00:00
1119587,,,,,,missing,https://query.wikidata.org/sparql,2026-10-03T11:33:56.662400+00:00
1119588,,,,,,missing,https://query.wikidata.org/sparql,2026-10-03T11:33:56.662400+00:00
1119591,,,,,,missing,https://query.wikidata.org/sparql,2026-10-03T11:33:56.662400+00:00
1119739,,,,,,missing,https://query.wikidata.org/sparql,2026-10-03T11:33:56.662400+00:00
1121148,,,,,,missing,https://query.wikidata.org/sparql,2026-10-03T11:33:56.662400+00:00
1123422,,,,,,missing,https://query.wikidata.org/sparql,2026-10-03T11:33:56.662400+00:00
1125059,Q42879193,Q6581072,Natalia Pervaiz,नतालिया परवेज,,found,https://www.wikidata.org/wiki/Q42879193,2026-10-03T11:33:56.662400+00:00
1125976,Q60734086,Q6581097,Arshdeep Singh,अर्शदीप सिंह,அர்ச்தீப் சிங்,found,https://www.wikidata.org/wiki/Q60734086,2026-10-03T11:33:56.662400+00:00
1126408,Q55366884,Q6581072,Wan Julia,वान जूलिया,,found,https://www.wikidata.org/wiki/Q55366884,2026-10-03T11:33:56.662400+00:00
1126410,Q108610352,Q6581072,Roma Thapa,,,found,https://www.wikidata.org/wiki/Q108610352,2026-10-03T11:33:56.662400+00:00
1126415,Q55433725,Q6581072,Chaya Mughal,छाया मुगल,,found,https://www.wikidata.org/wiki/Q55433725,2026-10-03T11:33:56.662400+00:00
1126416,Q55433741,Q6581072,Esha Oza,ईषा रोहित,,found,https://www.wikidata.org/wiki/Q55433741,2026-10-03T11:33:56.662400+00:00
1126419,Q55433797,Q6581072,Kavisha Egodage,काविषा एगोदगे,,found,https://www.wikidata.org/wiki/Q55433797,2026-10-03T11:33:56.662400+00:00
1126428,Q55433804,Q6581072,Udeni Dona,,,found,https://www.wikidata.org/wiki/Q55433804,2026-10-03T11:33:56.662400+00:00
1127317,Q44749733,Q6581097,Scott Edwards,स्कॉट एडवर्ड्स (क्रिकेटर),,found,https://www.wikidata.org/wiki/Q44749733,2026-10-03T11:33:56.662400+00:00
1129565,Q52674324,Q6581097,Riazat Ali Shah,रियाजत अली शाह,,found,https://www.wikidata.org/wiki/Q52674324,2026-10-03T11:33:56.662400+00:00
1135025,Q108801796,Q6581072,Loryn Phiri,लोरिन फ़िरी,,found,https://www.wikidata.org/wiki/Q108801796,2026-10-03T11:33:56.662400+00:00
1135028,Q54861582,Q6581072,Cara Murray,कारा मरे,,found,https://www.wikidata.org/wiki/Q54861582,2026-10-03T11:33:56.662400+00:00
1138316,Q59656519,Q6581097,Mahesh Theekshana,महेश दीक्षाना,மகேசு தீக்சன,found,https://www.wikidata.org/wiki/Q59656519,2026-10-03T11:33:56.662400+00:00
1139523,Q59656513,Q6581097,Rishad Hossain,रिशद हुसैन,,found,https://www.wikidata.org/wiki/Q59656513,2026-10-03T11:33:56.662400+00:00
1140098,,,,,,missing,https://query.wikidata.org/sparql,2026-10-03T11:33:56.662400+00:00
1140101,Q111664158,Q6581072,Anju Gurung,,,found,https://www.wikidata.org/wiki/Q111664158,2026-10-03T11:33:56.662400+00:00
1140102,,,,,,missing,https://query.wikidata.org/sparql,2026-10-03T11:33:56.662400+00:00
1140106,,,,,,missing,https://query.wikidata.org/sparql,2026-10-03T11:33:56.662400+00:00
1140108,,,,,,missing,https://query.wikidata.org/sparql,2026-10-03T11:33:56.662400+00:00
1141934,Q68690691,Q6581097,Kushal Malla,कुशाल मल्ल,,found,https://www.wikidata.org/wiki/Q68690691,2026-10-03T11:33:56.662400+00:00
1143139,Q56630785,Q6581097,Sylvester Okpe,सिल्वेस्टर ओकपे,,found,https://www.wikidata.org/wiki/Q56630785,2026-10-03T11:33:56.662400+00:00
1143529,,,,,,missing,https://query.wikidata.org/sparql,2026-10-03T11:33:56.662400+00:00
1144870,Q112129118,Q6581072,Gull Feroza,,,found,https://www.wikidata.org/wiki/Q112129118,2026-10-03T11:33:56.662400+00:00
1144881,Q64010307,Q6581072,Rameen Shamim,रमीन शमीम,,found,https://www.wikidata.org/wiki/Q64010307,2026-10-03T11:33:56.662400+00:00
1144886,Q63699907,Q6581072,Fatima Sana,फातिमा सना,,found,https://www.wikidata.org/wiki/Q63699907,2026-10-03T11:33:56.662400+00:00
1145089,Q53437660,Q6581072,Sobhana Mostary,शोभना मोस्तरी,,found,https://www.wikidata.org/wiki/Q53437660,2026-10-03T11:33:56.662400+00:00
1146027,Q66311039,Q6581072,Megan McColl,मेगन मैककोल,,found,https://www.wikidata.org/wiki/Q66311039,2026-10-03T11:33:56.662400+00:00
1146129,Q106097842,Q6581072,Lauren Filer,,,found,https://www.wikidata.org/wiki/Q106097842,2026-10-03T11:33:56.662400+00:00
1146661,Q66311037,Q6581072,Katherine Fraser,कैथरीन फ्रेजर (क्रिकेटर),,found,https://www.wikidata.org/wiki/Q66311037,2026-10-03T11:33:56.662400+00:00
1148032,Q66310416,Q6581072,Eva Lynch,ईवा लिंच,,found,https://www.wikidata.org/wiki/Q66310416,2026-10-03T11:33:56.662400+00:00
1150575,Q55433738,Q6581072,Heena Hotchandani,,,found,https://www.wikidata.org/wiki/Q55433738,2026-10-03T11:33:56.662400+00:00
1150581,Q55433782,Q6581072,Isabel Toua,इसाबेल तौआ,,found,https://www.wikidata.org/wiki/Q55433782,2026-10-03T11:33:56.662400+00:00
1150582,Q55433784,Q6581072,Naoani Vare,नाओनी वरे,,found,https://www.wikidata.org/wiki/Q55433784,2026-10-03T11:33:56.662400+00:00
1150585,Q66310534,Q6581072,Orla Prendergast,ओर्ला प्रेंडरगैस्ट,,found,https://www.wikidata.org/wiki/Q66310534,2026-10-03T11:33:56.662400+00:00
1151255,,,,,,missing,https://query.wikidata.org/sparql,2026-10-03T11:33:56.662400+00:00
1151256,,,,,,missing,https://query.wikidata.org/sparql,2026-10-03T11:33:56.662400+00:00
1151261,,,,,,missing,https://query.wikidata.org/sparql,2026-10-03T11:33:56.662400+00:00
1153767,Q69530741,Q6581097,Vikramjit Singh,,,found,https://www.wikidata.org/wiki/Q69530741,2026-10-03T11:33:56.662400+00:00
1155597,,,,,,missing,https://query.wikidata.org/sparql,2026-10-03T11:33:56.662400+00:00
1155599,,,,,,missing,https://query.wikidata.org/sparql,2026-10-03T11:33:56.662400+00:00
1158367,,,,,,missing,https://query.wikidata.org/sparql,2026-10-03T11:33:56.662400+00:00
1158369,,,,,,missing,https://query.wikidata.org/sparql,2026-10-03T11:33:56.662400+00:00
1158370,,,,,,missing,https://query.wikidata.org/sparql,2026-10-03T11:33:56.662400+00:00
1158406,,,,,,missing,https://query.wikidata.org/sparql,2026-10-03T11:33:56.662400+00:00
1158408,,,,,,missing,https://query.wikidata.org/sparql,2026-10-03T11:33:56.662400+00:00
1158411,,,,,,missing,https://query.wikidata.org/sparql,2026-10-03T11:33:56.662400+00:00
1158415,Q66771651,Q6581072,Wilka Mwatile,विल्का मवाटाइल,,found,https://www.wikidata.org/wiki/Q66771651,2026-10-03T11:33:56.662400+00:00
1158416,Q66771638,Q6581072,Eveleen Kejarukua,,,found,https://www.wikidata.org/wiki/Q66771638,2026-10-03T11:33:56.662400+00:00
1158417,Q66771652,Q6581072,Victoria Hamunyela,विक्टोरिया हामुनीला,,found,https://www.wikidata.org/wiki/Q66771652,2026-10-03T11:33:56.662400+00:00
1158420,,,,,,missing,https://query.wikidata.org/sparql,2026-10-03T11:33:56.662400+00:00
1158426,,,,,,missing,https://query.wikidata.org/sparql,2026-10-03T11:33:56.662400+00:00
1158510,,,,,,missing,https://query.wikidata.org/sparql,2026-10-03T11:33:56.662400+00:00
1159641,Q57017749,Q6581097,Monank Patel,मोनंक पटेल,,found,https://www.wikidata.org/wiki/Q57017749,2026-10-03T11:33:56.662400+00:00
1161020,Q79423699,Q6581097,Rashid Khan,,,found,https://www.wikidata.org/wiki/Q79423699,2026-10-03T11:33:56.662400+00:00
1161031,Q105603453,Q6581097,Saim Ayub,सईम अयूब,,found,https://www.wikidata.org/wiki/Q105603453,2026-10-03T11:33:56.662400+00:00
1161038,Q104717338,Q6581097,Alishan Sharafu,अलीशान शराफू,அலிசான் சரபு,found,https://www.wikidata.org/wiki/Q104717338,2026-10-03T11:33:56.662400+00:00
1161397,,,,,,missing,https://query.wikidata.org/sparql,2026-10-03T11:33:56.662400+00:00
1161398,Q104780457,Q6581072,Roberta Moretti Avery,रोबर्टा मोरेटी एवरी,,found,https://www.wikidata.org/wiki/Q104780457,2026-10-03T11:33:56.662400+00:00
1161401,,,,,,missing,https://query.wikidata.org/sparql,2026-10-03T11:33:56.662400+00:00
1161402,,,,,,missing,https://query.wikidata.org/sparql,2026-10-03T11:33:56.662400+00:00
1161606,Q61729076,Q6581097,Haris Rauf,हारिस रऊफ,ஹாரிஸ் ராவுஃப்,found,https://www.wikidata.org/wiki/Q61729076,2026-10-03T11:33:56.662400+00:00
1163087,Q116643949,Q6581072,Annerie Dercksen,,,found,https://www.wikidata.org/wiki/Q116643949,2026-10-03T11:33:56.662400+00:00
1167318,,,,,,missing,https://query.wikidata.org/sparql,2026-10-03T11:33:56.662400+00:00
1167320,,,,,,missing,https://query.wikidata.org/sparql,2026-10-03T11:33:56.662400+00:00
1167525,,,,,,missing,https://query.wikidata.org/sparql,2026-10-03T11:33:56.662400+00:00
1169661,Q113355827,Q6581072,Eden Carson,,,found,https://www.wikidata.org/wiki/Q113355827,2026-10-03T11:33:56.662400+00:00
1171415,,,,,,missing,https://query.wikidata.org/sparql,2026-10-03T11:33:56.662400+00:00
1171417,,,,,,missing,https://query.wikidata.org/sparql,2026-10-03T11:33:56.662400+00:00
1171419,Q108561851,Q6581072,Bindu Rawal,,,found,https://www.wikidata.org/wiki/Q108561851,2026-10-03T11:33:56.662400+00:00
1171428,,,,,,missing,https://query.wikidata.org/sparql,2026-10-03T11:33:56.662400+00:00
1171429,Q85748564,Q6581072,Phannita Maya,फन्निता माया,,found,https://www.wikidata.org/wiki/Q85748564,2026-10-03T11:33:56.662400+00:00
1171432,,,,,,missing,https://query.wikidata.org/sparql,2026-10-03T11:33:56.662400+00:00
1171444,,,,,,missing,https://query.wikidata.org/sparql,2026-10-03T11:33:56.662400+00:00
1171471,,,,,,missing,https://query.wikidata.org/sparql,2026-10-03T11:33:56.662400+00:00
1171472,,,,,,missing,https://query.wikidata.org/sparql,2026-10-03T11:33:56.662400+00:00
1171477,,,,,,missing,https://query.wikidata.org/sparql,2026-10-03T11:33:56.662400+00:00
1171481,,,,,,missing,https://query.wikidata.org/sparql,2026-10-03T11:33:56.662400+00:00
1171482,,,,,,missing,https://query.wikidata.org/sparql,2026-10-03T11:33:56.662400+00:00
1171484,,,,,,missing,https://query.wikidata.org/sparql,2026-10-03T11:33:56.662400+00:00
1171524,Q114366615,Q6581072,Elsa Hunter,,,found,https://www.wikidata.org/wiki/Q114366615,2026-10-03T11:33:56.662400+00:00
1171544,,,,,,missing,https://query.wikidata.org/sparql,2026-10-03T11:33:56.662400+00:00
1171666,,,,,,missing,https://query.wikidata.org/sparql,2026-10-03T11:33:56.662400+00:00
1171667,,,,,,missing,https://query.wikidata.org/sparql,2026-10-03T11:33:56.662400+00:00
1171937,,,,,,missing,https://query.wikidata.org/sparql,2026-10-03T11:33:56.662400+00:00
1172330,,,,,,missing,https://query.wikidata.org/sparql,2026-10-03T11:33:56.662400+00:00
1172634,Q111851481,Q6581072,Henriette Ishimwe,,,found,https://www.wikidata.org/wiki/Q111851481,2026-10-03T11:33:56.662400+00:00
1172637,Q107178117,Q6581072,Marie Bimenyimana,मैरी बिमेनीमाना,,found,https://www.wikidata.org/wiki/Q107178117,2026-10-03T11:33:56.662400+00:00
1172639,Q116414385,Q6581072,Gisele Ishimwe,,,found,https://www.wikidata.org/wiki/Q116414385,2026-10-03T11:33:56.662400+00:00
1172642,,,,,,missing,https://query.wikidata.org/sparql,2026-10-03T11:33:56.662400+00:00
11728,Q500551,Q6581097,Alastair Cook,अलस्टेयर कुक,அலஸ்டைர் குக்,found,https://www.wikidata.org/wiki/Q500551,2026-10-03T11:33:56.662400+00:00
1174312,,,,,,missing,https://query.wikidata.org/sparql,2026-10-03T11:33:56.662400+00:00
1174341,Q116474094,Q6581072,Aisya Eleesa,,,found,https://www.wikidata.org/wiki/Q116474094,2026-10-03T11:33:56.662400+00:00
1175149,Q111906653,Q6581072,Maryam Omar,,,found,https://www.wikidata.org/wiki/Q111906653,2026-10-03T11:33:56.662400+00:00
1175150,,,,,,missing,https://query.wikidata.org/sparql,2026-10-03T11:33:56.662400+00:00
1175151,,,,,,missing,https://query.wikidata.org/sparql,2026-10-03T11:33:56.662400+00:00
1175152,,,,,,missing,https://query.wikidata.org/sparql,2026-10-03T11:33:56.662400+00:00
1175161,,,,,,missing,https://query.wikidata.org/sparql,2026-10-03T11:33:56.662400+00:00
1175162,,,,,,missing,https://query.wikidata.org/sparql,2026-10-03T11:33:56.662400+00:00
1175165,,,,,,missing,https://query.wikidata.org/sparql,2026-10-03T11:33:56.662400+00:00
1175166,,,,,,missing,https://query.wikidata.org/sparql,2026-10-03T11:33:56.662400+00:00
1176132,Q71741046,Q6581072,Phoebe Litchfield,फोएबे लिचफील्ड,,found,https://www.wikidata.org/wiki/Q71741046,2026-10-03T11:33:56.662400+00:00
1178586,Q72687829,Q6581097,Vriitya Aravind,वृत्ति अरविंद,,found,https://www.wikidata.org/wiki/Q72687829,2026-10-03T11:33:56.662400+00:00
1179492,,,,,,missing,https://query.wikidata.org/sparql,2026-10-03T11:33:56.662400+00:00
1179941,,,,,,missing,https://query.wikidata.org/sparql,2026-10-03T11:33:56.662400+00:00
1180468,,,,,,missing,https://query.wikidata.org/sparql,2026-10-03T11:33:56.662400+00:00
1181181,,,,,,missing,https://query.wikidata.org/sparql,2026-10-03T11:33:56.662400+00:00
1182523,Q68462628,Q6581072,Shafali Verma,शैफाली वर्मा,சஃபாலி வர்மா,found,https://www.wikidata.org/wiki/Q68462628,2026-10-03T11:33:56.662400+00:00
1182743,,,,,,missing,https://query.wikidata.org/sparql,2026-10-03T11:33:56.662400+00:00
1182745,,,,,,missing,https://query.wikidata.org/sparql,2026-10-03T11:33:56.662400+00:00
1182762,,,,,,missing,https://query.wikidata.org/sparql,2026-10-03T11:33:56.662400+00:00
1182776,,,,,,missing,https://query.wikidata.org/sparql,2026-10-03T11:33:56.662400+00:00
1184105,Q66774384,Q6581072,Hannah Landheer,हन्ना लैंडहीर,,found,https://www.wikidata.org/wiki/Q66774384,2026-10-03T11:33:56.662400+00:00
1184173,Q106959807,Q6581072,Ailsa Lister,ऐल्सा लिस्टर,,found,https://www.wikidata.org/wiki/Q106959807,2026-10-03T11:33:56.662400+00:00
1184545,Q66773512,Q6581072,Geetika Kodali,गीतिका कोडाली,,found,https://www.wikidata.org/wiki/Q66773512,2026-10-03T11:33:56.662400+00:00
1184969,Q108331180,Q6581072,Rachel Slater,राहेल स्लेटर,,found,https://www.wikidata.org/wiki/Q108331180,2026-10-03T11:33:56.662400+00:00
1185795,Q66310540,Q6581072,Iris Zwilling,आइरिस ज़विलिंग,,found,https://www.wikidata.org/wiki/Q66310540,2026-10-03T11:33:56.662400+00:00
1185796,Q66310538,Q6581072,Frederique Overdijk,फ़्रेडरिक ओवरडिज्क,,found,https://www.wikidata.org/wiki/Q66310538,2026-10-03T11:33:56.662400+00:00
1187120,Q106147249,Q6581072,Alice Capsey,ऐलिस कैप्सी,,found,https://www.wikidata.org/wiki/Q106147249,2026-10-03T11:33:56.662400+00:00
1189310,Q133836106,Q6581072,Prosscovia Alako,,,found,https://www.wikidata.org/wiki/Q133836106,2026-10-03T11:33:56.662400+00:00
1189313,,,,,,missing,https://query.wikidata.org/sparql,2026-10-03T11:33:56.662400+00:00
1190578,Q107565884,Q6581072,Karthika Vijayaraghavan,कार्तिका विजयराघवन,கார்த்திகா விஜயராகவன்,found,https://www.wikidata.org/wiki/Q107565884,2026-10-03T11:33:56.662400+00:00
1190585,,,,,,missing,https://query.wikidata.org/sparql,2026-10-03T11:33:56.662400+00:00
1190587,Q105490848,Q6581072,Janet Ronalds,जेनेट रोनाल्ड्स,ஜேனட் ரொனால்ட்சு,found,https://www.wikidata.org/wiki/Q105490848,2026-10-03T11:33:56.662400+00:00
1195672,Q106810295,Q6581097,Aryan Dutt,आर्यन दत्त,,found,https://www.wikidata.org/wiki/Q106810295,2026-10-03T11:33:57.600001+00:00
1195947,Q112007635,Q6581072,Freya Kemp,,,found,https://www.wikidata.org/wiki/Q112007635,2026-10-03T11:33:57.600001+00:00
1198334,,,,,,missing,https://query.wikidata.org/sparql,2026-10-03T11:33:57.600001+00:00
1199586,,,,,,missing,https://query.wikidata.org/sparql,2026-10-03T11:33:57.600001+00:00
1199589,,,,,,missing,https://query.wikidata.org/sparql,2026-10-03T11:33:57.600001+00:00
1199597,,,,,,missing,https://query.wikidata.org/sparql,2026-10-03T11:33:57.600001+00:00
1199630,Q67153717,Q6581072,Shabika Gajnabi,शबिका गजनबि,,found,https://www.wikidata.org/wiki/Q67153717,2026-10-03T11:33:57.600001+00:00
1203223,,,,,,missing,https://query.wikidata.org/sparql,2026-10-03T11:33:57.600001+00:00
1203297,Q110819033,Q6581072,Kabita Joshi,,,found,https://www.wikidata.org/wiki/Q110819033,2026-10-03T11:33:57.600001+00:00
1203321,Q127605201,Q6581072,Samjhana Khadka,,,found,https://www.wikidata.org/wiki/Q127605201,2026-10-03T11:33:57.600001+00:00
1203754,Q70912138,Q6581097,Junaid Siddique,जुनैद सिद्दीकी (इमरती क्रिकेटर),,found,https://www.wikidata.org/wiki/Q70912138,2026-10-03T11:33:57.600001+00:00
1204917,Q72390378,Q6581072,Sadia Iqbal,सादिया इकबाल,,found,https://www.wikidata.org/wiki/Q72390378,2026-10-03T11:33:57.600001+00:00
1204959,Q112129120,Q6581072,Tuba Hassan,,,found,https://www.wikidata.org/wiki/Q112129120,2026-10-03T11:33:57.600001+00:00
1204964,Q107272416,Q6581072,Rabeya Khan,,,found,https://www.wikidata.org/wiki/Q107272416,2026-10-03T11:33:57.600001+00:00
1208951,Q113361117,Q6581072,Georgia Plimmer,,,found,https://www.wikidata.org/wiki/Q113361117,2026-10-03T11:33:57.600001+00:00
1208952,Q105442268,Q6581072,Fran Jonas,फ्रान जोनास,,found,https://www.wikidata.org/wiki/Q105442268,2026-10-03T11:33:57.600001+00:00
1209110,Q77709013,Q6581097,Basil Hameed,बेसिल हमीद,பசில் அமீட்,found,https://www.wikidata.org/wiki/Q77709013,2026-10-03T11:33:57.600001+00:00
1211545,Q113354751,Q6581072,Izzy Gaze,,,found,https://www.wikidata.org/wiki/Q113354751,2026-10-03T11:33:57.600001+00:00
1212830,Q83719779,Q6581072,Richa Ghosh,ऋचा घोष,ரிச்சா கோஷ்,found,https://www.wikidata.org/wiki/Q83719779,2026-10-03T11:33:57.600001+00:00
1213626,,,,,,missing,https://query.wikidata.org/sparql,2026-10-03T11:33:57.600001+00:00
1213629,,,,,,missing,https://query.wikidata.org/sparql,2026-10-03T11:33:57.600001+00:00
1213630,,,,,,missing,https://query.wikidata.org/sparql,2026-10-03T11:33:57.600001+00:00
1213637,,,,,,missing,https://query.wikidata.org/sparql,2026-10-03T11:33:57.600001+00:00
1213646,,,,,,missing,https://query.wikidata.org/sparql,2026-10-03T11:33:57.600001+00:00
1213650,,,,,,missing,https://query.wikidata.org/sparql,2026-10-03T11:33:57.600001+00:00
1214078,,,,,,missing,https://query.wikidata.org/sparql,2026-10-03T11:33:57.600001+00:00
1214080,Q85748527,Q6581072,Cherry-Ann Fraser,चेरी-एन फ्रेजर,,found,https://www.wikidata.org/wiki/Q85748527,2026-10-03T11:33:57.600001+00:00
1229005,Q112632048,Q6581072,Alana Dalzell,,,found,https://www.wikidata.org/wiki/Q112632048,2026-10-03T11:33:57.600001+00:00
1229014,Q106959811,Q6581072,Amy Hunter,एमी हंटर (क्रिकेटर),,found,https://www.wikidata.org/wiki/Q106959811,2026-10-03T11:33:57.600001+00:00
1229015,Q106959806,Q6581072,Ava Canning,एवा कैनिंग,,found,https://www.wikidata.org/wiki/Q106959806,2026-10-03T11:33:57.600001+00:00
1229017,Q107000475,Q6581072,Georgina Dempsey,जॉर्जीना डेम्पसे,,found,https://www.wikidata.org/wiki/Q107000475,2026-10-03T11:33:57.600001+00:00
1229018,Q108830250,Q6581072,Jane Maguire,जेन मगुइरे,,found,https://www.wikidata.org/wiki/Q108830250,2026-10-03T11:33:57.600001+00:00
1236147,,,,,,missing,https://query.wikidata.org/sparql,2026-10-03T11:33:57.600001+00:00
1236784,Q125857309,Q6581072,Chloe Abel,,,found,https://www.wikidata.org/wiki/Q125857309,2026-10-03T11:33:57.600001+00:00
1241265,Q114724632,Q6581097,Aayan Afzal Khan,,,found,https://www.wikidata.org/wiki/Q114724632,2026-10-03T11:33:57.600001+00:00
1241277,Q108803714,Q6581097,Waseem Muhammad,मुहम्मद वसीम (क्रिकेटर),,found,https://www.wikidata.org/wiki/Q108803714,2026-10-03T11:33:57.600001+00:00
1250707,Q124461240,Q6581072,Kelis Ndhlovu,,,found,https://www.wikidata.org/wiki/Q124461240,2026-10-03T11:33:57.600001+00:00
1253822,Q108576598,Q6581097,Gulsan Jha,गुलसन झा,,found,https://www.wikidata.org/wiki/Q108576598,2026-10-03T11:33:57.600001+00:00
1255411,Q116417448,Q6581072,Amanjot Kaur,,அமன்ஜோத் கவுர்,found,https://www.wikidata.org/wiki/Q116417448,2026-10-03T11:33:57.600001+00:00
1265228,,,,,,missing,https://query.wikidata.org/sparql,2026-10-03T11:33:57.600001+00:00
1268281,Q107344841,Q6581072,Zaida James,ज़ैदा जेम्स,,found,https://www.wikidata.org/wiki/Q107344841,2026-10-03T11:33:57.600001+00:00
1268602,Q110722902,Q6581072,Jannillea Glasgow,जेनिलिया ग्लासगो,,found,https://www.wikidata.org/wiki/Q110722902,2026-10-03T11:33:57.600001+00:00
1271055,,,,,,missing,https://query.wikidata.org/sparql,2026-10-03T11:33:57.600001+00:00
1272397,,,,,,missing,https://query.wikidata.org/sparql,2026-10-03T11:33:57.600001+00:00
1273950,Q116471429,Q6581072,Aphisara Suwanchonrathi,,,found,https://www.wikidata.org/wiki/Q116471429,2026-10-03T11:33:57.600001+00:00
1276637,,,,,,missing,https://query.wikidata.org/sparql,2026-10-03T11:33:57.600001+00:00
1276719,Q108695371,Q6581097,Kashyap Prajapati,कश्यप प्रजापति,,found,https://www.wikidata.org/wiki/Q108695371,2026-10-03T11:33:57.600001+00:00
1276837,,,,,,missing,https://query.wikidata.org/sparql,2026-10-03T11:33:57.600001+00:00
1280665,,,,,,missing,https://query.wikidata.org/sparql,2026-10-03T11:33:57.600001+00:00
1280671,,,,,,missing,https://query.wikidata.org/sparql,2026-10-03T11:33:57.600001+00:00
1283421,Q111802379,Q6581072,Laura Cardoso,,,found,https://www.wikidata.org/wiki/Q111802379,2026-10-03T11:33:57.600001+00:00
1283424,,,,,,missing,https://query.wikidata.org/sparql,2026-10-03T11:33:57.600001+00:00
1283439,Q109697767,Q6581072,Isani Vaghela,इसानी वाघेला,,found,https://www.wikidata.org/wiki/Q109697767,2026-10-03T11:33:57.600001+00:00
12856,Q95885,Q6581097,Andrew Flintoff,एंड्रयू फ़्लिंटफ़,ஆன்ட்ரூ பிளின்டொஃப்,found,https://www.wikidata.org/wiki/Q95885,2026-10-03T11:33:57.600001+00:00
1290105,Q113550960,Q6581072,Vishmi Gunaratne,,விஷ்மி குணரத்ன,found,https://www.wikidata.org/wiki/Q113550960,2026-10-03T11:33:57.600001+00:00
1290384,,,,,,missing,https://query.wikidata.org/sparql,2026-10-03T11:33:57.600001+00:00
1290387,Q114324075,Q6581072,Khushi Sharma,,,found,https://www.wikidata.org/wiki/Q114324075,2026-10-03T11:33:57.600001+00:00
1290388,Q111826737,Q6581072,Theertha Satish,,,found,https://www.wikidata.org/wiki/Q111826737,2026-10-03T11:33:57.600001+00:00
1297136,Q116471700,Q6581072,Nur Dania Syuhada,,,found,https://www.wikidata.org/wiki/Q116471700,2026-10-03T11:33:57.600001+00:00
1302686,,,,,,missing,https://query.wikidata.org/sparql,2026-10-03T11:33:57.600001+00:00
1302733,,,,,,missing,https://query.wikidata.org/sparql,2026-10-03T11:33:57.600001+00:00
1306435,Q111420825,Q6581072,Lavanya Keny,,,found,https://www.wikidata.org/wiki/Q111420825,2026-10-03T11:33:57.600001+00:00
1306436,,,,,,missing,https://query.wikidata.org/sparql,2026-10-03T11:33:57.600001+00:00
1306437,Q114254236,Q6581072,Siya Gokhale,,,found,https://www.wikidata.org/wiki/Q114254236,2026-10-03T11:33:57.600001+00:00
1306438,,,,,,missing,https://query.wikidata.org/sparql,2026-10-03T11:33:57.600001+00:00
1307999,,,,,,missing,https://query.wikidata.org/sparql,2026-10-03T11:33:57.600001+00:00
1311473,,,,,,missing,https://query.wikidata.org/sparql,2026-10-03T11:33:57.600001+00:00
1311480,,,,,,missing,https://query.wikidata.org/sparql,2026-10-03T11:33:57.600001+00:00
1315572,Q116658748,Q6581072,Sadaf Shamas,,,found,https://www.wikidata.org/wiki/Q116658748,2026-10-03T11:33:57.600001+00:00
1318941,,,,,,missing,https://query.wikidata.org/sparql,2026-10-03T11:33:57.600001+00:00
1318944,,,,,,missing,https://query.wikidata.org/sparql,2026-10-03T11:33:57.600001+00:00
1318951,,,,,,missing,https://query.wikidata.org/sparql,2026-10-03T11:33:57.600001+00:00
1318957,,,,,,missing,https://query.wikidata.org/sparql,2026-10-03T11:33:57.600001+00:00
1320247,,,,,,missing,https://query.wikidata.org/sparql,2026-10-03T11:33:57.600001+00:00
1323100,,,,,,missing,https://query.wikidata.org/sparql,2026-10-03T11:33:57.600001+00:00
1323102,,,,,,missing,https://query.wikidata.org/sparql,2026-10-03T11:33:57.600001+00:00
1323105,,,,,,missing,https://query.wikidata.org/sparql,2026-10-03T11:33:57.600001+00:00
1331887,,,,,,missing,https://query.wikidata.org/sparql,2026-10-03T11:33:57.600001+00:00
1331889,,,,,,missing,https://query.wikidata.org/sparql,2026-10-03T11:33:57.600001+00:00
1332561,Q116770041,Q6581072,Marufa Akter,,,found,https://www.wikidata.org/wiki/Q116770041,2026-10-03T11:33:57.600001+00:00
1338585,,,,,,missing,https://query.wikidata.org/sparql,2026-10-03T11:33:57.600001+00:00
1338587,,,,,,missing,https://query.wikidata.org/sparql,2026-10-03T11:33:57.600001+00:00
1341174,Q116680846,Q6581072,Umm-e-Hani,,,found,https://www.wikidata.org/wiki/Q116680846,2026-10-03T11:33:57.600001+00:00
1341621,,,,,,missing,https://query.wikidata.org/sparql,2026-10-03T11:33:57.600001+00:00
1341625,,,,,,missing,https://query.wikidata.org/sparql,2026-10-03T11:33:57.600001+00:00
1344829,,,,,,missing,https://query.wikidata.org/sparql,2026-10-03T11:33:57.600001+00:00
1346729,Q116770037,Q6581072,Dilara Akter,,,found,https://www.wikidata.org/wiki/Q116770037,2026-10-03T11:33:57.600001+00:00
1349098,Q133836121,Q6581072,Malisa Ariokot,,,found,https://www.wikidata.org/wiki/Q133836121,2026-10-03T11:33:57.600001+00:00
1351945,Q134184131,Q6581072,Aimee Maguire,,,found,https://www.wikidata.org/wiki/Q134184131,2026-10-03T11:33:57.600001+00:00
1351975,,,,,,missing,https://query.wikidata.org/sparql,2026-10-03T11:33:57.600001+00:00
1352080,,,,,,missing,https://query.wikidata.org/sparql,2026-10-03T11:33:57.600001+00:00
1352119,Q120269999,Q6581072,Darcey Carter,,,found,https://www.wikidata.org/wiki/Q120269999,2026-10-03T11:33:57.600001+00:00
1352206,Q116768935,Q6581072,Shorna Akter,,,found,https://www.wikidata.org/wiki/Q116768935,2026-10-03T11:33:57.600001+00:00
1361960,,,,,,missing,https://query.wikidata.org/sparql,2026-10-03T11:33:57.600001+00:00
1371855,Q124950016,Q6581072,Sultana Khatun,,,found,https://www.wikidata.org/wiki/Q124950016,2026-10-03T11:33:57.600001+00:00
1380573,Q124454138,Q6581072,Pako Mapotsane,,,found,https://www.wikidata.org/wiki/Q124454138,2026-10-03T11:33:57.600001+00:00
1385478,,,,,,missing,https://query.wikidata.org/sparql,2026-10-03T11:33:57.600001+00:00
1393633,,,,,,missing,https://query.wikidata.org/sparql,2026-10-03T11:33:57.600001+00:00
1393635,Q123505625,Q6581072,Puja Mahato,,,found,https://www.wikidata.org/wiki/Q123505625,2026-10-03T11:33:57.600001+00:00
1395406,Q124476749,Q6581072,Sugeni Kananji,,,found,https://www.wikidata.org/wiki/Q124476749,2026-10-03T11:33:57.600001+00:00
1400003,,,,,,missing,https://query.wikidata.org/sparql,2026-10-03T11:33:57.600001+00:00
1400992,,,,,,missing,https://query.wikidata.org/sparql,2026-10-03T11:33:57.600001+00:00
1413838,,,,,,missing,https://query.wikidata.org/sparql,2026-10-03T11:33:57.600001+00:00
1430392,,,,,,missing,https://query.wikidata.org/sparql,2026-10-03T11:33:57.600001+00:00
1464461,Q134511458,Q6581072,Shree Charani,,ஸ்ரீ சரணி,found,https://www.wikidata.org/wiki/Q134511458,2026-10-03T11:33:57.600001+00:00
1464471,Q134486824,Q6581072,Kranti Goud,क्रांति गौड़,கிராந்தி கவுடு,found,https://www.wikidata.org/wiki/Q134486824,2026-10-03T11:33:57.600001+00:00
1498680,,,,,,missing,https://query.wikidata.org/sparql,2026-10-03T11:33:57.600001+00:00
1542004,,,,,,missing,https://query.wikidata.org/sparql,2026-10-03T11:33:57.600001+00:00
18675,Q3529850,Q6581097,Matt Prior,,மாட் பிரியர்,found,https://www.wikidata.org/wiki/Q3529850,2026-10-03T11:33:57.600001+00:00
19264,Q3526393,Q6581097,Liam Plunkett,लियाम प्लंकेट,லியம் பிளன்கட்,found,https://www.wikidata.org/wiki/Q3526393,2026-10-03T11:33:57.600001+00:00
19296,Q1398682,Q6581097,Kevin Pietersen,केविन पीटरसन,கெவின் பீட்டர்சன்,found,https://www.wikidata.org/wiki/Q1398682,2026-10-03T11:33:57.600001+00:00
20123,Q6831317,Q6581097,Owais Shah,ओवैस शाह,உவைஸ் ஷா,found,https://www.wikidata.org/wiki/Q6831317,2026-10-03T11:33:57.600001+00:00
20387,Q507772,Q6581097,Andrew Strauss,एंड्रयू स्ट्रॉस,அன்ட்ரூ ஸ்ட்ராஸ்,found,https://www.wikidata.org/wiki/Q507772,2026-10-03T11:33:57.600001+00:00
20431,Q3047220,Q6581097,Graeme Swann,,கிரீம் ஸ்வான்,found,https://www.wikidata.org/wiki/Q3047220,2026-10-03T11:33:57.600001+00:00
208657,Q3529528,Q6581097,Pieter Seelaar,पीटर सीलार,பீட்டர் சீலார்,found,https://www.wikidata.org/wiki/Q3529528,2026-10-03T11:33:57.600001+00:00
209457,Q3529872,Q6581097,Chamara Kapugedera,,சமர கப்புகெதர,found,https://www.wikidata.org/wiki/Q3529872,2026-10-03T11:33:57.600001+00:00
210283,Q3528258,Q6581097,Steven Finn,स्टीवन फिन,ஸ்டீவன் ஃபின்,found,https://www.wikidata.org/wiki/Q3528258,2026-10-03T11:33:57.600001+00:00
219889,Q3018962,Q6581097,David Warner,डेविड वॉर्नर (क्रिकेटर),டேவிட் வார்னர்,found,https://www.wikidata.org/wiki/Q3018962,2026-10-03T11:33:57.600001+00:00
220665,Q4807429,Q6581072,Asmavia Iqbal,,அஸ்மாவியா இக்பால்,found,https://www.wikidata.org/wiki/Q4807429,2026-10-03T11:33:57.600001+00:00
220668,Q3535542,Q6581072,Sana Mir,सना मीर,சானா மிர்,found,https://www.wikidata.org/wiki/Q3535542,2026-10-03T11:33:57.600001+00:00
220670,Q7266491,Q6581072,Qanita Jalil,,கனீடா ஜலீல்,found,https://www.wikidata.org/wiki/Q7266491,2026-10-03T11:33:57.600001+00:00
226492,Q6775582,Q6581097,Martin Guptill,मार्टिन गप्टिल,மார்ட்டின் குப்தில்,found,https://www.wikidata.org/wiki/Q6775582,2026-10-03T11:33:57.600001+00:00
227758,Q6001994,Q6581097,Imad Wasim,इमाद वसीम,இமாத் வசிம்,found,https://www.wikidata.org/wiki/Q6001994,2026-10-03T11:33:57.600001+00:00
227760,Q3535421,Q6581097,Sarfraz Ahmed,सरफ़राज़ अहमद,சப்ராஸ் அகமது,found,https://www.wikidata.org/wiki/Q3535421,2026-10-03T11:33:57.600001+00:00
230193,Q3299813,Q6581097,Matthew Wade,मैथ्यू वेड,மேத்தியு வேட்,found,https://www.wikidata.org/wiki/Q3299813,2026-10-03T11:33:57.600001+00:00
230553,Q3043070,Q6581097,Kemar Roach,केमार रोच,கேமர் ரோச்,found,https://www.wikidata.org/wiki/Q3043070,2026-10-03T11:33:57.600001+00:00
230558,Q7640331,Q6581097,Sunil Narine,सुनील नारायण,சுனில் நரைன்,found,https://www.wikidata.org/wiki/Q7640331,2026-10-03T11:33:57.600001+00:00
230559,Q3530594,Q6581097,Kieron Pollard,कैरोन पोलार्ड,கீரோன் பொல்லார்ட்,found,https://www.wikidata.org/wiki/Q3530594,2026-10-03T11:33:57.600001+00:00
230855,Q5181117,Q6581097,Craig Kieswetter,,கிரேய்க் கீஸ்வெட்டர்,found,https://www.wikidata.org/wiki/Q5181117,2026-10-03T11:33:57.600001+00:00
231305,Q7279361,Q6581072,Rachel Priest,राहेल प्रीस्ट,,found,https://www.wikidata.org/wiki/Q7279361,2026-10-03T11:33:57.600001+00:00
231740,Q7562989,Q6581072,Sophie Devine,सोफी डिवाइन,,found,https://www.wikidata.org/wiki/Q7562989,2026-10-03T11:33:57.600001+00:00
232359,Q5145435,Q6581097,Colin Munro,कोलिन मुनरो,,found,https://www.wikidata.org/wiki/Q5145435,2026-10-03T11:33:57.600001+00:00
232364,Q3529779,Q6581097,Tim Southee,टीम साउथी,டிம் சௌத்தி,found,https://www.wikidata.org/wiki/Q3529779,2026-10-03T11:33:57.600001+00:00
232435,Q3997291,Q6581097,Calum MacLeod,कैलम मैकलेओड,,found,https://www.wikidata.org/wiki/Q3997291,2026-10-03T11:33:57.600001+00:00
233007,Q4749374,Q6581072,Amy Satterthwaite,एमी सैटरथवेट,,found,https://www.wikidata.org/wiki/Q4749374,2026-10-03T11:33:57.600001+00:00
233400,Q5623985,Q6581097,Gyanendra Malla,ज्ञानेन्द्र मल्ल,,found,https://www.wikidata.org/wiki/Q5623985,2026-10-03T11:33:57.600001+00:00
233514,Q3529830,Q6581097,Thisara Perera,थिसारा परेरा,திசாரா பெரேரா,found,https://www.wikidata.org/wiki/Q3529830,2026-10-03T11:33:57.600001+00:00
233823,Q16212592,Q6581072,Holly Huddleston,होली हडलस्टोन,,found,https://www.wikidata.org/wiki/Q16212592,2026-10-03T11:33:57.600001+00:00
233904,Q21622150,Q6581097,Yasim Murtaza,,,found,https://www.wikidata.org/wiki/Q21622150,2026-10-03T11:33:57.600001+00:00
23460,Q3529926,Q6581097,Luke Wright,लुक राईट,லூக் ரைட்,found,https://www.wikidata.org/wiki/Q3529926,2026-10-03T11:33:57.600001+00:00
234675,Q2721457,Q6581097,Ravindra Jadeja,रवींद्र सिंह जडेजा,ரவீந்திர ஜடேஜா,found,https://www.wikidata.org/wiki/Q2721457,2026-10-03T11:33:57.600001+00:00
236489,Q5242349,Q6581097,Dawid Malan,दाविद मालन,டேவின் ஜொகானஸ் மலான்,found,https://www.wikidata.org/wiki/Q5242349,2026-10-03T11:33:57.600001+00:00
236779,Q3522062,Q6581097,Ishant Sharma,इशांत शर्मा,இஷாந்த் ஷர்மா,found,https://www.wikidata.org/wiki/Q3522062,2026-10-03T11:33:57.600001+00:00
24249,Q3529904,Q6581097,Ed Joyce,एड जॉयस,எட் ஜோய்ஸ்,found,https://www.wikidata.org/wiki/Q3529904,2026-10-03T11:33:57.600001+00:00
24289,Q3529757,Q6581097,Niall O'Brien,नियाल ओ'ब्रायन,நியல் ஓ'பிறையன்,found,https://www.wikidata.org/wiki/Q3529757,2026-10-03T11:33:57.600001+00:00
244497,Q4682815,Q6581097,Adil Rashid,आदिल रशिद,எடில் ரசீட்,found,https://www.wikidata.org/wiki/Q4682815,2026-10-03T11:33:57.600001+00:00
245490,Q4695981,Q6581097,Ahmed Raza,अहमद राज़ा,,found,https://www.wikidata.org/wiki/Q4695981,2026-10-03T11:33:57.600001+00:00
24598,Q3522251,Q6581097,Eoin Morgan,इयोन मोर्गन,இயோன் மோர்கன்,found,https://www.wikidata.org/wiki/Q3522251,2026-10-03T11:33:57.600001+00:00
24599,Q4952382,Q6581097,Boyd Rankin,बॉयड रंकिन,,found,https://www.wikidata.org/wiki/Q4952382,2026-10-03T11:33:57.600001+00:00
24605,Q3519211,Q6581097,Kevin O'Brien,केविन ओ'ब्रायन,கெவின் ஓ'பிறையன்,found,https://www.wikidata.org/wiki/Q3519211,2026-10-03T11:33:57.600001+00:00
24609,Q3529682,Q6581097,Gary Wilson,गैरी विल्सन,கேரி வில்சன்,found,https://www.wikidata.org/wiki/Q3529682,2026-10-03T11:33:57.600001+00:00
24611,Q3530649,Q6581097,William Porterfield,विलियम पोरटर्फिल्ड,வில்லியம் போர்ட்டர்பீல்ட்,found,https://www.wikidata.org/wiki/Q3530649,2026-10-03T11:33:57.600001+00:00
247235,Q5108508,Q6581097,Chris Woakes,क्रिस वोक्स,கிரிஸ் வோகஸ்,found,https://www.wikidata.org/wiki/Q5108508,2026-10-03T11:33:57.600001+00:00
24752,Q3531610,Q6581097,Collins Obuya,कोलिंस ओबुया,கொலின்ஸ் ஒபுயா,found,https://www.wikidata.org/wiki/Q3531610,2026-10-03T11:33:57.600001+00:00
249866,Q4717118,Q6581097,Alex Hales,एलेक्स हेल्स,அலெக்ஸ் ஹேல்ஸ்,found,https://www.wikidata.org/wiki/Q4717118,2026-10-03T11:33:57.600001+00:00
249934,Q3526872,Q6581072,Laura Marsh,लौरा मार्श,லாரா மார்ஷ்,found,https://www.wikidata.org/wiki/Q3526872,2026-10-03T11:33:57.600001+00:00
249935,Q3527116,Q6581072,Sarah Taylor,,சாரா டெய்லர்,found,https://www.wikidata.org/wiki/Q3527116,2026-10-03T11:33:57.600001+00:00
25056,Q18638006,Q6581097,Assad Vala,असद वाला,,found,https://www.wikidata.org/wiki/Q18638006,2026-10-03T11:33:57.600001+00:00
253802,Q213854,Q6581097,Virat Kohli,विराट कोहली,விராட் கோலி,found,https://www.wikidata.org/wiki/Q213854,2026-10-03T11:33:57.600001+00:00
254168,Q5219456,Q6581072,Danielle Wyatt,डेनिएल वैट,,found,https://www.wikidata.org/wiki/Q5219456,2026-10-03T11:33:57.600001+00:00
254238,Q4778211,Q6581072,Anya Shrubsole,अन्या श्रुबसोलें,அன்யா சுருப்சோல்,found,https://www.wikidata.org/wiki/Q4778211,2026-10-03T11:33:57.600001+00:00
25446,Q6451100,Q6581097,Kyle Coetzer,काइल कोएट्ज़र,,found,https://www.wikidata.org/wiki/Q6451100,2026-10-03T11:33:57.600001+00:00
25490,Q7330478,Q6581097,Richie Berrington,रिची बेरिंग्टन,,found,https://www.wikidata.org/wiki/Q7330478,2026-10-03T11:33:57.600001+00:00
259410,Q4696019,Q6581097,Ahmed Shehzad,अहमद शहज़ाद,அகமது செசாத்,found,https://www.wikidata.org/wiki/Q4696019,2026-10-03T11:33:57.600001+00:00
259551,Q6311609,Q6581097,Junaid Khan,जुनैद खान (क्रिकेटर),ஜுனைத் கான்,found,https://www.wikidata.org/wiki/Q6311609,2026-10-03T11:33:57.602014+00:00
260141,,,,,,missing,https://query.wikidata.org/sparql,2026-10-03T11:33:57.602014+00:00
260142,Q106322872,Q6581072,Natasha Miles,नताशा माइल्स,,found,https://www.wikidata.org/wiki/Q106322872,2026-10-03T11:33:57.602014+00:00
260229,Q4918276,Q6581072,Bismah Maroof,बिस्माह मारूफ,பிஸ்மாஹ் மஹ்ரூப்,found,https://www.wikidata.org/wiki/Q4918276,2026-10-03T11:33:57.602014+00:00
26184,Q3520013,Q6581097,Ajit Agarkar,अजीत आगरकर,அஜித் அகர்கர்,found,https://www.wikidata.org/wiki/Q3520013,2026-10-03T11:33:57.602014+00:00
263473,Q16224584,Q6581072,Delissa Kimmince,डेल्सा किमंन्स,,found,https://www.wikidata.org/wiki/Q16224584,2026-10-03T11:33:57.602014+00:00
26421,Q3007571,Q6581097,Ravichandran Ashwin,रविचंद्रन अश्विन,ரவிச்சந்திரன் அசுவின்,found,https://www.wikidata.org/wiki/Q3007571,2026-10-03T11:33:57.602014+00:00
265564,Q3521498,Q6581097,Wayne Parnell,वेन पार्नेल,வேயின் பார்னெல்,found,https://www.wikidata.org/wiki/Q3521498,2026-10-03T11:33:57.602014+00:00
267192,Q7613970,Q6581097,Steve Smith,स्टीव स्मिथ,ஸ்டீவ் சிமித்,found,https://www.wikidata.org/wiki/Q7613970,2026-10-03T11:33:57.602014+00:00
267455,Q3529672,Q6581097,Rakep Patel,राकेप पटेल,ராகேப் பட்டேல்,found,https://www.wikidata.org/wiki/Q3529672,2026-10-03T11:33:57.602014+00:00
267611,Q16209936,Q6581072,Nicole Bolton,निकोल बोल्टन,,found,https://www.wikidata.org/wiki/Q16209936,2026-10-03T11:33:57.602014+00:00
267724,Q19968781,Q6581097,Keshav Maharaj,केशव महाराज,கேசவ் மகராச்,found,https://www.wikidata.org/wiki/Q19968781,2026-10-03T11:33:57.602014+00:00
268739,Q2480608,Q6581097,Ajantha Mendis,अजंता मेंडिस,அஜந்த மென்டிஸ்,found,https://www.wikidata.org/wiki/Q2480608,2026-10-03T11:33:57.602014+00:00
268887,Q3525978,Q6581072,Jess Duffin,,ஜெஸ் கேமரன்,found,https://www.wikidata.org/wiki/Q3525978,2026-10-03T11:33:57.602014+00:00
268889,Q7279078,Q6581072,Rachael Haynes,राचेल हेन्स,ராக்கேல் ஹெயின்ஸ்,found,https://www.wikidata.org/wiki/Q7279078,2026-10-03T11:33:57.602014+00:00
269280,Q18125532,Q6581097,Reeza Hendricks,रीजा हेंड्रिक्स,,found,https://www.wikidata.org/wiki/Q18125532,2026-10-03T11:33:57.602014+00:00
270117,,,,,,missing,https://query.wikidata.org/sparql,2026-10-03T11:33:57.602014+00:00
270484,Q4021718,Q6581097,James Faulkner,जेम्स फॉकनर,ஜேம்சு பால்க்னர்,found,https://www.wikidata.org/wiki/Q4021718,2026-10-03T11:33:57.602014+00:00
272324,Q6959690,Q6581072,Nain Abidi,,நயின் அபிதி,found,https://www.wikidata.org/wiki/Q6959690,2026-10-03T11:33:57.602014+00:00
272450,Q13579875,Q6581097,Mitchell Marsh,मिशेल मार्श,மிட்செல் மார்ஷ்,found,https://www.wikidata.org/wiki/Q13579875,2026-10-03T11:33:57.602014+00:00
272623,Q16731935,Q6581072,Dilani Manodara,,,found,https://www.wikidata.org/wiki/Q16731935,2026-10-03T11:33:57.602014+00:00
273004,Q3525871,Q6581072,Rene Farrell,,ரெனே ஃபெர்ரல்,found,https://www.wikidata.org/wiki/Q3525871,2026-10-03T11:33:57.602014+00:00
273439,Q7396761,Q6581097,Sachithra Senanayake,सचित्र सेनानायके,சச்சித்திர சேனநாயக்கா,found,https://www.wikidata.org/wiki/Q7396761,2026-10-03T11:33:57.602014+00:00
274958,Q16225160,Q6581072,Katie Perkins,केटी पर्किन्स,,found,https://www.wikidata.org/wiki/Q16225160,2026-10-03T11:33:57.602014+00:00
275442,Q5368540,Q6581072,Elyse Villani,एलिस विलानी,,found,https://www.wikidata.org/wiki/Q5368540,2026-10-03T11:33:57.602014+00:00
275483,Q3525949,Q6581072,Erin Osborne,,எரின் ஆஸ்போர்ன்,found,https://www.wikidata.org/wiki/Q3525949,2026-10-03T11:33:57.602014+00:00
275486,Q4738765,Q6581072,Alyssa Healy,अलीसा हैली,அலீசா ஹீலி,found,https://www.wikidata.org/wiki/Q4738765,2026-10-03T11:33:57.602014+00:00
275487,Q600090,Q6581072,Ellyse Perry,एलिस पेरी,எலிஸ் பெர்ரி,found,https://www.wikidata.org/wiki/Q600090,2026-10-03T11:33:57.602014+00:00
275563,Q18637553,Q6581072,Kristen Beams,,,found,https://www.wikidata.org/wiki/Q18637553,2026-10-03T11:33:57.602014+00:00
276298,Q3531349,Q6581097,Andre Russell,आंद्रे रसेल,ஆன்ட்ரே ரசல்,found,https://www.wikidata.org/wiki/Q3531349,2026-10-03T11:33:57.602014+00:00
276681,Q3525864,Q6581072,Trisha Chetty,तृषा चेट्टी,திரிசா செட்டி,found,https://www.wikidata.org/wiki/Q3525864,2026-10-03T11:33:57.602014+00:00
276682,Q6757119,Q6581072,Marcia Letsoalo,,மார்சியா லெட்சோலோ,found,https://www.wikidata.org/wiki/Q6757119,2026-10-03T11:33:57.602014+00:00
276997,Q7460129,Q6581072,Shabnim Ismail,शबनीम इस्माइल,சப்னிம் இஸ்மாயில்,found,https://www.wikidata.org/wiki/Q7460129,2026-10-03T11:33:57.602014+00:00
277472,Q3529556,Q6581097,Darren Bravo,डैरेन ब्रावो,டாரென் பிராவோ,found,https://www.wikidata.org/wiki/Q3529556,2026-10-03T11:33:57.602014+00:00
277662,Q5170329,Q6581097,Corey Anderson,कोरी एण्डरसन,கோரி ஆன்டர்சன்,found,https://www.wikidata.org/wiki/Q5170329,2026-10-03T11:33:57.602014+00:00
277906,Q3532495,Q6581097,Kane Williamson,केन विलियमसन,கேன் வில்லியம்சன்,found,https://www.wikidata.org/wiki/Q3532495,2026-10-03T11:33:57.602014+00:00
277912,Q12053380,Q6581097,Trent Boult,ट्रेंट बोल्ट,டிரென்ட் போல்ட்,found,https://www.wikidata.org/wiki/Q12053380,2026-10-03T11:34:00.828353+00:00
277916,Q137669,Q6581097,Ajinkya Rahane,अजिंक्य रहाणे,அஜின்க்யா ரகானே,found,https://www.wikidata.org/wiki/Q137669,2026-10-03T11:34:00.828353+00:00
280734,Q3348182,Q6581097,Imrul Kayes,इमरुल कायेस,இம்ருல் கயாஸ்,found,https://www.wikidata.org/wiki/Q3348182,2026-10-03T11:34:00.828353+00:00
28081,Q470774,Q6581097,,महेंद्र सिंह धोनी,மகேந்திர சிங் தோனி,found,https://www.wikidata.org/wiki/Q470774,2026-10-03T11:34:00.828353+00:00
28114,Q470772,Q6581097,Rahul Dravid,राहुल द्रविड़,ராகுல் திராவிட்,found,https://www.wikidata.org/wiki/Q470772,2026-10-03T11:34:00.828353+00:00
28235,Q7487024,Q6581097,Shikhar Dhawan,शिखर धवन,ஷிகர் தவான்,found,https://www.wikidata.org/wiki/Q7487024,2026-10-03T11:34:00.828353+00:00
28763,Q2721515,Q6581097,Gautam Gambhir,गौतम गंभीर,கவுதம் கம்பீர்,found,https://www.wikidata.org/wiki/Q2721515,2026-10-03T11:34:00.828353+00:00
28779,Q561487,Q6581097,Sourav Ganguly,सौरव गांगुली,சௌரவ் கங்குலி,found,https://www.wikidata.org/wiki/Q561487,2026-10-03T11:34:00.828353+00:00
288284,Q6288970,Q6581097,Josh Hazlewood,जोस हैज़लवूड,ஜோசு ஆசில்வுட்,found,https://www.wikidata.org/wiki/Q6288970,2026-10-03T11:34:00.828353+00:00
288305,Q3348262,Q6581097,Shafiul Islam,शफीउल इस्लाम,ஷபிபுல் இஸ்லாம்,found,https://www.wikidata.org/wiki/Q3348262,2026-10-03T11:34:00.828353+00:00
288992,Q5107047,Q6581097,Chris Jordan,क्रिस जॉर्डन,கிரிஸ் ஜோர்டான்,found,https://www.wikidata.org/wiki/Q5107047,2026-10-03T11:34:00.828353+00:00
290716,Q6382528,Q6581097,Kedar Jadhav,केदार जाधव,கேதர் ஜாதவ்,found,https://www.wikidata.org/wiki/Q6382528,2026-10-03T11:34:00.828353+00:00
290948,Q3202252,Q6581097,Mohammad Amir,मोहम्मद आमिर,முகம்மது ஆமிர்,found,https://www.wikidata.org/wiki/Q3202252,2026-10-03T11:34:00.828353+00:00
29264,Q9475,Q6581097,,हरभजन सिंह,ஹர்பஜன் சிங்,found,https://www.wikidata.org/wiki/Q9475,2026-10-03T11:34:00.828353+00:00
293831,Q3531313,Q6581097,Regis Chakabva,रेजिस चकवा,ரெகிஸ் சகப்வா,found,https://www.wikidata.org/wiki/Q3531313,2026-10-03T11:34:00.828353+00:00
296166,Q20744575,Q6581097,Kassim Nassoro,कासिम नासोरो,,found,https://www.wikidata.org/wiki/Q20744575,2026-10-03T11:34:00.828353+00:00
297036,Q5547469,Q6581072,Georgia Elwiss,जॉर्जिया एल्विस,,found,https://www.wikidata.org/wiki/Q5547469,2026-10-03T11:34:00.828353+00:00
297074,Q7681566,Q6581072,Tammy Beaumont,टैमी बीअमोंट,,found,https://www.wikidata.org/wiki/Q7681566,2026-10-03T11:34:00.828353+00:00
297079,Q5219380,Q6581072,Danielle Hazell,,,found,https://www.wikidata.org/wiki/Q5219380,2026-10-03T11:34:00.828353+00:00
297085,Q6375452,Q6581072,Kate Cross,केट क्रॉस,,found,https://www.wikidata.org/wiki/Q6375452,2026-10-03T11:34:00.828353+00:00
297433,Q3183593,Q6581097,Jonny Bairstow,जॉनी बैरस्टो,ஜொனாதன் பேர்ஸ்டோ,found,https://www.wikidata.org/wiki/Q3183593,2026-10-03T11:34:00.828353+00:00
298438,Q6163392,Q6581097,Jason Roy,जेसन रॉय,ஜேசன் ராய்,found,https://www.wikidata.org/wiki/Q6163392,2026-10-03T11:34:00.828353+00:00
299572,Q7513554,Q6581097,Sikandar Raza,सिकंदर रजा,சிக்கந்தர் ராசா,found,https://www.wikidata.org/wiki/Q7513554,2026-10-03T11:34:00.828353+00:00
29990,Q2117892,Q6581097,Mohammad Kaif,मोहम्मद कैफ़,முகமது கைஃப்,found,https://www.wikidata.org/wiki/Q2117892,2026-10-03T11:34:00.828353+00:00
30045,Q3519679,Q6581097,Dinesh Karthik,दिनेश कार्तिक,தினேஷ் கார்த்திக்,found,https://www.wikidata.org/wiki/Q3519679,2026-10-03T11:34:00.828353+00:00
300618,Q5505956,Q6581097,Nasir Hossain,,நசீர் உசைன்,found,https://www.wikidata.org/wiki/Q5505956,2026-10-03T11:34:00.828353+00:00
300619,Q7375924,Q6581097,Rubel Hossen,रुबेल हुसैन,ரூபெல் ஒசைன்,found,https://www.wikidata.org/wiki/Q7375924,2026-10-03T11:34:00.828353+00:00
300628,Q5278068,Q6581097,Dinesh Chandimal,दिनेश चांदीमल,தினேஸ் சந்திமல்,found,https://www.wikidata.org/wiki/Q5278068,2026-10-03T11:34:00.828353+00:00
300631,Q6447872,Q6581097,Kushal Janith Perera,कुसाल परेरा,குசல் பெரேரா,found,https://www.wikidata.org/wiki/Q6447872,2026-10-03T11:34:00.828353+00:00
30102,Q2508461,Q6581097,Zaheer Khan,ज़हीर ख़ान,ஜாகிர் கான்,found,https://www.wikidata.org/wiki/Q2508461,2026-10-03T11:34:00.828353+00:00
301236,Q6473241,Q6581097,Lahiru Thirimanne,लहिरु थिरिमने,லகிரு திரிமான்ன,found,https://www.wikidata.org/wiki/Q6473241,2026-10-03T11:34:00.828353+00:00
301595,Q15730198,Q6581072,Ayasha Rahman,,ஆயஷா ரஹ்மான்,found,https://www.wikidata.org/wiki/Q15730198,2026-10-03T11:34:00.828353+00:00
301600,Q15730313,Q6581072,Panna Ghosh,पन्ना घोष,,found,https://www.wikidata.org/wiki/Q15730313,2026-10-03T11:34:00.828353+00:00
301603,Q15730193,Q6581072,Salma Khatun,सलमा खातुन,சல்மா கதுன்,found,https://www.wikidata.org/wiki/Q15730193,2026-10-03T11:34:00.828353+00:00
301637,Q55366832,Q6581072,Winifred Duraisingam,विनिफ्रेड दुरईसिंगम,,found,https://www.wikidata.org/wiki/Q55366832,2026-10-03T11:34:00.828353+00:00
301718,Q111993873,Q6581072,Diviya G K,,,found,https://www.wikidata.org/wiki/Q111993873,2026-10-03T11:34:00.828353+00:00
301738,Q28755653,Q6581072,Sornnarin Tippoch,सोरनारिन टिप्पोच,,found,https://www.wikidata.org/wiki/Q28755653,2026-10-03T11:34:00.828353+00:00
301800,Q28755607,Q6581072,Nattaya Boochatham,नट्टया बूचथम,,found,https://www.wikidata.org/wiki/Q28755607,2026-10-03T11:34:00.828353+00:00
302845,Q7823606,Q6581097,Tony Ura,टोनी उरा,,found,https://www.wikidata.org/wiki/Q7823606,2026-10-03T11:34:00.828353+00:00
303423,Q4756267,Q6581097,Andrew Balbirnie,एंड्रयू बालबर्नी,ஆண்ட்ரூ பால்பிர்னி,found,https://www.wikidata.org/wiki/Q4756267,2026-10-03T11:34:00.828353+00:00
303427,Q3529797,Q6581097,Paul Stirling,पॉल स्टर्लिंग,பால் ஸ்டிர்லிங்,found,https://www.wikidata.org/wiki/Q3529797,2026-10-03T11:34:00.828353+00:00
303669,Q3180174,Q6581097,Joe Root,जो रूट,ஜோ ரூட்,found,https://www.wikidata.org/wiki/Q3180174,2026-10-03T11:34:00.828353+00:00
306201,Q22957404,Q6581072,Abbi Aitken,अब्बी एटकेन-ड्रमंड,,found,https://www.wikidata.org/wiki/Q22957404,2026-10-03T11:34:00.828353+00:00
306524,Q21621653,Q6581072,Leigh Kasperek,लेई कास्पेरेक,,found,https://www.wikidata.org/wiki/Q21621653,2026-10-03T11:34:00.828353+00:00
30732,Q3519988,Q6581097,Praveen Kumar,प्रवीण कुमार,பிரவீண் குமார்,found,https://www.wikidata.org/wiki/Q3519988,2026-10-03T11:34:00.828353+00:00
307639,Q18350520,Q6581097,Ahmed Faiz,अहमद फैज,,found,https://www.wikidata.org/wiki/Q18350520,2026-10-03T11:34:00.828353+00:00
307756,Q18978136,Q6581097,Jatinder Singh,जतिंदर सिंह,,found,https://www.wikidata.org/wiki/Q18978136,2026-10-03T11:34:00.828353+00:00
307808,Q15962525,Q6581097,Rohan Mustafa,रोहन मुस्तफ़ा,,found,https://www.wikidata.org/wiki/Q15962525,2026-10-03T11:34:00.828353+00:00
308251,Q5241102,Q6581097,David Willey,डेविड विले,டேவிட் வில்லி,found,https://www.wikidata.org/wiki/Q5241102,2026-10-03T11:34:00.828353+00:00
308515,Q7494057,Q6581097,Shem Ngoche,शेम नोगोचे,,found,https://www.wikidata.org/wiki/Q7494057,2026-10-03T11:34:00.828353+00:00
308967,Q6279104,Q6581097,Jos Buttler,जोस बटलर,யொசு பட்லர்,found,https://www.wikidata.org/wiki/Q6279104,2026-10-03T11:34:00.828353+00:00
311158,Q4886521,Q6581097,Ben Stokes,बेन स्टोक्स,பென் ஸ்டோக்ஸ்,found,https://www.wikidata.org/wiki/Q4886521,2026-10-03T11:34:00.828353+00:00
311592,Q6881406,Q6581097,Mitchell Starc,मिशेल स्टार्क,மிட்செல் ஸ்டார்க்,found,https://www.wikidata.org/wiki/Q6881406,2026-10-03T11:34:00.828353+00:00
315232,Q21621679,Q6581097,Asif Khan,,,found,https://www.wikidata.org/wiki/Q21621679,2026-10-03T11:34:00.828353+00:00
317139,Q21872593,Q6581072,Precious Marange,प्रेशियस मारंगे,,found,https://www.wikidata.org/wiki/Q21872593,2026-10-03T11:34:00.828353+00:00
317144,Q28755641,Q6581072,Sharne Mayers,शार्न मेयर्स,,found,https://www.wikidata.org/wiki/Q28755641,2026-10-03T11:34:00.828353+00:00
317148,Q22007070,Q6581072,Chipo Mugeri,चिपो मुगेरी-तिरिपानो,,found,https://www.wikidata.org/wiki/Q22007070,2026-10-03T11:34:00.828353+00:00
317157,Q7397906,Q6581072,Sadia Yousuf,,,found,https://www.wikidata.org/wiki/Q7397906,2026-10-03T11:34:00.828353+00:00
317273,Q3183329,Q6581097,Umar Akmal,उमर अकमल,உமர் அக்மல்,found,https://www.wikidata.org/wiki/Q3183329,2026-10-03T11:34:00.828353+00:00
31820,Q3522120,Q6581097,Ashish Nehra,आशीष नेहरा,ஆசீஷ் நேரா,found,https://www.wikidata.org/wiki/Q3522120,2026-10-03T11:34:00.828353+00:00
318853,Q16230755,Q6581072,Chamari Atapattu,चमारी अटापट्टू,சமாரி அத்தப்பத்து,found,https://www.wikidata.org/wiki/Q16230755,2026-10-03T11:34:00.828353+00:00
319439,Q6881299,Q6581097,Mitchell McClenaghan,मिशेल मैक्ग्लाशन,,found,https://www.wikidata.org/wiki/Q6881299,2026-10-03T11:34:00.828353+00:00
321777,Q6828449,Q6581097,David Miller,डेविड मिलर,டேவிட் மில்லர்,found,https://www.wikidata.org/wiki/Q6828449,2026-10-03T11:34:00.828353+00:00
322731,,,,,,missing,https://query.wikidata.org/sparql,2026-10-03T11:34:00.828353+00:00
323389,Q19577671,Q6581097,Mohammad Rizwan,मोहम्मद रिज़वान,முகம்மது ரிஸ்வான்,found,https://www.wikidata.org/wiki/Q19577671,2026-10-03T11:34:00.828353+00:00
324246,Q6912721,Q6581072,Morna Nielsen,,,found,https://www.wikidata.org/wiki/Q6912721,2026-10-03T11:34:00.828353+00:00
32498,Q3522100,Q6581097,Yusuf Pathan,यूसुफ खान पठान,யூசுஃப் பதான்,found,https://www.wikidata.org/wiki/Q3522100,2026-10-03T11:34:00.828353+00:00
325012,Q6758472,Q6581097,Marcus Stoinis,मार्कस स्टोइनिस,மார்கஸ் ஸ்டோய்னிஸ்,found,https://www.wikidata.org/wiki/Q6758472,2026-10-03T11:34:00.828353+00:00
325026,Q4272108,Q6581097,Glenn Maxwell,ग्लेन मैक्सवेल,கிளென் மாக்சுவெல்,found,https://www.wikidata.org/wiki/Q4272108,2026-10-03T11:34:00.828353+00:00
326016,Q2003153,Q6581097,Bhuvneshwar Kumar,भुवनेश्वर कुमार,புவனேசுவர் குமார்,found,https://www.wikidata.org/wiki/Q2003153,2026-10-03T11:34:00.828353+00:00
326434,Q24005538,Q6581097,Alex Carey,एलेक्स कैरी (क्रिकेटर),அலெக்சு கேரி,found,https://www.wikidata.org/wiki/Q24005538,2026-10-03T11:34:00.828353+00:00
32685,Q1746795,Q6581097,Irfan Pathan,इरफ़ान पठान,இர்பான் பதான்,found,https://www.wikidata.org/wiki/Q1746795,2026-10-03T11:34:00.828353+00:00
326968,Q21620929,Q6581097,Michael Bracewell,माइकल ब्रेसवेल (क्रिकेटर),,found,https://www.wikidata.org/wiki/Q21620929,2026-10-03T11:34:00.828353+00:00
329003,Q24007016,Q6581072,Anna Peterson,अन्ना पीटरसन,,found,https://www.wikidata.org/wiki/Q24007016,2026-10-03T11:34:00.828353+00:00
329336,Q6807995,Q6581072,Meg Lanning,मेग लैनिंग,மெக் லானிங்,found,https://www.wikidata.org/wiki/Q6807995,2026-10-03T11:34:00.828353+00:00
32965,Q3522136,Q6581097,Munaf Patel,मुनाफ पटेल,முனாஃவ் பட்டேல்,found,https://www.wikidata.org/wiki/Q3522136,2026-10-03T11:34:00.828353+00:00
330223,Q4893629,Q6581097,Bernard Scholtz,बर्नार्ड शोल्ट्ज़,,found,https://www.wikidata.org/wiki/Q4893629,2026-10-03T11:34:00.828353+00:00
330902,Q19829386,Q6581097,Mustafizur Rahman,मुस्तफ़ीज़ुर रहमान,முசுத்தாபிசூர் ரகுமான்,found,https://www.wikidata.org/wiki/Q19829386,2026-10-03T11:34:00.828353+00:00
332980,,,,,,missing,https://query.wikidata.org/sparql,2026-10-03T11:34:00.828353+00:00
333066,Q6268213,Q6581097,Johnson Charles,जॉनसन चार्ल्स,ஜோன்சன் சார்ல்சு,found,https://www.wikidata.org/wiki/Q6268213,2026-10-03T11:34:00.828353+00:00
33335,Q3519505,Q6581097,Suresh Raina,सुरेश रैना,சுரேஷ் ரைனா,found,https://www.wikidata.org/wiki/Q3519505,2026-10-03T11:34:00.828353+00:00
333355,Q7030757,Q6581072,Nida Dar,निदा दार,நிடா டார்,found,https://www.wikidata.org/wiki/Q7030757,2026-10-03T11:34:00.828353+00:00
333936,Q28777210,Q6581072,Pauke Siaka,पॉके सियाका,,found,https://www.wikidata.org/wiki/Q28777210,2026-10-03T11:34:00.828353+00:00
335236,Q16223888,Q6581072,Udeshika Prabodhani,उदेशिका प्रबोधनी,உதேசிகா பிரபோதனி,found,https://www.wikidata.org/wiki/Q16223888,2026-10-03T11:34:00.828353+00:00
337790,Q21872793,Q6581097,Rassie van der Dussen,रस्सी वैन डेर डूसन,ராசி வான் டெர் டசென்,found,https://www.wikidata.org/wiki/Q21872793,2026-10-03T11:34:00.828353+00:00
340004,Q27049125,Q6581072,Ama Kanchana,अमा कंचना,அம காஞ்சன,found,https://www.wikidata.org/wiki/Q27049125,2026-10-03T11:34:00.828353+00:00
34102,Q3520045,Q6581097,Rohit Sharma,रोहित शर्मा,ரோகித் சர்மா,found,https://www.wikidata.org/wiki/Q3520045,2026-10-03T11:34:00.828353+00:00
343129,Q22957535,Q6581072,Mariko Hill,मारिको हिल,,found,https://www.wikidata.org/wiki/Q22957535,2026-10-03T11:34:00.828353+00:00
343648,Q15730389,Q6581072,Rumana Ahmed,रुमान अहमद,ருமானா அகமது,found,https://www.wikidata.org/wiki/Q15730389,2026-10-03T11:34:00.828353+00:00
343649,Q15730284,Q6581072,Jahanara Alam,जहांआरा आलम,ஜகனரா ஆலம்,found,https://www.wikidata.org/wiki/Q15730284,2026-10-03T11:34:00.828353+00:00
345821,Q5269037,Q6581097,Dhanushka Gunathilleke,दनुष्का गुणाथिलाका,தனுஷ்க குணதிலக்க,found,https://www.wikidata.org/wiki/Q5269037,2026-10-03T11:34:00.828353+00:00
346295,Q15730373,Q6581072,Lata Mondal,लता मंडल,,found,https://www.wikidata.org/wiki/Q15730373,2026-10-03T11:34:00.828353+00:00
346680,Q6165359,Q6581072,Javeria Khan,जावरिया खान,ஜவீரியா கான்,found,https://www.wikidata.org/wiki/Q6165359,2026-10-03T11:34:00.828353+00:00
348034,Q3530576,Q6581097,George Dockrell,जॉर्ज डॉकरेल,ஜியார்ஜ் டோக்ரெல்,found,https://www.wikidata.org/wiki/Q3530576,2026-10-03T11:34:00.828353+00:00
348056,Q6451285,Q6581097,Kyle Mayers,काइल मेयर,கைல் மேயர்ஸ்,found,https://www.wikidata.org/wiki/Q6451285,2026-10-03T11:34:00.828353+00:00
348059,Q21062028,Q6581097,Barry McCarthy,बैरी मैकार्थी,,found,https://www.wikidata.org/wiki/Q21062028,2026-10-03T11:34:00.828353+00:00
348109,Q15978298,Q6581097,Paul van Meekeren,पॉल वैन मिकेन,,found,https://www.wikidata.org/wiki/Q15978298,2026-10-03T11:34:00.828353+00:00
348133,Q7615322,Q6581097,Steven Taylor,स्टीवन टेलर (अमेरिकी क्रिकेटर),,found,https://www.wikidata.org/wiki/Q7615322,2026-10-03T11:34:00.828353+00:00
348144,Q4837515,Q6581097,Mohammad Babar Azam,बाबर आज़म,பாபர் அசாம்,found,https://www.wikidata.org/wiki/Q4837515,2026-10-03T11:34:00.828353+00:00
348148,Q21622188,Q6581097,Mohammad Nawaz,मोहम्मद नवाज़,முகமது நவாஸ்,found,https://www.wikidata.org/wiki/Q21622188,2026-10-03T11:34:00.828353+00:00
350629,Q7042085,Q6581097,Nizakat Khan,निजाकत खान,,found,https://www.wikidata.org/wiki/Q7042085,2026-10-03T11:34:00.828353+00:00
351588,Q6770412,Q6581097,Mark Wood,मार्क वूड,மார்க் வுட்,found,https://www.wikidata.org/wiki/Q6770412,2026-10-03T11:34:00.828353+00:00
351836,Q6766105,Q6581072,Marizanne Kapp,मारिजैन कप्प,மரிசேன் காப்,found,https://www.wikidata.org/wiki/Q6766105,2026-10-03T11:34:00.828353+00:00
35263,Q3345479,Q6581097,Virender Sehwag,वीरेंद्र सहवाग,வீரேந்தர் சேவாக்,found,https://www.wikidata.org/wiki/Q3345479,2026-10-03T11:34:00.828353+00:00
35320,Q9488,Q6581097,,सचिन तेंदुलकर,சச்சின் டெண்டுல்கர்,found,https://www.wikidata.org/wiki/Q9488,2026-10-03T11:34:00.828353+00:00
355269,Q15769329,Q6581097,James Neesham,जेम्स नीशम,ஜேம்ஸ் நீஷம்,found,https://www.wikidata.org/wiki/Q15769329,2026-10-03T11:34:00.828353+00:00
355348,Q12988113,Q6581072,Merissa Aguilleira,,மெரீசா ஆகிலேரா,found,https://www.wikidata.org/wiki/Q12988113,2026-10-03T11:34:00.828353+00:00
355349,Q5246692,Q6581072,Deandra Dottin,डिंड्रा डॉटिन,டியாண்ட்ரா டோட்டின்,found,https://www.wikidata.org/wiki/Q5246692,2026-10-03T11:34:00.828353+00:00
355351,Q23772672,Q6581072,Afy Fletcher,अफी फ्लेचर,,found,https://www.wikidata.org/wiki/Q23772672,2026-10-03T11:34:00.828353+00:00
355352,Q16466561,Q6581072,Stacy-Ann King,स्टेसी-एन किंग,,found,https://www.wikidata.org/wiki/Q16466561,2026-10-03T11:34:00.828353+00:00
355355,Q23884120,Q6581072,Chedean Nation,चेडियन नेशन,,found,https://www.wikidata.org/wiki/Q23884120,2026-10-03T11:34:00.828353+00:00
355356,Q16466543,Q6581072,Shakera Selman,शकेरा सेलमैन,,found,https://www.wikidata.org/wiki/Q16466543,2026-10-03T11:34:00.828353+00:00
355359,Q4539653,Q6581072,Stafanie Taylor,स्टैफानी टेलर,ஸ்டெஃபனி டெய்லர்,found,https://www.wikidata.org/wiki/Q4539653,2026-10-03T11:34:00.828353+00:00
358259,Q5693931,Q6581072,Heather Knight,हीथर नाइट,,found,https://www.wikidata.org/wiki/Q5693931,2026-10-03T11:34:00.828353+00:00
359746,Q7395551,Q6581097,Saad Bin Zafar,साद बिन ज़फ़र,,found,https://www.wikidata.org/wiki/Q7395551,2026-10-03T11:34:00.828353+00:00
360401,Q3525912,Q6581072,Punam Raut,पूनम राउत,பூனம் ரவுட்,found,https://www.wikidata.org/wiki/Q3525912,2026-10-03T11:34:00.828353+00:00
36084,Q2723790,Q6581097,,युवराज सिंह,யுவராஜ் சிங்,found,https://www.wikidata.org/wiki/Q2723790,2026-10-03T11:34:00.828353+00:00
361854,Q6959259,Q6581072,Nahida Khan,नाहिदा खान,,found,https://www.wikidata.org/wiki/Q6959259,2026-10-03T11:34:00.828353+00:00
361856,Q6348095,Q6581072,Kainat Imtiaz,कनत इम्तियाज,கைநாத் இம்தியாஸ்,found,https://www.wikidata.org/wiki/Q6348095,2026-10-03T11:34:00.828353+00:00
362356,Q15982044,Q6581072,Sidra Ameen,सिदरा अमीन,,found,https://www.wikidata.org/wiki/Q15982044,2026-10-03T11:34:00.828353+00:00
36326,Q7487985,Q6581097,Shane Edward Bond,शेन बॉन्ड,ஷேன் பாண்ட்,found,https://www.wikidata.org/wiki/Q7487985,2026-10-03T11:34:00.828353+00:00
364343,Q16225917,Q6581097,Craig Young,क्रेग यंग (क्रिकेटर),,found,https://www.wikidata.org/wiki/Q16225917,2026-10-03T11:34:00.828353+00:00
364368,Q6782275,Q6581072,Masabata Klaas,मसाबाता कालस,மசபாடா கிளாஸ்,found,https://www.wikidata.org/wiki/Q6782275,2026-10-03T11:34:00.828353+00:00
364413,Q5215860,Q6581072,Dane van Niekerk,डेन वैन निएकर,டேன் வான் நீக்கெர்க்,found,https://www.wikidata.org/wiki/Q5215860,2026-10-03T11:34:00.828353+00:00
37000,Q3352116,Q6581097,Stephen Fleming,स्टीफन फ्लेमिंग,சுடீபன் பிளெமிங்,found,https://www.wikidata.org/wiki/Q3352116,2026-10-03T11:34:00.828353+00:00
37004,Q3530165,Q6581097,James Franklin,,ஜேம்ஸ் பிராங்கிளின்,found,https://www.wikidata.org/wiki/Q3530165,2026-10-03T11:34:00.828353+00:00
370132,Q7488339,Q6581072,Shanel Daley,,ஷனேல் டேலி,found,https://www.wikidata.org/wiki/Q7488339,2026-10-03T11:34:00.828353+00:00
371185,Q16236961,Q6581072,Hasini Perera,हसीनी परेरा,ஹாசினி பெரேரா,found,https://www.wikidata.org/wiki/Q16236961,2026-10-03T11:34:00.828353+00:00
371194,Q27049996,Q6581072,Inoshi Priyadharshani,,,found,https://www.wikidata.org/wiki/Q27049996,2026-10-03T11:34:00.828353+00:00
372116,Q7698004,Q6581097,Temba Bavuma,तेम्बा बावुमा,தெம்ப பவுமா,found,https://www.wikidata.org/wiki/Q7698004,2026-10-03T11:34:00.828353+00:00
372317,Q3525920,Q6581072,Harmanpreet Kaur,हरमनप्रीत कौर,ஹர்மன்பிரீத் கவுர்,found,https://www.wikidata.org/wiki/Q3525920,2026-10-03T11:34:00.828353+00:00
373538,Q7396007,Q6581097,Sabbir Rahman,सब्बीर रहमान,சபிர் ரகுமான்,found,https://www.wikidata.org/wiki/Q7396007,2026-10-03T11:34:00.828353+00:00
374934,Q7422215,Q6581072,Sarah Coyte,,,found,https://www.wikidata.org/wiki/Q7422215,2026-10-03T11:34:00.828353+00:00
374936,Q16212966,Q6581072,Jess Jonassen,जेस जोनासन,,found,https://www.wikidata.org/wiki/Q16212966,2026-10-03T11:34:00.828353+00:00
376116,Q3521468,Q6581097,Umesh Yadav,उमेश यादव,உமேஸ் யாதவ்,found,https://www.wikidata.org/wiki/Q3521468,2026-10-03T11:34:00.828353+00:00
37737,Q3345051,Q6581097,Brendon McCullum,ब्रेंडन मैकुलम,பிரண்டன் மெக்கல்லம்,found,https://www.wikidata.org/wiki/Q3345051,2026-10-03T11:34:00.828353+00:00
37740,Q6451305,Q6581097,Kyle Mills,काइल मिल्स,கைல் மில்ஸ்,found,https://www.wikidata.org/wiki/Q6451305,2026-10-03T11:34:00.828353+00:00
37749,Q3531282,Q6581097,Nathan McCullum,नाथन मैकुलम,நேத்தன் மெக்கெல்லம்,found,https://www.wikidata.org/wiki/Q3531282,2026-10-03T11:34:00.828353+00:00
379140,Q20981443,Q6581097,Devon Conway,डेव्हन कॉनवे,டேவன் கான்வே,found,https://www.wikidata.org/wiki/Q20981443,2026-10-03T11:34:00.828353+00:00
379143,Q7272502,Q6581097,Quinton de Kock,क्विंटन डि काक,குவின்டன் டி கொக்,found,https://www.wikidata.org/wiki/Q7272502,2026-10-03T11:34:00.828353+00:00
379145,Q18387474,Q6581097,Tabraiz Shamsi,तबरेज शम्सी,தப்ரைஸ் ஷம்ஸி,found,https://www.wikidata.org/wiki/Q18387474,2026-10-03T11:34:00.828353+00:00
379504,Q16225921,Q6581097,Adam Zampa,एडम ज़म्पा,ஆடம் சம்பா,found,https://www.wikidata.org/wiki/Q16225921,2026-10-03T11:34:00.828353+00:00
38062,Q3630213,Q6581097,Jacob Oram,जैकब ओरम,ஜேகப் ஓரம்,found,https://www.wikidata.org/wiki/Q3630213,2026-10-03T11:34:00.828353+00:00
380929,Q6508233,Q6581072,Lea Tahuhu,ले ताहू,,found,https://www.wikidata.org/wiki/Q6508233,2026-10-03T11:34:00.828353+00:00
381217,Q24006924,Q6581072,Nicola Carey,निकोला केरी,,found,https://www.wikidata.org/wiki/Q24006924,2026-10-03T11:34:00.828353+00:00
381258,Q16224916,Q6581072,Beth Mooney,बेथ मूनी,,found,https://www.wikidata.org/wiki/Q16224916,2026-10-03T11:34:00.828353+00:00
381268,Q21064534,Q6581072,Grace Harris,ग्रेस हैरिस,,found,https://www.wikidata.org/wiki/Q21064534,2026-10-03T11:34:00.828353+00:00
381311,Q27921714,Q6581072,Tahlia McGrath,तेहलिया मैकग्राथ,,found,https://www.wikidata.org/wiki/Q27921714,2026-10-03T11:34:00.828353+00:00
381743,Q21622066,Q6581097,Daryl Mitchell,डेरिल मिशेल (न्यूजीलैंड के क्रिकेटर),தரில் மிட்செல்,found,https://www.wikidata.org/wiki/Q21622066,2026-10-03T11:34:00.828353+00:00
383879,Q55433689,Q6581072,Concy Aweko,कॉन्सी अवेको,,found,https://www.wikidata.org/wiki/Q55433689,2026-10-03T11:34:00.828353+00:00
38407,Q7437332,Q6581097,Scott Styris,,,found,https://www.wikidata.org/wiki/Q7437332,2026-10-03T11:34:00.828353+00:00
384525,Q28341374,Q6581097,Zahoor Farooqi,जहूर खान,,found,https://www.wikidata.org/wiki/Q28341374,2026-10-03T11:34:00.828353+00:00
385938,Q86815253,Q6581097,Kaleem Sana,कलीम साना,,found,https://www.wikidata.org/wiki/Q86815253,2026-10-03T11:34:00.828353+00:00
386302,,,,,,missing,https://query.wikidata.org/sparql,2026-10-03T11:34:00.828353+00:00
38699,Q7369663,Q6581097,Ross Taylor,रॉस टेलर,ரோஸ் டெய்லர்,found,https://www.wikidata.org/wiki/Q7369663,2026-10-03T11:34:00.828353+00:00
38710,Q3345022,Q6581097,Daniel Vettori,डेनियल विटोरी,டேனியல் வெட்டோரி,found,https://www.wikidata.org/wiki/Q3345022,2026-10-03T11:34:00.828353+00:00
387261,Q16730776,Q6581072,Ayabonga Khaka,अयबोंगा खाका,,found,https://www.wikidata.org/wiki/Q16730776,2026-10-03T11:34:00.828353+00:00
388802,Q7816540,Q6581097,Tom Latham,टॉम लाथम (क्रिकेटर),,found,https://www.wikidata.org/wiki/Q7816540,2026-10-03T11:34:00.828353+00:00
388845,Q100893904,Q6581072,Darcie Brown,डार्सी ब्राउन,,found,https://www.wikidata.org/wiki/Q100893904,2026-10-03T11:34:00.828353+00:00
391485,Q6162716,Q6581097,Jason Holder,जेसन होल्डर,ஜேசன் ஹோல்டர்,found,https://www.wikidata.org/wiki/Q6162716,2026-10-03T11:34:00.828353+00:00
391832,Q22003618,Q6581097,Roston Chase,रॉस्टन चेस,,found,https://www.wikidata.org/wiki/Q22003618,2026-10-03T11:34:00.828353+00:00
39836,Q3202740,Q6581097,Abdul Razzaq,अब्दुल रज्जाक,அப்துல் ரசாக்,found,https://www.wikidata.org/wiki/Q3202740,2026-10-03T11:34:00.828353+00:00
398513,Q47291062,Q6581097,Saurabh Netravalkar,सौरभ नेत्रावलकर,சௌரப் நேத்திரவால்க்கர்,found,https://www.wikidata.org/wiki/Q47291062,2026-10-03T11:34:00.828353+00:00
40082,Q27842971,Q6581097,Ehsan Khan,एहसान खान (क्रिकेटर),,found,https://www.wikidata.org/wiki/Q27842971,2026-10-03T11:34:00.828353+00:00
401540,Q4699426,Q6581097,Aizaz Khan,एजाज खान,ஐசாஸ் கான்,found,https://www.wikidata.org/wiki/Q4699426,2026-10-03T11:34:00.828353+00:00
403902,Q19968743,Q6581097,Liam Livingstone,लिआम लिविंगस्टोन,லியம் லிவிங்சுடன்,found,https://www.wikidata.org/wiki/Q19968743,2026-10-03T11:34:00.828353+00:00
40570,Q1393201,Q6581097,Inzamam-ul-Haq,इंज़माम उल हक,இன்சமாம் உல் ஹக்,found,https://www.wikidata.org/wiki/Q1393201,2026-10-03T11:34:00.828353+00:00
40618,Q3530644,Q6581097,Imran Tahir,इमरान ताहिर,இம்ரான் தாஹிர்,found,https://www.wikidata.org/wiki/Q3530644,2026-10-03T11:34:00.828353+00:00
41028,Q738378,Q6581097,Kamran Akmal,कामरान अकमल,காம்ரான் அக்மல்,found,https://www.wikidata.org/wiki/Q738378,2026-10-03T11:34:00.828353+00:00
411109,,,,,,missing,https://query.wikidata.org/sparql,2026-10-03T11:34:00.828353+00:00
41378,Q2564848,Q6581097,Misbah-ul-Haq,मिस्बाह-उल-हक़,மிஸ்பா-உல்-ஹக்,found,https://www.wikidata.org/wiki/Q2564848,2026-10-03T11:34:00.828353+00:00
41434,Q3535271,Q6581097,Mohammad Hafeez,मोहम्मद हफीज़,முகம்மது ஹஃபீஸ்,found,https://www.wikidata.org/wiki/Q3535271,2026-10-03T11:34:00.828353+00:00
414966,Q16224683,Q6581097,Michael Leask,माइकल लेस्क,,found,https://www.wikidata.org/wiki/Q16224683,2026-10-03T11:34:00.828353+00:00
414970,Q7398859,Q6581097,Safyaan Sharif,सूफ़ियन शरीफ़,,found,https://www.wikidata.org/wiki/Q7398859,2026-10-03T11:34:00.828353+00:00
416024,Q28755584,Q6581072,Lorna Jack,लोर्ना जैक,,found,https://www.wikidata.org/wiki/Q28755584,2026-10-03T11:34:00.828353+00:00
417268,Q16228086,Q6581097,Matty Cross,मैथ्यू क्रॉस (क्रिकेटर),,found,https://www.wikidata.org/wiki/Q16228086,2026-10-03T11:34:00.828353+00:00
417381,Q16224833,Q6581097,Andrew McBrine,एंडी मैकब्राइन,,found,https://www.wikidata.org/wiki/Q16224833,2026-10-03T11:34:00.828353+00:00
418420,Q16210562,Q6581072,Laura Delany,लौरा डेलानी,,found,https://www.wikidata.org/wiki/Q16210562,2026-10-03T11:34:00.828353+00:00
418422,Q7491028,Q6581072,Shauna Kavanagh,शौना कवानाघ,,found,https://www.wikidata.org/wiki/Q7491028,2026-10-03T11:34:00.828353+00:00
418423,Q21621341,Q6581072,Kim Garth,,,found,https://www.wikidata.org/wiki/Q21621341,2026-10-03T11:34:00.828353+00:00
4185,Q378764,Q6581097,Nathan Bracken,नाथन ब्रेकन,நாதன் பிராக்கன்,found,https://www.wikidata.org/wiki/Q378764,2026-10-03T11:34:00.828353+00:00
41984,Q20744571,Q6581097,Mohammad Nadeem,मोहम्मद नदीम (ओमानी क्रिकेटर),,found,https://www.wikidata.org/wiki/Q20744571,2026-10-03T11:34:00.828353+00:00
420314,Q16225425,Q6581072,Megan Schutt,मेगन शट,,found,https://www.wikidata.org/wiki/Q16225425,2026-10-03T11:34:00.828353+00:00
420427,Q20630558,Q6581097,Sese Bau,सेसे बाउ,,found,https://www.wikidata.org/wiki/Q20630558,2026-10-03T11:34:00.828353+00:00
420490,Q18349169,Q6581097,Henry Ssenyondo,हेनरी सेन्सियोन्डो,,found,https://www.wikidata.org/wiki/Q18349169,2026-10-03T11:34:00.828353+00:00
422108,Q6668646,Q6581097,KL Rahul,के॰ एल॰ राहुल,கே. எல். ராகுல்,found,https://www.wikidata.org/wiki/Q6668646,2026-10-03T11:34:00.828353+00:00
42421,Q14474511,Q6581097,Rashid Khan,,ரசீட் கான்,found,https://www.wikidata.org/wiki/Q14474511,2026-10-03T11:34:00.828353+00:00
424629,Q16728187,Q6581072,Britney Cooper,ब्रिटनी कूपर,,found,https://www.wikidata.org/wiki/Q16728187,2026-10-03T11:34:00.828353+00:00
424630,Q16466537,Q6581072,Tremayne Smartt,,,found,https://www.wikidata.org/wiki/Q16466537,2026-10-03T11:34:00.828353+00:00
424631,Q16466565,Q6581072,Shemaine Campbelle,शेमैन कैम्पबेल,,found,https://www.wikidata.org/wiki/Q16466565,2026-10-03T11:34:00.828353+00:00
425639,Q7699568,Q6581097,Tendai Chatara,तंदै चतरा,,found,https://www.wikidata.org/wiki/Q7699568,2026-10-03T11:34:00.828353+00:00
425943,Q7418593,Q6581097,Sanju Samson,संजु सैमसन,சஞ்சு சாம்சன்,found,https://www.wikidata.org/wiki/Q7418593,2026-10-03T11:34:00.828353+00:00
42639,Q380445,Q6581097,Shahid Afridi,शाहिद अफरीदी,சாகித் அஃபிரிடி,found,https://www.wikidata.org/wiki/Q380445,2026-10-03T11:34:00.828353+00:00
42655,Q738330,Q6581097,Shoaib Akhtar,शोएब अख़्तर,சுஐப் அக்தர்,found,https://www.wikidata.org/wiki/Q738330,2026-10-03T11:34:00.828353+00:00
42657,Q3518507,Q6581097,Shoaib Malik,शोएब मलिक,சோயிப் மாலிக்,found,https://www.wikidata.org/wiki/Q3518507,2026-10-03T11:34:00.828353+00:00
42683,Q3273844,Q6581097,Salman Butt,सलमान बट्ट,சல்மான் பட்,found,https://www.wikidata.org/wiki/Q3273844,2026-10-03T11:34:00.828353+00:00
42699,Q3535377,Q6581097,Saeed Ajmal,सईद अजमल,சயீத் அஜ்மல்,found,https://www.wikidata.org/wiki/Q3535377,2026-10-03T11:34:00.828353+00:00
429180,Q16231508,Q6581072,Oshadi Ranasinghe,ओशादी रणसिंघे,ஒசாதி ரணசிங்க,found,https://www.wikidata.org/wiki/Q16231508,2026-10-03T11:34:00.828353+00:00
429754,Q17425106,Q6581097,Niroshan Dickwella,निरोशन डिकवेला,நிரோசன் டிக்வெல்ல,found,https://www.wikidata.org/wiki/Q17425106,2026-10-03T11:34:00.828353+00:00
429981,Q3536989,Q6581097,Mohammad Irfan,मोहम्मद इरफ़ान,முகம்மது இர்பான்,found,https://www.wikidata.org/wiki/Q3536989,2026-10-03T11:34:00.828353+00:00
430246,Q8062264,Q6581097,Yuzvendra Chahal,युज़वेन्द्र चहल,யுவேந்திர சகல்,found,https://www.wikidata.org/wiki/Q8062264,2026-10-03T11:34:02.385328+00:00
431901,Q16224701,Q6581097,Evin Lewis,इविन लुईस,,found,https://www.wikidata.org/wiki/Q16224701,2026-10-03T11:34:02.401104+00:00
43265,Q3535548,Q6581097,Sohail Tanvir,सोहैल तनवीर,சொகைல் தன்வீர்,found,https://www.wikidata.org/wiki/Q3535548,2026-10-03T11:34:02.401104+00:00
434844,Q16734953,Q6581072,Inoka Ranaweera,इनोका राणावीरा,இனோகா ரணவீர,found,https://www.wikidata.org/wiki/Q16734953,2026-10-03T11:34:02.401104+00:00
43524,Q3535492,Q6581097,Umar Gul,उमर गुल,உமர் குல்,found,https://www.wikidata.org/wiki/Q3535492,2026-10-03T11:34:02.401104+00:00
43590,Q7564291,Q6581097,Wahab Riaz,वहाब रियाज़,வகாப் ரியாஸ்,found,https://www.wikidata.org/wiki/Q7564291,2026-10-03T11:34:02.401104+00:00
43650,Q3058207,Q6581097,Mohammad Yousuf,मोहम्मद यूसुफ़,முகம்மது யூசுப்,found,https://www.wikidata.org/wiki/Q3058207,2026-10-03T11:34:02.401104+00:00
43652,Q3352654,Q6581097,Younus Khan,युनुस खान,யூனுஸ் கான்,found,https://www.wikidata.org/wiki/Q3352654,2026-10-03T11:34:02.401104+00:00
436677,Q7564598,Q6581097,Soumya Sarkar,सौम्य सरकार,சௌமியா சர்கார்,found,https://www.wikidata.org/wiki/Q7564598,2026-10-03T11:34:02.401104+00:00
436749,Q48075021,Q6581097,Fiaz Bhutt,फैयाज बट,,found,https://www.wikidata.org/wiki/Q48075021,2026-10-03T11:34:02.401104+00:00
436757,Q20981646,Q6581097,Heinrich Klaasen,हेनरिक क्लासेन,ஏய்ன்றிச் கிளாசென்,found,https://www.wikidata.org/wiki/Q20981646,2026-10-03T11:34:02.401104+00:00
437316,Q20745304,Q6581097,Dasun Shanaka,दासुन शनाका,தசுன் சானக்க,found,https://www.wikidata.org/wiki/Q20745304,2026-10-03T11:34:02.401104+00:00
438265,Q16211894,Q6581072,Maddy Green,मैडी ग्रीन,,found,https://www.wikidata.org/wiki/Q16211894,2026-10-03T11:34:02.401104+00:00
438563,Q6767045,Q6581097,Mark Chapman,मार्क चैपमैन,,found,https://www.wikidata.org/wiki/Q6767045,2026-10-03T11:34:02.401104+00:00
439029,Q16212868,Q6581072,Hayley Jensen,हेले जेनसन (क्रिकेटर),,found,https://www.wikidata.org/wiki/Q16212868,2026-10-03T11:34:02.401104+00:00
43906,Q735128,Q6581097,Hashim Amla,हाशिम आमला,அசீம் ஆம்லா,found,https://www.wikidata.org/wiki/Q735128,2026-10-03T11:34:02.401104+00:00
440162,Q6696258,Q6581097,Lucas Oluoch,लुकास ओलुओच,,found,https://www.wikidata.org/wiki/Q6696258,2026-10-03T11:34:02.401104+00:00
440522,Q15979707,Q6581097,Logan van Beek,लोगन वैन बीक,,found,https://www.wikidata.org/wiki/Q15979707,2026-10-03T11:34:02.401104+00:00
440990,Q18637994,Q6581097,Lega Siaka,लेगा सियाका,,found,https://www.wikidata.org/wiki/Q18637994,2026-10-03T11:34:02.401104+00:00
44111,Q678379,Q6581097,Mark Boucher,मार्क बाउचर,மார்க் பவுச்சர்,found,https://www.wikidata.org/wiki/Q678379,2026-10-03T11:34:02.401104+00:00
44149,Q3531334,Q6581097,Johan Botha,जोहान बोथा,யோகன் போதா,found,https://www.wikidata.org/wiki/Q3531334,2026-10-03T11:34:02.401104+00:00
442048,Q15205490,Q6581072,Ekta Bisht,एकता बिष्ट,ஏக்தா பிஷ்ட்,found,https://www.wikidata.org/wiki/Q15205490,2026-10-03T11:34:02.401104+00:00
442145,Q16225078,Q6581072,Shikha Pandey,शिखा पांडे,ஷிகா பாண்டே,found,https://www.wikidata.org/wiki/Q16225078,2026-10-03T11:34:02.401104+00:00
442205,Q22957578,Q6581072,Veda Krishnamurthy,वेद कृष्णमूर्ति,வேதா கிருஷ்ணமூர்த்தி,found,https://www.wikidata.org/wiki/Q22957578,2026-10-03T11:34:02.401104+00:00
442310,Q16755848,Q6581072,Prasadani Weerakkody,प्रसादनी वीरक्कोडी,,found,https://www.wikidata.org/wiki/Q16755848,2026-10-03T11:34:02.401104+00:00
44407,Q3529953,Q6581097,Wesley Barresi,,வெஸ்லி பாரெசி,found,https://www.wikidata.org/wiki/Q3529953,2026-10-03T11:34:02.401104+00:00
44410,Q5435130,Q6581097,Farhaan Behardien,फरहान बेहारडियन,பர்ஹான் பிஹார்தீன்,found,https://www.wikidata.org/wiki/Q5435130,2026-10-03T11:34:02.401104+00:00
4451,Q4711426,Q6581097,George Bailey,जॉर्ज बेली,ஜோர்ஜ் பெய்லி,found,https://www.wikidata.org/wiki/Q4711426,2026-10-03T11:34:02.401104+00:00
446507,Q15864307,Q6581097,Suryakumar Yadav,सुर्यकुमार यादव,சூர்யகுமார் யாதவ்,found,https://www.wikidata.org/wiki/Q15864307,2026-10-03T11:34:02.401104+00:00
44828,Q429539,Q6581097,Faf du Plessis,फाफ डू प्लेसी,பான்சுவா டு பிளெசிஸ்,found,https://www.wikidata.org/wiki/Q429539,2026-10-03T11:34:02.401104+00:00
44932,Q3531633,Q6581097,JP Duminy,जीन पॉल डुमनी,ஜே பி டுமினி,found,https://www.wikidata.org/wiki/Q3531633,2026-10-03T11:34:02.401104+00:00
44936,Q3011889,Q6581097,AB de Villiers,एबी डी विलियर्स,ஏ பி டி வில்லியர்ஸ்,found,https://www.wikidata.org/wiki/Q3011889,2026-10-03T11:34:02.401104+00:00
44956,Q5596204,Q6581097,Grant Elliott,ग्रांट इलियट,கிராண்ட் எலியட்,found,https://www.wikidata.org/wiki/Q5596204,2026-10-03T11:34:02.401104+00:00
450860,Q4679499,Q6581097,Adam Milne,एडम मिल्ने,,found,https://www.wikidata.org/wiki/Q4679499,2026-10-03T11:34:02.401104+00:00
45224,Q3269729,Q6581097,Herschelle Gibbs,हर्शल गिब्स,ஹெர்ச்சல் கிப்ஸ்,found,https://www.wikidata.org/wiki/Q3269729,2026-10-03T11:34:02.401104+00:00
452472,Q18637904,Q6581097,Anshuman Rath,,,found,https://www.wikidata.org/wiki/Q18637904,2026-10-03T11:34:02.401104+00:00
453370,Q5102889,Q6581072,Chloe Tryon,क्लो ट्राईऑन,,found,https://www.wikidata.org/wiki/Q5102889,2026-10-03T11:34:02.401104+00:00
457249,Q18684975,Q6581097,Carlos Brathwaite,कार्लोस ब्रेथवेट,,found,https://www.wikidata.org/wiki/Q18684975,2026-10-03T11:34:02.401104+00:00
4578,Q1428440,Q6581097,Michael Clarke,माइकल क्लार्क,மைக்கல் கிளார்க்,found,https://www.wikidata.org/wiki/Q1428440,2026-10-03T11:34:02.401104+00:00
45789,Q982650,Q6581097,Jacques Kallis,जाक कालिस,ஜாக் கலிஸ்,found,https://www.wikidata.org/wiki/Q982650,2026-10-03T11:34:02.401104+00:00
45797,Q6317772,Q6581097,Justin Kemp,,ஜஸ்டின் கேம்ப்,found,https://www.wikidata.org/wiki/Q6317772,2026-10-03T11:34:02.401104+00:00
45963,Q3520841,Q6581097,Charl Langeveldt,शार्ल लँगेवेल्ड्ट,சால் லேன்ஜ்வல்ட்,found,https://www.wikidata.org/wiki/Q3520841,2026-10-03T11:34:02.401104+00:00
46248,Q3525482,Q6581097,Albie Morkel,,எல்பி மோகல்,found,https://www.wikidata.org/wiki/Q3525482,2026-10-03T11:34:02.401104+00:00
463208,Q6780904,Q6581072,Mary Waldron,मैरी वाल्ड्रोन,,found,https://www.wikidata.org/wiki/Q6780904,2026-10-03T11:34:02.401104+00:00
46538,Q3518308,Q6581097,Morné Morkel,मोर्ने मोर्केल,மோர்னி மோர்க்கல்,found,https://www.wikidata.org/wiki/Q3518308,2026-10-03T11:34:02.401104+00:00
465793,Q20740775,Q6581097,Dhananjaya de Silva,धनंजय डी सिल्वा,தனஞ்சய டி சில்வா,found,https://www.wikidata.org/wiki/Q20740775,2026-10-03T11:34:02.401104+00:00
46592,Q1886365,Q6581097,Makhaya Ntini,मखाया एंटिनी,மக்காயா என்டினி,found,https://www.wikidata.org/wiki/Q1886365,2026-10-03T11:34:02.401104+00:00
466619,Q5478203,Q6581072,Fran Wilson,फ्रां विल्सन,,found,https://www.wikidata.org/wiki/Q5478203,2026-10-03T11:34:02.401104+00:00
46750,Q3522056,Q6581097,Robin Peterson,रॉबिन पीटरसन,ரொபின் பீட்டர்சன்,found,https://www.wikidata.org/wiki/Q3522056,2026-10-03T11:34:02.401104+00:00
46774,Q12454494,Q6581097,Shaun Pollock,शॉन पोलॉक,ஷான் பொலொக்,found,https://www.wikidata.org/wiki/Q12454494,2026-10-03T11:34:02.401104+00:00
470752,Q20744915,Q6581097,Ally Kimote,अल्ली किमोट,,found,https://www.wikidata.org/wiki/Q20744915,2026-10-03T11:34:02.401104+00:00
47270,Q1427233,Q6581097,Graeme Smith,ग्रीम स्मिथ,கிரயெம் சிமித்,found,https://www.wikidata.org/wiki/Q1427233,2026-10-03T11:34:02.401104+00:00
472975,Q16466557,Q6581072,Kycia Knight,किसिया नाइट,,found,https://www.wikidata.org/wiki/Q16466557,2026-10-03T11:34:02.401104+00:00
472977,Q16466554,Q6581072,Kyshona Knight,किशोना नाइट,,found,https://www.wikidata.org/wiki/Q16466554,2026-10-03T11:34:02.401104+00:00
474190,Q16466563,Q6581072,Chinelle Henry,चिनले हेनरी,,found,https://www.wikidata.org/wiki/Q16466563,2026-10-03T11:34:02.401104+00:00
474191,Q23772680,Q6581072,Shamilia Connell,शमिलिया कोनेल,,found,https://www.wikidata.org/wiki/Q23772680,2026-10-03T11:34:02.401104+00:00
474201,Q16466552,Q6581072,Natasha McLean,नताशा मैकलीन,,found,https://www.wikidata.org/wiki/Q16466552,2026-10-03T11:34:02.401104+00:00
474308,Q21621458,Q6581072,Hayley Matthews,हेले मैथ्यूज,,found,https://www.wikidata.org/wiki/Q21621458,2026-10-03T11:34:02.401104+00:00
47492,Q3531671,Q6581097,Dale Steyn,डेल स्टेन,டேல் ஸ்டெய்ன்,found,https://www.wikidata.org/wiki/Q3531671,2026-10-03T11:34:02.401104+00:00
475281,Q18638089,Q6581097,Shardul Thakur,शार्दुल ठाकुर,ஷர்துல் தாகூர்,found,https://www.wikidata.org/wiki/Q18638089,2026-10-03T11:34:02.402630+00:00
47623,Q3529861,Q6581097,Jonathan Trott,जोनाथन ट्रॉट,ஜொனாதன் ட்ரொட்,found,https://www.wikidata.org/wiki/Q3529861,2026-10-03T11:34:02.402630+00:00
47666,Q3532573,Q6581097,Lonwabo Tsotsobe,लोनावो त्सोटोबे,லோன்வாபோ சொட்சொபே,found,https://www.wikidata.org/wiki/Q3532573,2026-10-03T11:34:02.402630+00:00
478278,Q6915626,Q6581072,Moseline Daniels,,மோஸ்லைன் டேனியல்ஸ்,found,https://www.wikidata.org/wiki/Q6915626,2026-10-03T11:34:02.402630+00:00
47850,Q11217157,Q6581097,Roelof van der Merwe,रूलोफ वैन डेर मेरवे,ரால்ப் வான் டெர் மெர்வ்,found,https://www.wikidata.org/wiki/Q11217157,2026-10-03T11:34:02.402630+00:00
478808,Q21622105,Q6581072,Ritu Moni,रितु मोनी,,found,https://www.wikidata.org/wiki/Q21622105,2026-10-03T11:34:02.402630+00:00
480603,Q21244769,Q6581097,Iftikhar Ahmed,इफ्तिखार अहमद,இப்திகார் அகமது,found,https://www.wikidata.org/wiki/Q21244769,2026-10-03T11:34:02.402630+00:00
48124,Q3522556,Q6581097,Marvan Atapattu,मार्वन अटापट्टू,மாவன் அத்தப்பத்து,found,https://www.wikidata.org/wiki/Q3522556,2026-10-03T11:34:02.402630+00:00
481896,Q7487531,Q6581097,Mohammed Shami,मोहम्मद शमी,முகம்மது ஷாமி,found,https://www.wikidata.org/wiki/Q7487531,2026-10-03T11:34:02.402630+00:00
482478,Q6148942,Q6581097,Jan Frylinck,जान फ्राइलिनक,,found,https://www.wikidata.org/wiki/Q6148942,2026-10-03T11:34:02.402630+00:00
482506,Q27921687,Q6581072,Anne Bosch,ऐनी बॉश,,found,https://www.wikidata.org/wiki/Q27921687,2026-10-03T11:34:02.402630+00:00
483484,Q16224686,Q6581072,Lizelle Lee,लिज़ेल ली,,found,https://www.wikidata.org/wiki/Q16224686,2026-10-03T11:34:02.402630+00:00
48472,Q2724503,Q6581097,Tillakaratne Dilshan,तिलकरत्ने दिलशान,திலகரத்ன டில்சான்,found,https://www.wikidata.org/wiki/Q2724503,2026-10-03T11:34:02.402630+00:00
486818,Q55366854,Q6581072,Jamahidaya Intan,जमहीदया इंतान,,found,https://www.wikidata.org/wiki/Q55366854,2026-10-03T11:34:02.402630+00:00
486890,Q47089235,Q6581072,Sita Rana Magar,सिता मगर,,found,https://www.wikidata.org/wiki/Q47089235,2026-10-03T11:34:02.402630+00:00
486942,Q28755603,Q6581072,Natthakan Chantam,नटकन चनतम,,found,https://www.wikidata.org/wiki/Q28755603,2026-10-03T11:34:02.402630+00:00
486944,Q28755599,Q6581072,Naruemol Chaiwai,नरुमोल चवाई,,found,https://www.wikidata.org/wiki/Q28755599,2026-10-03T11:34:02.402630+00:00
486995,Q15730360,Q6581072,Fargana Hoque,फरगाना होक,,found,https://www.wikidata.org/wiki/Q15730360,2026-10-03T11:34:02.402630+00:00
487007,Q16224770,Q6581072,Suné Luus,सुने लुस,,found,https://www.wikidata.org/wiki/Q16224770,2026-10-03T11:34:02.402630+00:00
48835,Q3537609,Q6581097,Dilhara Fernando,दिलहारा फर्नांडो,தில்லார பர்னான்டோ,found,https://www.wikidata.org/wiki/Q3537609,2026-10-03T11:34:02.402630+00:00
489889,Q7143348,Q6581097,Pat Cummins,पॅट कमिंस,பாற் கமின்சு,found,https://www.wikidata.org/wiki/Q7143348,2026-10-03T11:34:02.402630+00:00
490956,Q28755516,Q6581072,Ashley Ndiraya,एशले निदिराय,,found,https://www.wikidata.org/wiki/Q28755516,2026-10-03T11:34:02.402630+00:00
49178,Q3530604,Q6581097,Rangana Herath,रंगना हेराथ,ரங்கன ஹேரத்,found,https://www.wikidata.org/wiki/Q3530604,2026-10-03T11:34:02.402630+00:00
49209,Q378810,Q6581097,Sanath Jayasuriya,सनथ जयसूर्या,சனத் ஜயசூரிய,found,https://www.wikidata.org/wiki/Q378810,2026-10-03T11:34:02.402630+00:00
49289,Q2739165,Q6581097,Mahela Jayawardene,महेला जयवर्धने,மகேல ஜயவர்தன,found,https://www.wikidata.org/wiki/Q2739165,2026-10-03T11:34:02.402630+00:00
493715,Q16231441,Q6581072,Yashoda Mendis,,,found,https://www.wikidata.org/wiki/Q16231441,2026-10-03T11:34:02.402630+00:00
493773,Q21621282,Q6581097,Lockie Ferguson,लॉकी फर्ग्यूसन,லொக்கி பெர்கசன்,found,https://www.wikidata.org/wiki/Q21621282,2026-10-03T11:34:02.402630+00:00
493860,Q27049134,Q6581072,Anushka Sanjeewani,अनुष्का संजीवनी,அனுசுகா சஞ்சீவனி,found,https://www.wikidata.org/wiki/Q27049134,2026-10-03T11:34:02.402630+00:00
494230,Q22958372,Q6581097,Asif Ali,आसिफ अली (क्रिकेटर),ஆசிப் அலி (துடுப்பாட்டக்காரர்),found,https://www.wikidata.org/wiki/Q22958372,2026-10-03T11:34:02.402630+00:00
49535,Q3533953,Q6581097,Nuwan Kulasekara,नुवन कुलसेकरा,நுவன் குலசேகர,found,https://www.wikidata.org/wiki/Q3533953,2026-10-03T11:34:02.402630+00:00
495551,Q16204822,Q6581097,Sheldon Cottrell,शेल्डन कॉटरेल,,found,https://www.wikidata.org/wiki/Q16204822,2026-10-03T11:34:02.402630+00:00
495964,Q20630643,Q6581097,Ryan Burl,रेयान बर्ल,,found,https://www.wikidata.org/wiki/Q20630643,2026-10-03T11:34:02.402630+00:00
49619,Q12978671,Q6581097,Suranga Lakmal,सुरंगा लकमल,சுரங்க லக்மால்,found,https://www.wikidata.org/wiki/Q12978671,2026-10-03T11:34:02.402630+00:00
49636,Q379709,Q6581097,Muttiah Muralitharan,मुथैया मुरलीधरन,முத்தையா முரளிதரன்,found,https://www.wikidata.org/wiki/Q379709,2026-10-03T11:34:02.402630+00:00
49638,Q3534173,Q6581097,Farveez Maharoof,,பர்வீஸ் மஹ்ரூப்,found,https://www.wikidata.org/wiki/Q3534173,2026-10-03T11:34:02.402630+00:00
49700,Q3531176,Q6581097,Jeevan Mendis,जीवन मेंडिस,ஜீவன் மென்டிஸ்,found,https://www.wikidata.org/wiki/Q3531176,2026-10-03T11:34:02.402630+00:00
49758,Q2312779,Q6581097,Lasith Malinga,लसिथ मलिंगा,லசித் மாலிங்க,found,https://www.wikidata.org/wiki/Q2312779,2026-10-03T11:34:02.402630+00:00
49764,Q3531300,Q6581097,Angelo Mathews,,அஞ்செலோ மாத்தியூஸ்,found,https://www.wikidata.org/wiki/Q3531300,2026-10-03T11:34:02.402630+00:00
499247,Q24062451,Q6581072,Bernadine Bezuidenhout,बर्नडाइन बेजुइडनहॉट,,found,https://www.wikidata.org/wiki/Q24062451,2026-10-03T11:34:02.402630+00:00
499254,Q28363480,Q6581072,Sinalo Jafta,सिनालो जेटा,,found,https://www.wikidata.org/wiki/Q28363480,2026-10-03T11:34:02.402630+00:00
500726,Q25621040,Q6581072,Rubina Chhetri,रुबिना क्षेत्री,,found,https://www.wikidata.org/wiki/Q25621040,2026-10-03T11:34:02.402630+00:00
500733,Q18211214,Q6581072,Sidra Nawaz,सिद्ध नवाज,,found,https://www.wikidata.org/wiki/Q18211214,2026-10-03T11:34:02.402630+00:00
500984,,,,,,missing,https://query.wikidata.org/sparql,2026-10-03T11:34:02.402630+00:00
501348,Q28755592,Q6581072,Mary-Anne Musonda,मैरी-ऐनी मसंदा,,found,https://www.wikidata.org/wiki/Q28755592,2026-10-03T11:34:02.402630+00:00
5017,Q8043234,Q6581097,Xavier Doherty,जेवियर डोहर्टी,சேவியர் டொகெர்ட்டி,found,https://www.wikidata.org/wiki/Q8043234,2026-10-03T11:34:02.402630+00:00
502714,Q19860904,Q6581097,Mitchell Santner,मिशेल संतनेर,மிட்செல் சான்ட்னர்,found,https://www.wikidata.org/wiki/Q19860904,2026-10-03T11:34:02.402630+00:00
503123,Q24088568,Q6581072,Andrie Steyn,एंड्री स्टेन,,found,https://www.wikidata.org/wiki/Q24088568,2026-10-03T11:34:02.402630+00:00
50431,Q3522170,Q6581097,Chamara Silva,,சாமர சில்வா,found,https://www.wikidata.org/wiki/Q3522170,2026-10-03T11:34:02.402630+00:00
505120,Q4806015,Q6581097,Ashton Agar,एश्टन अगर,ஆஷ்டன் அகார்,found,https://www.wikidata.org/wiki/Q4806015,2026-10-03T11:34:02.402630+00:00
506612,Q16224322,Q6581097,Matt Henry,मैट हेनरी,மாட் என்றி,found,https://www.wikidata.org/wiki/Q16224322,2026-10-03T11:34:02.402630+00:00
50710,Q737645,Q6581097,Kumar Sangakkara,कुमार संगाकारा,குமார் சங்கக்கார,found,https://www.wikidata.org/wiki/Q737645,2026-10-03T11:34:02.402630+00:00
50747,Q3523679,Q6581097,Upul Tharanga,उपुल थरंगा,உபுல் தரங்க,found,https://www.wikidata.org/wiki/Q3523679,2026-10-03T11:34:02.402630+00:00
50804,Q2737023,Q6581097,Chaminda Vaas,चमिंडा वास,சமிந்த வாஸ்,found,https://www.wikidata.org/wiki/Q2737023,2026-10-03T11:34:02.402630+00:00
512191,Q21623370,Q6581097,Fakhar Zaman,फखर ज़मान,பகர் சமான் (துடுப்பாட்டக்காரர்),found,https://www.wikidata.org/wiki/Q21623370,2026-10-03T11:34:02.402630+00:00
51439,Q3038629,Q6581097,Dwayne Bravo,ब्रावो,டுவைன் பிராவோ,found,https://www.wikidata.org/wiki/Q3038629,2026-10-03T11:34:02.402630+00:00
51469,Q967484,Q6581097,Shivnarine Chanderpaul,शिवनारायण चन्द्रपॉल,சிவ்நாராயின் சந்தர்பால்,found,https://www.wikidata.org/wiki/Q967484,2026-10-03T11:34:02.402630+00:00
515874,Q16224496,Q6581072,Amy Jones,एमी जोन्स,,found,https://www.wikidata.org/wiki/Q16224496,2026-10-03T11:34:02.402630+00:00
515905,Q16225429,Q6581072,Nat Sciver-Brunt,नताली स्किवेर,,found,https://www.wikidata.org/wiki/Q16225429,2026-10-03T11:34:02.402630+00:00
517572,Q16225849,Q6581072,Lauren Winfield,लॉरेन विनफील्ड,,found,https://www.wikidata.org/wiki/Q16225849,2026-10-03T11:34:02.402630+00:00
517577,Q58495598,Q6581072,Linsey Smith,,,found,https://www.wikidata.org/wiki/Q58495598,2026-10-03T11:34:02.402630+00:00
51862,Q4754780,Q6581097,Andre Fletcher,आंद्रे फ्लेचर,,found,https://www.wikidata.org/wiki/Q4754780,2026-10-03T11:34:02.402630+00:00
51880,Q2732196,Q6581097,,क्रिस गेल,கிறிஸ் கெயில்,found,https://www.wikidata.org/wiki/Q2732196,2026-10-03T11:34:02.404741+00:00
519070,Q18921701,Q6581097,Gerhard Erasmus,गेरहार्ड इरास्मस,,found,https://www.wikidata.org/wiki/Q18921701,2026-10-03T11:34:02.404741+00:00
522740,,,,,,missing,https://query.wikidata.org/sparql,2026-10-03T11:34:02.404741+00:00
52337,Q202877,Q6581097,Brian Lara,ब्रायन लारा,பிறயன் லாறா,found,https://www.wikidata.org/wiki/Q202877,2026-10-03T11:34:02.404741+00:00
524075,Q23799563,Q6581097,Tangeni Lungameni,तांगेनी लुंगामेनी,,found,https://www.wikidata.org/wiki/Q23799563,2026-10-03T11:34:02.404741+00:00
524253,Q18638137,Q6581097,Norman Vanua,नॉर्मन वनुआ,,found,https://www.wikidata.org/wiki/Q18638137,2026-10-03T11:34:02.404741+00:00
526441,Q21620663,Q6581097,Mark Adair,मार्क अडैर,,found,https://www.wikidata.org/wiki/Q21620663,2026-10-03T11:34:02.404741+00:00
526987,Q28755625,Q6581072,Priyanaz Chatterji,प्रियानाज़ चटर्जी,,found,https://www.wikidata.org/wiki/Q28755625,2026-10-03T11:34:02.404741+00:00
52912,Q3531214,Q6581097,Ravi Rampaul,रवि रामपॉल,ரவி ராம்பால்,found,https://www.wikidata.org/wiki/Q3531214,2026-10-03T11:34:02.404741+00:00
52917,Q5256898,Q6581097,Denesh Ramdin,दिनेश रामदीन,தினேசு ராம்தின்,found,https://www.wikidata.org/wiki/Q5256898,2026-10-03T11:34:02.404741+00:00
52969,Q3522156,Q6581097,Ramnaresh Sarwan,रामनरेश सरवन,ராம்நரேஷ் சர்வான்,found,https://www.wikidata.org/wiki/Q3522156,2026-10-03T11:34:02.404741+00:00
52983,Q3351437,Q6581097,Marlon Samuels,मार्लोन सैम्युल्स,மார்லன் சாமுவேல்சு,found,https://www.wikidata.org/wiki/Q3351437,2026-10-03T11:34:02.404741+00:00
530011,Q7836266,Q6581097,Travis Head,ट्रेविस हेड,திராவிசு கெட்,found,https://www.wikidata.org/wiki/Q7836266,2026-10-03T11:34:02.405334+00:00
530812,Q22005214,Q6581097,Akeal Hosein,अकील होसिन,,found,https://www.wikidata.org/wiki/Q22005214,2026-10-03T11:34:02.405334+00:00
53115,Q117743,Q6581097,Darren Sammy,डैरेन सेमी,டாரென் சமி,found,https://www.wikidata.org/wiki/Q117743,2026-10-03T11:34:02.405334+00:00
53116,Q13120876,Q6581097,Lendl Simmons,लेंडल सिमंस,,found,https://www.wikidata.org/wiki/Q13120876,2026-10-03T11:34:02.405334+00:00
53118,Q5318032,Q6581097,Dwayne Smith,ड्वेन स्मिथ,டுவைன் சுமித்,found,https://www.wikidata.org/wiki/Q5318032,2026-10-03T11:34:02.405334+00:00
531312,Q52315563,Q6581097,Simon Ssesazi,साइमन सेसाज़ी,,found,https://www.wikidata.org/wiki/Q52315563,2026-10-03T11:34:02.405334+00:00
53191,Q6182931,Q6581097,Jerome Taylor,जेरोम टेलर,ஜெரோம் டெய்லர்,found,https://www.wikidata.org/wiki/Q6182931,2026-10-03T11:34:02.405334+00:00
5334,Q4662015,Q6581097,Aaron Finch,आरोन फिंच,ஆரன் பிஞ்ச்,found,https://www.wikidata.org/wiki/Q4662015,2026-10-03T11:34:02.405334+00:00
53413,Q3195953,Q6581072,Belinda Clark,बेलिंडा क्लार्क,பெலிண்டா கிளார்க்,found,https://www.wikidata.org/wiki/Q3195953,2026-10-03T11:43:10.242849+00:00
535868,Q15731333,Q6581072,Sharmin Akhter,शर्मिन अख्तर,,found,https://www.wikidata.org/wiki/Q15731333,2026-10-03T11:34:02.405334+00:00
535869,Q15731309,Q6581072,Sanjida Islam,,,found,https://www.wikidata.org/wiki/Q15731309,2026-10-03T11:34:02.405334+00:00
535870,Q16225609,Q6581072,Shamima Sultana,शमीमा सुल्ताना,,found,https://www.wikidata.org/wiki/Q16225609,2026-10-03T11:34:02.405334+00:00
535871,Q15731323,Q6581072,Khadija Tul Kubra,,,found,https://www.wikidata.org/wiki/Q15731323,2026-10-03T11:34:02.405334+00:00
53677,Q3526026,Q6581072,Alex Blackwell,एलेक्स ब्लैकवेल,அலெக்ஸ் பிளாக்வெல்,found,https://www.wikidata.org/wiki/Q3526026,2026-10-03T11:34:02.405334+00:00
536936,Q6653212,Q6581097,Litton Das,लिटन दास,லிதன் தாஸ்,found,https://www.wikidata.org/wiki/Q6653212,2026-10-03T11:34:02.405334+00:00
53696,Q3526063,Q6581072,Charlotte Edwards,चार्लोट एडवर्ड्स,சார்லட் எட்வர்ட்சு,found,https://www.wikidata.org/wiki/Q3526063,2026-10-03T11:34:02.405334+00:00
53709,Q3525941,Q6581072,Lydia Greenway,,லிடியா கிரீன்வே,found,https://www.wikidata.org/wiki/Q3525941,2026-10-03T11:34:02.405334+00:00
53800,Q3526579,Q6581072,Jenny Gunn,,ஜென்னி கன்,found,https://www.wikidata.org/wiki/Q3526579,2026-10-03T11:34:02.405334+00:00
53820,Q4795832,Q6581072,Arran Brindle,,அர்ரன் பிரிண்டில்,found,https://www.wikidata.org/wiki/Q4795832,2026-10-03T11:34:02.405334+00:00
538506,Q7687369,Q6581097,Taskin Ahmed,तस्कीन अहमद,தஸ்கின் அகமது,found,https://www.wikidata.org/wiki/Q7687369,2026-10-03T11:34:02.405334+00:00
538591,Q28755594,Q6581072,Modester Mupachikwa,मोडस्टर मुपचिकवा,,found,https://www.wikidata.org/wiki/Q28755594,2026-10-03T11:34:02.405334+00:00
538592,Q108801774,Q6581072,Audrey Mazvishaya,ऑड्रे मज़्विशाया,,found,https://www.wikidata.org/wiki/Q108801774,2026-10-03T11:34:02.405334+00:00
538593,Q28755581,Q6581072,Loren Tshuma,लोरेन शुमा,,found,https://www.wikidata.org/wiki/Q28755581,2026-10-03T11:34:02.405334+00:00
5390,Q349516,Q6581097,Adam Gilchrist,एडम गिलक्रिस्ट,அடம் கில்கிறிஸ்ற்,found,https://www.wikidata.org/wiki/Q349516,2026-10-03T11:34:02.405334+00:00
53906,Q3526807,Q6581072,Katherine Brunt,कैथरीन ब्रंट,கேத்தரின் பிரண்ட்,found,https://www.wikidata.org/wiki/Q3526807,2026-10-03T11:34:02.405334+00:00
539304,Q15966602,Q6581097,Babar Hayat,बाबर हयात,,found,https://www.wikidata.org/wiki/Q15966602,2026-10-03T11:34:02.405334+00:00
53932,Q3526852,Q6581072,Jhulan Goswami,झूलन गोस्वामी,ஜுலான் கோஸ்வாமி,found,https://www.wikidata.org/wiki/Q3526852,2026-10-03T11:34:02.405334+00:00
539511,Q21622201,Q6581097,Henry Nicholls,हेनरी निकोल्स,,found,https://www.wikidata.org/wiki/Q21622201,2026-10-03T11:34:02.405334+00:00
540316,Q20745176,Q6581097,Andile Phehlukwayo,एंडिले फेहलुकवेओ,,found,https://www.wikidata.org/wiki/Q20745176,2026-10-03T11:34:02.405334+00:00
540354,Q47083855,Q6581072,Mai Yanagida,,,found,https://www.wikidata.org/wiki/Q47083855,2026-10-03T11:34:02.405334+00:00
541224,Q17541343,Q6581097,Luke Jongwe,ल्यूक जोंगवे,,found,https://www.wikidata.org/wiki/Q17541343,2026-10-03T11:34:02.405334+00:00
541991,Q18922826,Q6581097,Jean-Pierre Kotze,जीन-पियरे कोटेज़,,found,https://www.wikidata.org/wiki/Q18922826,2026-10-03T11:34:02.405334+00:00
542023,Q24579247,Q6581097,Lungi Ngidi,लुंगी एंगीडी,லுங்கி எங்கிடி,found,https://www.wikidata.org/wiki/Q24579247,2026-10-03T11:34:02.405334+00:00
54273,Q3520476,Q6581072,Mithali Raj,मिथाली राज,மிதாலி ராஜ்,found,https://www.wikidata.org/wiki/Q3520476,2026-10-03T11:34:02.405334+00:00
54298,Q5247936,Q6581072,Deborah Ann Hockley,,,found,https://www.wikidata.org/wiki/Q5247936,2026-10-03T11:43:10.242849+00:00
543466,Q50326604,Q6581072,Lauren Down,लॉरेन डाउन,,found,https://www.wikidata.org/wiki/Q50326604,2026-10-03T11:34:02.405334+00:00
543550,Q21622607,Q6581072,Hannah Rowe,हन्ना रोवे,,found,https://www.wikidata.org/wiki/Q21622607,2026-10-03T11:34:02.405334+00:00
54537,Q260485,Q6581072,Katey Martin,केटी मार्टिन,,found,https://www.wikidata.org/wiki/Q260485,2026-10-03T11:34:02.405334+00:00
54565,Q5010566,Q6581072,Suzie Bates,सूजी बेट्स,,found,https://www.wikidata.org/wiki/Q5010566,2026-10-03T11:34:02.405334+00:00
546085,Q66773530,Q6581072,Irene van Zyl,इरेन वैन ज़ाइल,,found,https://www.wikidata.org/wiki/Q66773530,2026-10-03T11:34:02.405334+00:00
546086,Q9348147,Q6581072,Sune Wittmann,सुने विटमैन,,found,https://www.wikidata.org/wiki/Q9348147,2026-10-03T11:34:02.405334+00:00
54646,Q3526874,Q6581072,Mignon du Preez,मिग्नोन डु प्रीज़,மிக்னான் டு பிரீஸ்,found,https://www.wikidata.org/wiki/Q3526874,2026-10-03T11:34:02.405334+00:00
54750,Q16223201,Q6581072,Eshani Kaushalya,,இசானி கௌசல்யா,found,https://www.wikidata.org/wiki/Q16223201,2026-10-03T11:34:02.405334+00:00
547749,Q8003218,Q6581097,Will Young,विल यंग,,found,https://www.wikidata.org/wiki/Q8003218,2026-10-03T11:34:02.405334+00:00
54776,Q5069452,Q6581072,Chamani Seneviratne,चमानी सेनेविरत्ने,ஷாமனி செனவிரத்ன,found,https://www.wikidata.org/wiki/Q5069452,2026-10-03T11:34:02.405334+00:00
547766,Q16228140,Q6581097,Jacob Duffy,जैकब डफी,,found,https://www.wikidata.org/wiki/Q16228140,2026-10-03T11:34:02.405334+00:00
54836,Q7586472,Q6581072,Sripali Weerakkody,,,found,https://www.wikidata.org/wiki/Q7586472,2026-10-03T11:34:02.405334+00:00
54842,Q16466582,Q6581072,Deepika Rasangika,,தீபிகா ரசங்கிக,found,https://www.wikidata.org/wiki/Q16466582,2026-10-03T11:34:02.405334+00:00
54850,Q7490573,Q6581072,Shashikala Siriwardene,शशिकला सिरीवर्डीन,சசிகலா சிரிவர்தன,found,https://www.wikidata.org/wiki/Q7490573,2026-10-03T11:34:02.405334+00:00
54875,Q12978229,Q6581072,Cecelia Joyce,,சிசிலியா ஜாய்ஸ்,found,https://www.wikidata.org/wiki/Q12978229,2026-10-03T11:34:02.405334+00:00
54877,Q10974101,Q6581072,Isobel Joyce,,இசோபெல் ஜாய்ஸ்,found,https://www.wikidata.org/wiki/Q10974101,2026-10-03T11:34:02.405334+00:00
54903,Q16221585,Q6581072,Clare Shillington,,,found,https://www.wikidata.org/wiki/Q16221585,2026-10-03T11:34:02.405334+00:00
54945,Q16225323,Q6581072,Eimear Richardson,एमियर रिचर्डसन,,found,https://www.wikidata.org/wiki/Q16225323,2026-10-03T11:34:02.405334+00:00
55003,Q12980620,Q6581072,Sajjida Shah,,சஜீதா ஷா,found,https://www.wikidata.org/wiki/Q12980620,2026-10-03T11:34:02.405334+00:00
550133,Q19668597,Q6581097,Mosaddek Hossain Saikat,मोसाद्देक हुसैन सैकट,மொசதக் உசைன் சைகத்,found,https://www.wikidata.org/wiki/Q19668597,2026-10-03T11:34:02.405334+00:00
550215,Q16225238,Q6581097,Kagiso Rabada,कगिसो रबाडा,காகிசோ ரபாடா,found,https://www.wikidata.org/wiki/Q16225238,2026-10-03T11:34:02.405334+00:00
55187,Q4765292,Q6581072,Anisa Mohammed,अनिसा मोहम्मद,,found,https://www.wikidata.org/wiki/Q4765292,2026-10-03T11:34:02.405334+00:00
552152,Q18921524,Q6581097,Dushmantha Chameera,दुशमंथ चमीरा,துஷ்மந்த சமீரா,found,https://www.wikidata.org/wiki/Q18921524,2026-10-03T11:34:02.405334+00:00
55343,Q3531305,Q6581097,Elton Chigumbura,एल्टन चिगुंबुरा,எல்டன் சிகும்புரா,found,https://www.wikidata.org/wiki/Q3531305,2026-10-03T11:34:02.405334+00:00
55346,Q5592242,Q6581097,Graeme Cremer,ग्रीम क्रेमर,,found,https://www.wikidata.org/wiki/Q5592242,2026-10-03T11:34:02.405334+00:00
55354,Q3525078,Q6581097,Chamu Chibhabha,चमु चिभाभा,சாமு சிபாபா,found,https://www.wikidata.org/wiki/Q3525078,2026-10-03T11:34:02.405334+00:00
553821,Q21062639,Q6581097,JJ Smit,जे जे स्मित,,found,https://www.wikidata.org/wiki/Q21062639,2026-10-03T11:34:02.405334+00:00
55395,Q5145709,Q6581097,Colin de Grandhomme,कोलिन डी ग्रैंडहोम,கொலின் டி கிரான்ஹோம்,found,https://www.wikidata.org/wiki/Q5145709,2026-10-03T11:34:02.405334+00:00
55412,Q16209446,Q6581097,Craig Ervine,क्रेग इरविन,,found,https://www.wikidata.org/wiki/Q16209446,2026-10-03T11:34:02.405334+00:00
554691,Q16225109,Q6581097,Axar Patel,अक्षर पटेल,அக்சார் பட்டேல்,found,https://www.wikidata.org/wiki/Q16225109,2026-10-03T11:34:02.405334+00:00
5560,Q2923403,Q6581097,Brad Haddin,ब्रेड हैडिन,பிராட் ஹாடின்,found,https://www.wikidata.org/wiki/Q2923403,2026-10-03T11:34:02.405334+00:00
55608,Q3525035,Q6581097,Hamilton Masakadza,हैमिल्टन मसाकाद्ज़ा,ஹாமில்ட்டன் மெசகெட்ஸா,found,https://www.wikidata.org/wiki/Q3525035,2026-10-03T11:34:02.405334+00:00
55612,Q3524592,Q6581097,Stuart Matsikenyeri,,ஸ்டுவர்ட் மட்சிகன்யெரி,found,https://www.wikidata.org/wiki/Q3524592,2026-10-03T11:34:02.405334+00:00
55633,Q5112913,Q6581097,Christopher Mpofu,क्रिस्टोफर मपोफु,,found,https://www.wikidata.org/wiki/Q5112913,2026-10-03T11:34:02.405334+00:00
556537,Q24005719,Q6581072,Sneh Rana,स्नेह राणा,சினே ராணா,found,https://www.wikidata.org/wiki/Q24005719,2026-10-03T11:34:02.405334+00:00
55698,Q7297987,Q6581097,Ray Price,,,found,https://www.wikidata.org/wiki/Q7297987,2026-10-03T11:34:13.105074+00:00
557731,Q27049123,Q6581072,Achini Kulasuriya,अचिनी कुलसुरिया,,found,https://www.wikidata.org/wiki/Q27049123,2026-10-03T11:34:13.105074+00:00
557764,Q16232558,Q6581072,Nilakshi de Silva,निलाक्षी डी सिल्वा,நிலாக்சி டி சில்வா,found,https://www.wikidata.org/wiki/Q16232558,2026-10-03T11:34:13.105074+00:00
557839,Q27049118,Q6581072,Harshitha Madavi,हर्षिता मदवि,அர்சிதா சமரவிக்கிரம,found,https://www.wikidata.org/wiki/Q27049118,2026-10-03T11:34:13.105074+00:00
55787,Q3524895,Q6581097,Vusi Sibanda,वूसी सिबांडा,வுசி சிபாண்டா,found,https://www.wikidata.org/wiki/Q3524895,2026-10-03T11:34:13.105074+00:00
55805,Q3529883,Q6581097,Tatenda Taibu,,டாடென்டா தையிபு,found,https://www.wikidata.org/wiki/Q3529883,2026-10-03T11:34:13.105074+00:00
55814,Q620283,Q6581097,Brendan Taylor,ब्रेंडन टेलर,பிரென்டன் டைய்லர்,found,https://www.wikidata.org/wiki/Q620283,2026-10-03T11:34:13.105074+00:00
55820,Q3521760,Q6581097,Prosper Utseya,,பிராஸ்பர் உட்சேயா,found,https://www.wikidata.org/wiki/Q3521760,2026-10-03T11:34:13.105074+00:00
55870,Q3531227,Q6581097,Sean Williams,शॉन विलियम्स,சேன் வில்லியம்,found,https://www.wikidata.org/wiki/Q3531227,2026-10-03T11:34:13.105074+00:00
55872,Q6742695,Q6581097,Malcolm Waller,,மால்கம் வாலர்,found,https://www.wikidata.org/wiki/Q6742695,2026-10-03T11:34:13.105074+00:00
559066,Q16225579,Q6581097,Ish Sodhi,ईश सोढ़ी,இந்தர்பிர் சோதி,found,https://www.wikidata.org/wiki/Q16225579,2026-10-03T11:34:13.105074+00:00
559235,Q16225904,Q6581097,Kuldeep Yadav,कुलदीप यादव,குல்தீப் யாதவ்,found,https://www.wikidata.org/wiki/Q16225904,2026-10-03T11:34:13.105074+00:00
55988,Q3345586,Q6581097,Mohammad Ashraful,मोहम्मद अशरफुल,மொகமது அஷ்ரஃபுல்,found,https://www.wikidata.org/wiki/Q3345586,2026-10-03T11:34:13.105074+00:00
56007,Q3350076,Q6581097,Mashrafe Bin Mortaza,मशरफे मुर्तज़ा,முசாரப் முர்தசா,found,https://www.wikidata.org/wiki/Q3350076,2026-10-03T11:34:13.105074+00:00
56025,Q1187662,Q6581097,Mahmudullah,महमूदुल्लाह,மகுமுதுல்லா ரியாத்,found,https://www.wikidata.org/wiki/Q1187662,2026-10-03T11:34:13.105074+00:00
56029,Q3348174,Q6581097,Mushfiqur Rahim,मुशफिकुर रहीम,முஷ்பிகுர் ரகீம்,found,https://www.wikidata.org/wiki/Q3348174,2026-10-03T11:34:13.105074+00:00
56143,Q266104,Q6581097,Shakib Al Hasan,शाकिब अल हसन,சகீப் அல் அசன்,found,https://www.wikidata.org/wiki/Q266104,2026-10-03T11:34:13.105074+00:00
5616,Q981493,Q6581097,Matthew Hayden,मैथ्यू हेडन,மாத்தியூ எய்டன்,found,https://www.wikidata.org/wiki/Q981493,2026-10-03T11:34:13.105074+00:00
56194,Q3345580,Q6581097,Tamim Iqbal,तमिम इक़बाल,தமீம் இக்பால்,found,https://www.wikidata.org/wiki/Q3345580,2026-10-03T11:34:13.105074+00:00
56283,Q3348179,Q6581097,Abdur Razzak,,அப்துர் ரசாக்,found,https://www.wikidata.org/wiki/Q3348179,2026-10-03T11:34:13.105074+00:00
5681,Q2735524,Q6581097,Brad Hogg,ब्रेड हॉग,,found,https://www.wikidata.org/wiki/Q2735524,2026-10-03T11:34:13.105074+00:00
568276,Q21063305,Q6581097,Imam-ul-Haq,इमाम-उल-हक़,இமாம்-உல்-ஹக்,found,https://www.wikidata.org/wiki/Q21063305,2026-10-03T11:34:13.105074+00:00
5702,Q2738944,Q6581097,James Hopes,जेम्स हॉप्स,,found,https://www.wikidata.org/wiki/Q2738944,2026-10-03T11:34:13.105074+00:00
571703,Q18637703,Q6581097,Wellington Masakadza,वेलिंगटन मसाकाद्ज़ा,,found,https://www.wikidata.org/wiki/Q18637703,2026-10-03T11:34:13.105074+00:00
572633,Q18210992,Q6581072,Iram Javed,इरम जावेद,,found,https://www.wikidata.org/wiki/Q18210992,2026-10-03T11:34:13.105074+00:00
572638,Q5271091,Q6581072,Diana Baig,डायना बेग,,found,https://www.wikidata.org/wiki/Q5271091,2026-10-03T11:34:13.105074+00:00
572645,Q18211319,Q6581072,Aliya Riaz,आलिया रियाज,ஆலியா ரியாசு,found,https://www.wikidata.org/wiki/Q18211319,2026-10-03T11:34:13.105074+00:00
574178,Q2829042,Q6581097,Akila Dananjaya,अकिला धनंजय,அகிலா தனஞ்செய,found,https://www.wikidata.org/wiki/Q2829042,2026-10-03T11:34:13.105074+00:00
574287,Q21063290,Q6581097,Chad Soper,चाड सोपर,,found,https://www.wikidata.org/wiki/Q21063290,2026-10-03T11:34:13.105074+00:00
5766,Q672856,Q6581097,David Hussey,डेविड हसी,டேவிட் ஹசி,found,https://www.wikidata.org/wiki/Q672856,2026-10-03T11:34:13.105074+00:00
577359,Q28777195,Q6581072,Heather Siegers,हीदर सीजर्स,,found,https://www.wikidata.org/wiki/Q28777195,2026-10-03T11:34:13.105074+00:00
578451,Q4777767,Q6581072,Anuja Patil,अनुजा पाटिल,அனுஜா பாட்டீல்,found,https://www.wikidata.org/wiki/Q4777767,2026-10-03T11:34:13.105074+00:00
581379,Q19787242,Q6581097,Shai Hope,शाई होप,,found,https://www.wikidata.org/wiki/Q19787242,2026-10-03T11:34:13.105074+00:00
585083,Q20744521,Q6581097,Zeeshan Maqsood,जीशान मकसूद,,found,https://www.wikidata.org/wiki/Q20744521,2026-10-03T11:34:13.105074+00:00
587145,Q28755523,Q6581072,Chanida Sutthiruang,चनिदा सुथिरुंग,,found,https://www.wikidata.org/wiki/Q28755523,2026-10-03T11:34:13.105074+00:00
587146,Q28755656,Q6581072,Suleeporn Laomi,सुलेपॉर्न लाओमी,,found,https://www.wikidata.org/wiki/Q28755656,2026-10-03T11:34:13.105074+00:00
587497,,,,,,missing,https://query.wikidata.org/sparql,2026-10-03T11:34:13.105074+00:00
587501,Q28859846,Q6581072,Emma Lai,एम्मा लाइ,,found,https://www.wikidata.org/wiki/Q28859846,2026-10-03T11:34:13.105074+00:00
587502,Q109027430,Q6581072,Kary Chan,कारी चान,,found,https://www.wikidata.org/wiki/Q109027430,2026-10-03T11:34:13.105074+00:00
592593,Q112256714,Q6581072,Arlene Kelly,,,found,https://www.wikidata.org/wiki/Q112256714,2026-10-03T11:34:13.105074+00:00
593296,,,,,,missing,https://query.wikidata.org/sparql,2026-10-03T11:34:13.105074+00:00
5939,Q174147,Q6581097,Michael Hussey,माइकल हसी,மைக்கேல் ஹசி,found,https://www.wikidata.org/wiki/Q174147,2026-10-03T11:34:13.105074+00:00
593936,Q28092401,Q6581072,Lara Goodall,लारा गुडॉल,,found,https://www.wikidata.org/wiki/Q28092401,2026-10-03T11:34:13.105074+00:00
594654,Q105627790,Q6581072,Brooke Halliday,ब्रुक हॉलिडे,,found,https://www.wikidata.org/wiki/Q105627790,2026-10-03T11:34:13.105074+00:00
595921,Q87255031,Q6581097,Curtis Campher,कर्टिस केम्फ,,found,https://www.wikidata.org/wiki/Q87255031,2026-10-03T11:34:13.105074+00:00
596664,Q19957947,Q6581097,Zane Green,ज़ेन ग्रीन,,found,https://www.wikidata.org/wiki/Q19957947,2026-10-03T11:34:13.105074+00:00
597806,Q16224802,Q6581072,Smriti Mandhana,स्मृति मंधाना,ஸ்மிருதி மந்தனா,found,https://www.wikidata.org/wiki/Q16224802,2026-10-03T11:34:13.105074+00:00
597811,Q21622838,Q6581072,Deepti Sharma,दीप्ति शर्मा,தீப்தி சர்மா,found,https://www.wikidata.org/wiki/Q21622838,2026-10-03T11:34:13.105074+00:00
597821,Q21064094,Q6581072,Sushma Verma,सुषमा वर्मा,சுஷ்மா வர்மா,found,https://www.wikidata.org/wiki/Q21064094,2026-10-03T11:34:13.105074+00:00
600498,Q16236328,Q6581097,Aiden Markram,एडेन मार्कराम,எய்டென் மார்க்ரம்,found,https://www.wikidata.org/wiki/Q16236328,2026-10-03T11:34:13.105074+00:00
600731,Q3516524,Q6581072,Tazmin Brits,ताज़मिन ब्रिट्स,,found,https://www.wikidata.org/wiki/Q3516524,2026-10-03T11:34:13.105074+00:00
6033,Q3180617,Q6581097,Mitchell Johnson,मिशेल जॉनसन,மிச்செல் ஜோன்சன்,found,https://www.wikidata.org/wiki/Q3180617,2026-10-03T11:34:13.105074+00:00
604302,Q17484247,Q6581097,Nicolas Pooran,निकोलस पूरन,நிக்கோலஸ் பூரன்,found,https://www.wikidata.org/wiki/Q17484247,2026-10-03T11:34:13.105074+00:00
623977,Q21622685,Q6581097,Salman Ali Agha,आगा सलमान,சல்மான் அலி ஆகா,found,https://www.wikidata.org/wiki/Q21622685,2026-10-03T11:34:13.105074+00:00
625371,Q19895060,Q6581097,Hardik Pandya,हार्दिक पाण्डया,ஹர்திக் பாண்ட்யா,found,https://www.wikidata.org/wiki/Q19895060,2026-10-03T11:34:13.105074+00:00
625383,Q16227998,Q6581097,Jasprit Bumrah,जसप्रीत बुमराह,ஜஸ்பிரித் பும்ரா,found,https://www.wikidata.org/wiki/Q16227998,2026-10-03T11:34:13.105074+00:00
625964,Q20745291,Q6581097,Tim Seifert,टिम सेफर्ट,,found,https://www.wikidata.org/wiki/Q20745291,2026-10-03T11:34:13.105074+00:00
627048,Q16224580,Q6581072,Fahima Khatun,फहीमा खातून,,found,https://www.wikidata.org/wiki/Q16224580,2026-10-03T11:34:13.105074+00:00
6278,Q422980,Q6581097,Brett Lee,ब्रेट ली,பிறெட் லீ,found,https://www.wikidata.org/wiki/Q422980,2026-10-03T11:34:13.105074+00:00
629058,Q20745307,Q6581097,Najmul Hossain Shanto,नजमुल हुसैन शान्तो,நஸ்முல் உசைன் சாந்தோ,found,https://www.wikidata.org/wiki/Q20745307,2026-10-03T11:34:13.105074+00:00
629063,Q20676918,Q6581097,Mehedi Hasan,मेहदी हसन,மெஹதி ஹசன்,found,https://www.wikidata.org/wiki/Q20676918,2026-10-03T11:34:13.105074+00:00
629070,Q20676739,Q6581097,Mohammad Saifuddin,मोहम्मद सैफूद्दीन,முகமது சைபுதீன்,found,https://www.wikidata.org/wiki/Q20676739,2026-10-03T11:34:13.105074+00:00
629074,Q20745045,Q6581097,Kusal Mendis,कुसल मेंडिस,குசல் மெண்டிசு,found,https://www.wikidata.org/wiki/Q20745045,2026-10-03T11:34:13.105074+00:00
630972,Q7228702,Q6581072,Poonam Yadav,पूनम यादव,பூனம் யாதவ்,found,https://www.wikidata.org/wiki/Q7228702,2026-10-03T11:34:13.105074+00:00
631609,Q27049122,Q6581072,Sugandika Kumari,सुगंधिका कुमारी,,found,https://www.wikidata.org/wiki/Q27049122,2026-10-03T11:34:13.105074+00:00
631722,Q27049126,Q6581072,Hansima Karunaratne,,,found,https://www.wikidata.org/wiki/Q27049126,2026-10-03T11:34:13.105074+00:00
633638,Q65768393,Q6581097,Sharvin Muniandy,शार्विन मुनियन,,found,https://www.wikidata.org/wiki/Q65768393,2026-10-03T11:34:13.105074+00:00
633641,Q18387202,Q6581097,Pavandeep Singh,पवनदीप सिंह,பாவந்தீப் சிங்,found,https://www.wikidata.org/wiki/Q18387202,2026-10-03T11:34:13.105074+00:00
633660,Q30021342,Q6581097,Virandeep Singh,वीरदीप सिंह,,found,https://www.wikidata.org/wiki/Q30021342,2026-10-03T11:34:13.105074+00:00
637526,Q56630793,Q6581097,Isaac Okpe,इसहाक ओकेपे,,found,https://www.wikidata.org/wiki/Q56630793,2026-10-03T11:34:13.105074+00:00
638256,Q28755565,Q6581072,Josephine Nkomo,जोसफिन नकोमो,,found,https://www.wikidata.org/wiki/Q28755565,2026-10-03T11:34:13.105074+00:00
642519,Q18705305,Q6581097,Shreyas Iyer,श्रेयस अय्यर,சிரேயாஸ் ஐயர்,found,https://www.wikidata.org/wiki/Q18705305,2026-10-03T11:34:13.105074+00:00
643197,Q20745123,Q6581097,Max O'Dowd,मैक्स ओ'डॉ,,found,https://www.wikidata.org/wiki/Q20745123,2026-10-03T11:34:13.105074+00:00
646173,Q43520095,Q6581097,Kiplin Doriga,किप्लिन डोरिगा,,found,https://www.wikidata.org/wiki/Q43520095,2026-10-03T11:34:13.105074+00:00
6513,Q5212475,Q6581097,Damien Martyn,,டேமியன் மார்ட்டின்,found,https://www.wikidata.org/wiki/Q5212475,2026-10-03T11:34:13.105074+00:00
652945,Q61767048,Q6581072,Freya Davies,फ्रेया डेविस,,found,https://www.wikidata.org/wiki/Q61767048,2026-10-03T11:34:13.105074+00:00
6565,Q1392178,Q6581097,Glenn McGrath,ग्लेन मैकग्रा,கிளென் மெக்ரா,found,https://www.wikidata.org/wiki/Q1392178,2026-10-03T11:34:13.105074+00:00
659081,Q20877355,Q6581097,Mark Watt,मार्क वाट,,found,https://www.wikidata.org/wiki/Q20877355,2026-10-03T11:34:13.105074+00:00
661441,Q73157241,Q6581072,Aaliyah Alleyne,आलिया एलेने,,found,https://www.wikidata.org/wiki/Q73157241,2026-10-03T11:34:13.105074+00:00
662235,Q21621530,Q6581097,Josh Inglis,जोश इंगलिस,யோசு இங்கிலிசு,found,https://www.wikidata.org/wiki/Q21621530,2026-10-03T11:34:13.105074+00:00
662973,Q20676350,Q6581097,Sam Curran,सैम कर्रन,சாம் கர்ரன்,found,https://www.wikidata.org/wiki/Q20676350,2026-10-03T11:34:13.105074+00:00
6683,Q3242942,Q6581097,Shaun Marsh,शान मार्श,சோன் மார்சு,found,https://www.wikidata.org/wiki/Q3242942,2026-10-03T11:34:13.105074+00:00
669365,Q21030613,Q6581097,Philip Salt,फिल साल्ट (क्रिकेटर),பில் சோல்ட்,found,https://www.wikidata.org/wiki/Q21030613,2026-10-03T11:34:13.105074+00:00
669855,Q25714029,Q6581097,Jofra Archer,जोफ्रा आर्चर,ஜோப்ரா ஆர்ச்சர்,found,https://www.wikidata.org/wiki/Q25714029,2026-10-03T11:34:13.105074+00:00
670025,Q20631208,Q6581097,Shimron Hetmyer,सिमरन हेटमायर,சிம்ரோன் ஹெட்மையர்,found,https://www.wikidata.org/wiki/Q20631208,2026-10-03T11:34:13.105074+00:00
670031,Q22005697,Q6581097,Alzarri Joseph,अलज़ारी जोसेफ,,found,https://www.wikidata.org/wiki/Q22005697,2026-10-03T11:34:13.105074+00:00
670035,Q20744916,Q6581097,Brandon King,ब्रैंडन किंग,,found,https://www.wikidata.org/wiki/Q20744916,2026-10-03T11:34:13.105074+00:00
670045,Q21622127,Q6581097,Gudakesh Motie,गुडाकेश मोती,,found,https://www.wikidata.org/wiki/Q21622127,2026-10-03T11:34:13.105074+00:00
671805,Q20707524,Q6581097,George Munsey,जॉर्ज मुन्से,,found,https://www.wikidata.org/wiki/Q20707524,2026-10-03T11:34:13.105074+00:00
677077,Q23761769,Q6581097,Romario Shepherd,रोमारियो शेफर्ड,,found,https://www.wikidata.org/wiki/Q23761769,2026-10-03T11:34:13.105074+00:00
681117,Q21620774,Q6581097,Fahim Ashraf,फहीम अशरफ,பகீம் அஷ்ரப்,found,https://www.wikidata.org/wiki/Q21620774,2026-10-03T11:34:13.105074+00:00
681305,Q21620719,Q6581097,Hasan Ali,हसन अली,ஹசன் அலி,found,https://www.wikidata.org/wiki/Q21620719,2026-10-03T11:34:13.105074+00:00
698317,Q43008042,Q6581097,Ruben Trumpelmann,रूबेन ट्रम्पेलमैन,,found,https://www.wikidata.org/wiki/Q43008042,2026-10-03T11:34:13.105074+00:00
701215,Q16224519,Q6581097,Sompal Kami,सोमपाल कामी,,found,https://www.wikidata.org/wiki/Q16224519,2026-10-03T11:34:13.105074+00:00
701217,Q17388748,Q6581097,Aarif Sheikh,आरिफ शेख,,found,https://www.wikidata.org/wiki/Q17388748,2026-10-03T11:34:13.105074+00:00
701751,Q61556091,Q6581072,Rosemary Mair,रोजमैरी मेयर,,found,https://www.wikidata.org/wiki/Q61556091,2026-10-03T11:34:13.105074+00:00
709635,Q21621348,Q6581072,Rajeshwari Gayakwad,राजेश्वरी गायकवाड़,ராஜேஸ்வரி கயாகுவாத்,found,https://www.wikidata.org/wiki/Q21621348,2026-10-03T11:34:13.105074+00:00
7133,Q472649,Q6581097,Ricky Ponting,रिकी पोंटिंग,ரிக்கி பாண்டிங்,found,https://www.wikidata.org/wiki/Q472649,2026-10-03T11:34:13.105074+00:00
714451,Q28561470,Q6581097,Shivam Dube,शिवम दुबे,சிவம் துபே,found,https://www.wikidata.org/wiki/Q28561470,2026-10-03T11:34:13.105074+00:00
719715,Q24572606,Q6581097,Washington Sundar,वाशिंगटन सुंदर,வாசிங்டன் சுந்தர்,found,https://www.wikidata.org/wiki/Q24572606,2026-10-03T11:34:13.105074+00:00
720471,Q21621705,Q6581097,Ishan Kishan,इशान किशन,இசான் கிசான்,found,https://www.wikidata.org/wiki/Q21621705,2026-10-03T11:34:13.105074+00:00
725879,Q18162025,Q6581072,Anam Amin,अनम अमीन,,found,https://www.wikidata.org/wiki/Q18162025,2026-10-03T11:34:13.105074+00:00
731523,Q55584118,Q6581097,Dinesh Nakrani,दिनेश नाकरानी,,found,https://www.wikidata.org/wiki/Q55584118,2026-10-03T11:34:13.105074+00:00
746839,Q65030710,Q6581072,Christina Gough,क्रिस्टीना गफ,கிறிஸ்டினா கோஃப்,found,https://www.wikidata.org/wiki/Q65030710,2026-10-03T11:34:13.105074+00:00
7502,Q6702323,Q6581097,Luke Ronchi,ल्यूक रोंची,,found,https://www.wikidata.org/wiki/Q6702323,2026-10-03T11:34:13.105074+00:00
769427,Q107345391,Q6581072,Rashada Williams,रशदा विलियम्स,,found,https://www.wikidata.org/wiki/Q107345391,2026-10-03T11:34:13.105074+00:00
769485,Q30578559,Q6581072,Qiana Joseph,कियाना जोसेफ,,found,https://www.wikidata.org/wiki/Q30578559,2026-10-03T11:34:13.105074+00:00
769517,Q61442685,Q6581072,Karishma Ramharack,करिश्मा रामहरक,,found,https://www.wikidata.org/wiki/Q61442685,2026-10-03T11:34:13.105074+00:00
7702,Q2723418,Q6581097,Andrew Symonds,एन्ड्र्यू सायमन्ड्स,ஆன்ட்ரூ சைமன்ஸ்,found,https://www.wikidata.org/wiki/Q2723418,2026-10-03T11:34:13.105074+00:00
772471,Q20858323,Q6581097,Jasdeep Singh,जसदीप सिंह,,found,https://www.wikidata.org/wiki/Q20858323,2026-10-03T11:34:13.105074+00:00
774311,Q28777215,Q6581072,Sterre Kalis,स्टेरे कालिस,,found,https://www.wikidata.org/wiki/Q28777215,2026-10-03T11:34:13.105074+00:00
774347,Q22002913,Q6581072,Gaby Lewis,गैबी लुईस,,found,https://www.wikidata.org/wiki/Q22002913,2026-10-03T11:34:13.105074+00:00
779623,,,,,,missing,https://query.wikidata.org/sparql,2026-10-03T11:34:13.105074+00:00
784367,Q19938344,Q6581097,Charith Asalanka,चरिथ असलंका,சரித் அசலங்க,found,https://www.wikidata.org/wiki/Q19938344,2026-10-03T11:34:13.105074+00:00
784369,Q26704448,Q6581097,Avishka Fernando,अविष्का फर्नांडो,அவிஷ்கா பெர்னாண்டோ,found,https://www.wikidata.org/wiki/Q26704448,2026-10-03T11:34:13.105074+00:00
784373,Q22006833,Q6581097,Kamindu Mendis,कामिन्दु मेंडिस,காமிந்து மெண்டிஸ்,found,https://www.wikidata.org/wiki/Q22006833,2026-10-03T11:34:13.105074+00:00
784379,Q22004824,Q6581097,Wanindu Hasaranga,वानिन्दु हसरंगा,வாணிந்து அசரங்கா,found,https://www.wikidata.org/wiki/Q22004824,2026-10-03T11:34:13.105074+00:00
787987,Q18637614,Q6581097,Marnus Labuschagne,मारनस लबसचगने,மார்னஸ் லபுஷேன்,found,https://www.wikidata.org/wiki/Q18637614,2026-10-03T11:34:13.105074+00:00
793463,Q21621685,Q6581097,Rashid Khan,राशिद खान,ரஷீத் கான்,found,https://www.wikidata.org/wiki/Q21621685,2026-10-03T11:34:13.105074+00:00
794707,Q28935471,Q6581097,Dipendra Singh Airee,दीपेंद्र सिंह ऐरी,,found,https://www.wikidata.org/wiki/Q28935471,2026-10-03T11:34:13.105074+00:00
794713,Q47076718,Q6581097,Kushal Bhurtel,कुशल भुरटेल,,found,https://www.wikidata.org/wiki/Q47076718,2026-10-03T11:34:13.105074+00:00
800675,Q18637550,Q6581097,Karan KC,करण के सी,,found,https://www.wikidata.org/wiki/Q18637550,2026-10-03T11:34:13.105074+00:00
803971,Q27898955,Q6581072,Amelia Kerr,अमेलिया केर,,found,https://www.wikidata.org/wiki/Q27898955,2026-10-03T11:34:13.105074+00:00
806241,Q28648831,Q6581097,Richard Ngarava,रिचर्ड नगारवा,,found,https://www.wikidata.org/wiki/Q28648831,2026-10-03T11:34:13.105074+00:00
8180,Q2732224,Q6581097,Shane Watson,शेन वॉटसन,ஷேன் வாட்சன்,found,https://www.wikidata.org/wiki/Q2732224,2026-10-03T11:34:13.105074+00:00
820351,Q22279728,Q6581097,Rovman Powell,रोवमैन पॉवेल,ரொவ்மன் போவல்,found,https://www.wikidata.org/wiki/Q22279728,2026-10-03T11:34:13.105074+00:00
823339,,,,,,missing,https://query.wikidata.org/sparql,2026-10-03T11:34:13.105074+00:00
823509,Q22007419,Q6581097,Glenn Phillips,ग्लेन फिलिप्स (क्रिकेटर),கிளென் பிலிப்சு,found,https://www.wikidata.org/wiki/Q22007419,2026-10-03T11:34:13.105074+00:00
827051,Q41585980,Q6581097,Blessing Muzarabani,ब्लेस्सींग मुजरबानी,,found,https://www.wikidata.org/wiki/Q41585980,2026-10-03T11:34:13.105074+00:00
8291,Q2748521,Q6581097,Cameron White,कैमरून व्हाइट,கேமரன் வைட்,found,https://www.wikidata.org/wiki/Q2748521,2026-10-03T11:34:13.105074+00:00
833087,Q27049275,Q6581097,Mahedi Hasan,महेदी हसन,,found,https://www.wikidata.org/wiki/Q27049275,2026-10-03T11:34:13.105074+00:00
833777,Q23541267,Q6581097,Michael van Lingen,माइकल वैन लिंगेन,,found,https://www.wikidata.org/wiki/Q23541267,2026-10-03T11:34:13.105074+00:00
858809,Q28542240,Q6581072,Ashleigh Gardner,एशले गार्डनर,,found,https://www.wikidata.org/wiki/Q28542240,2026-10-03T11:34:13.105074+00:00
8608,Q654375,Q6581097,James Anderson,जेम्स एंडरसन,ஜேம்ஸ் அண்டர்சன்,found,https://www.wikidata.org/wiki/Q654375,2026-10-03T11:34:13.105074+00:00
868003,Q30021270,Q6581097,Syed Aziz,सैयद अजीज,,found,https://www.wikidata.org/wiki/Q30021270,2026-10-03T11:34:13.105074+00:00
877469,Q28777213,Q6581072,Robine Rijke,रोबिन रिजके,,found,https://www.wikidata.org/wiki/Q28777213,2026-10-03T11:34:13.105074+00:00
877473,Q28777182,Q6581072,Babette de Leede,बेबेट डी लीडे,,found,https://www.wikidata.org/wiki/Q28777182,2026-10-03T11:34:13.105074+00:00
878025,Q98733085,Q6581072,Lauren Bell,लॉरेन बेल (क्रिकेटर),,found,https://www.wikidata.org/wiki/Q98733085,2026-10-03T11:34:13.105074+00:00
878039,Q25339050,Q6581072,Sophie Ecclestone,सोफी एक्लेस्टोन,,found,https://www.wikidata.org/wiki/Q25339050,2026-10-03T11:34:13.105074+00:00
883405,Q42898219,Q6581072,Jemimah Rodrigues,जेमिमाह रॉड्रिक्स,ஜெமிமா ரோட்ரிக்ஸ்,found,https://www.wikidata.org/wiki/Q42898219,2026-10-03T11:34:13.105074+00:00
883413,Q28378242,Q6581072,Pooja Vastrakar,पूजा वस्त्राकर,பூஜா வஸ்திரகர்,found,https://www.wikidata.org/wiki/Q28378242,2026-10-03T11:34:13.105074+00:00
883423,Q48621444,Q6581072,Taniya Bhatia,तानिया भाटिया,தனியா பாட்டியா,found,https://www.wikidata.org/wiki/Q48621444,2026-10-03T11:34:13.105074+00:00
885797,,,,,,missing,https://query.wikidata.org/sparql,2026-10-03T11:34:13.105074+00:00
885815,Q58495592,Q6581072,Sophia Dunkley,सोफिया डंकले,,found,https://www.wikidata.org/wiki/Q58495592,2026-10-03T11:34:13.105074+00:00
885837,Q78170632,Q6581072,Sarah Glenn,सारा ग्लेन,,found,https://www.wikidata.org/wiki/Q78170632,2026-10-03T11:34:13.105074+00:00
886203,Q106069869,Q6581072,Danielle Gibson,,,found,https://www.wikidata.org/wiki/Q106069869,2026-10-03T11:34:13.105074+00:00
8917,Q6890053,Q6581097,Moeen Ali,मोईन अली,மொயீன் அலி,found,https://www.wikidata.org/wiki/Q6890053,2026-10-03T11:34:13.105074+00:00
892749,Q47009431,Q6581097,Tim David,टिम डेविड,திம் டேவிட்,found,https://www.wikidata.org/wiki/Q47009431,2026-10-03T11:34:13.105074+00:00
897549,Q51879484,Q6581097,Will Jacks,विल जैक्स,,found,https://www.wikidata.org/wiki/Q51879484,2026-10-03T11:34:13.105074+00:00
9062,Q767692,Q6581097,Ian Bell,इयान बेल,இயன் பெல்,found,https://www.wikidata.org/wiki/Q767692,2026-10-03T11:34:13.105074+00:00
911707,Q27914997,Q6581097,Harry Brook,हैरी ब्रूक,ஆரி புரூக்,found,https://www.wikidata.org/wiki/Q27914997,2026-10-03T11:34:13.105074+00:00
913853,Q47086605,Q6581097,Lalit Rajbanshi,ललित राजबंशी,,found,https://www.wikidata.org/wiki/Q47086605,2026-10-03T11:34:13.105074+00:00
914503,Q56877149,Q6581097,Harsh Thaker,हर्ष ठाकर,,found,https://www.wikidata.org/wiki/Q56877149,2026-10-03T11:34:13.105074+00:00
914541,Q29420893,Q6581097,Sherfane Rutherford,शेरफेन रदरफोर्ड,,found,https://www.wikidata.org/wiki/Q29420893,2026-10-03T11:34:13.105074+00:00
914675,Q28755574,Q6581072,Kathryn Bryce,कैथरीन ब्राइस,,found,https://www.wikidata.org/wiki/Q28755574,2026-10-03T11:34:13.105074+00:00
914677,Q28755637,Q6581072,Sarah Bryce,सारा ब्राइस,,found,https://www.wikidata.org/wiki/Q28755637,2026-10-03T11:34:13.105074+00:00
914839,Q66310410,Q6581072,Caroline de Lange,कैरोलीन डी लैंग,,found,https://www.wikidata.org/wiki/Q66310410,2026-10-03T11:34:13.105074+00:00
915489,Q21623368,Q6581072,Ayesha Zafar,आयशा जफर,,found,https://www.wikidata.org/wiki/Q21623368,2026-10-03T11:34:13.105074+00:00
922481,Q24084269,Q6581072,Laura Wolvaardt,लौरा वोल्वार्ट,,found,https://www.wikidata.org/wiki/Q24084269,2026-10-03T11:34:13.105074+00:00
922491,Q108801761,Q6581072,Nyasha Gwanzura,न्याशा ग्वांज़ुरा,,found,https://www.wikidata.org/wiki/Q108801761,2026-10-03T11:34:13.105074+00:00
922943,Q24005995,Q6581097,Shadab Khan,शादाब खान,சதாப் கான்,found,https://www.wikidata.org/wiki/Q24005995,2026-10-03T11:34:13.105074+00:00
923703,Q50809232,Q6581072,Kavisha Dilhari,कविशा दिलहरी,கவிசா தில்கரி,found,https://www.wikidata.org/wiki/Q50809232,2026-10-03T11:34:13.105074+00:00
924177,Q22957716,Q6581072,Nigar Sultana,निगार सुल्ताना (क्रिकेटर),,found,https://www.wikidata.org/wiki/Q22957716,2026-10-03T11:34:13.105074+00:00
924183,Q21620406,Q6581072,Nahida Akter,नाहिदा अकटर,,found,https://www.wikidata.org/wiki/Q21620406,2026-10-03T11:34:13.105074+00:00
924355,Q21622847,Q6581097,Rohit Sharma,,,found,https://www.wikidata.org/wiki/Q21622847,2026-10-03T11:34:13.105074+00:00
928057,Q26838121,Q6581097,Lorcan Tucker,लोरकन टकर,,found,https://www.wikidata.org/wiki/Q26838121,2026-10-03T11:34:13.105074+00:00
928067,Q26838122,Q6581097,Joshua Little,जोशुआ लिटिल,,found,https://www.wikidata.org/wiki/Q26838122,2026-10-03T11:34:13.105074+00:00
9310,Q3529894,Q6581097,Tim Bresnan,,டிம் பிரெஸ்னன்,found,https://www.wikidata.org/wiki/Q3529894,2026-10-03T11:34:13.105074+00:00
931581,Q21622311,Q6581097,Rishabh Pant,ऋषभ पंत,ரிஷப் பந்த்,found,https://www.wikidata.org/wiki/Q21622311,2026-10-03T11:34:13.105074+00:00
934494,Q28758344,Q6581072,Abtaha Maqsood,अबताहा मकसूद,,found,https://www.wikidata.org/wiki/Q28758344,2026-10-03T11:34:13.105074+00:00
935995,Q27978942,Q6581097,Afif Hossain,अफिफ हुसैन,அஃபிஃப் ஹொசைன்,found,https://www.wikidata.org/wiki/Q27978942,2026-10-03T11:34:13.105074+00:00
937953,Q21642657,Q6581097,Bilal Khan,बिलाल खान,,found,https://www.wikidata.org/wiki/Q21642657,2026-10-03T11:34:13.105074+00:00
938959,Q84599686,Q6581097,Wesley Madhevere,वेस्ले मधेवी,,found,https://www.wikidata.org/wiki/Q84599686,2026-10-03T11:34:13.105074+00:00
939229,Q56641636,Q6581072,Tumi Sekhukhune,तुमी सेखुखुने,,found,https://www.wikidata.org/wiki/Q56641636,2026-10-03T11:34:13.105074+00:00
939249,Q29870328,Q6581072,Nadine de Klerk,नादिन दे किलक,,found,https://www.wikidata.org/wiki/Q29870328,2026-10-03T11:34:13.105074+00:00
940593,Q28341347,Q6581097,Aaqib Ilyas,अकीब इलियास,,found,https://www.wikidata.org/wiki/Q28341347,2026-10-03T11:34:13.105074+00:00
941777,Q57078175,Q6581072,Umaima Sohail,ओमिमा सोहेल,,found,https://www.wikidata.org/wiki/Q57078175,2026-10-03T11:34:13.105074+00:00
941795,Q23771836,Q6581072,Muneeba Ali,मुनीबा अली,,found,https://www.wikidata.org/wiki/Q23771836,2026-10-03T11:34:13.105074+00:00
941803,Q28722417,Q6581072,Nashra Sandhu,नाशरा संधू,,found,https://www.wikidata.org/wiki/Q28722417,2026-10-03T11:34:13.105074+00:00
941805,Q25750637,Q6581072,Aiman Anwer,आइमान एनवर,,found,https://www.wikidata.org/wiki/Q25750637,2026-10-03T11:34:13.105074+00:00
941933,Q64010410,Q6581072,Nondumiso Shangase,नोंदुमिसो शांगेज़,,found,https://www.wikidata.org/wiki/Q64010410,2026-10-03T11:34:13.105074+00:00
944283,Q55366896,Q6581072,Onnicha Kamchomphu,ओननिचा कमचोमफु,,found,https://www.wikidata.org/wiki/Q55366896,2026-10-03T11:34:13.105074+00:00
944285,Q28755596,Q6581072,Nannapat Koncharoenkai,नानापट कोंचरोनेकाई,,found,https://www.wikidata.org/wiki/Q28755596,2026-10-03T11:34:13.105074+00:00
944345,Q28777218,Q6581072,Tanya Ruma,तान्या रुमा,,found,https://www.wikidata.org/wiki/Q28777218,2026-10-03T11:34:13.105074+00:00
944349,Q28777183,Q6581072,Brenda Tau,बे्रन्डा ताऊ,,found,https://www.wikidata.org/wiki/Q28777183,2026-10-03T11:34:13.105074+00:00
944351,Q28777206,Q6581072,Mairi Tom,मेरी तोम,,found,https://www.wikidata.org/wiki/Q28777206,2026-10-03T11:34:13.105074+00:00
944357,Q28777214,Q6581072,Sibona Jimmy,सिबोना जिमी,,found,https://www.wikidata.org/wiki/Q28777214,2026-10-03T11:34:13.105074+00:00
944373,Q28534060,Q6581072,Sophie Molineux,सोफी मोलिनक्स,,found,https://www.wikidata.org/wiki/Q28534060,2026-10-03T11:34:13.105074+00:00
944393,Q42659874,Q6581072,Alana King,अलाना किंग,,found,https://www.wikidata.org/wiki/Q42659874,2026-10-03T11:34:13.105074+00:00
946057,Q55956249,Q6581072,Georgia Wareham,जॉर्जिया वेयरहम,,found,https://www.wikidata.org/wiki/Q55956249,2026-10-03T11:34:13.105074+00:00
946507,Q106013766,Q6581097,Tadiwanashe Marumani,तदिवानाशे मारुमानी,,found,https://www.wikidata.org/wiki/Q106013766,2026-10-03T11:34:13.105074+00:00
949473,Q119960964,Q6581097,Brandon McMullen,,,found,https://www.wikidata.org/wiki/Q119960964,2026-10-03T11:34:13.105074+00:00
956319,Q27899086,Q6581097,Ayan Khan,,,found,https://www.wikidata.org/wiki/Q27899086,2026-10-03T11:34:13.105074+00:00
957645,Q22278432,Q6581097,Aaron Jones,एरॉन जोन्स (क्रिकेटर),ஆரன் யோன்சு,found,https://www.wikidata.org/wiki/Q22278432,2026-10-03T11:34:13.105074+00:00
959759,Q45338751,Q6581097,Finn Allen,फिन एलन,,found,https://www.wikidata.org/wiki/Q45338751,2026-10-03T11:34:13.105074+00:00
959767,Q58008279,Q6581097,Rachin Ravindra,रचिन रविन्द्र,இரச்சின் இரவீந்திரா,found,https://www.wikidata.org/wiki/Q58008279,2026-10-03T11:34:13.105074+00:00
960361,Q23884700,Q6581097,Sandeep Lamichhane,सन्दीप लामिछाने,சந்தீப் லாமிச்சானே,found,https://www.wikidata.org/wiki/Q23884700,2026-10-03T11:34:13.105074+00:00
960715,Q105700394,Q6581072,Yastika Bhatia,यास्तिका भाटिया,யாசுதிகா பாட்யா,found,https://www.wikidata.org/wiki/Q105700394,2026-10-03T11:34:13.105074+00:00
960737,Q28379953,Q6581072,Radha Yadav,राधा यादव,ராதா யாதவ்,found,https://www.wikidata.org/wiki/Q28379953,2026-10-03T11:34:13.105074+00:00
960845,Q61796492,Q6581072,Harleen Deol,हरलीन देओल,அர்லீன் தியோல்,found,https://www.wikidata.org/wiki/Q61796492,2026-10-03T11:34:13.105074+00:00
960853,Q108568167,Q6581072,Renuka Singh,रेणुका सिंह,ரேணுகா சிங் தாக்கூர்,found,https://www.wikidata.org/wiki/Q108568167,2026-10-03T11:34:13.955263+00:00
960867,Q56678282,Q6581072,Arundhati Reddy,अरुंधति रेड्डी,அருந்ததி ரெட்டி,found,https://www.wikidata.org/wiki/Q56678282,2026-10-03T11:34:13.955263+00:00
961107,Q28474056,Q6581072,Dayalan Hemalatha,दयालन हेमलथा,தயாளன் ஹேமலதா,found,https://www.wikidata.org/wiki/Q28474056,2026-10-03T11:34:13.955263+00:00
961407,Q30066771,Q6581097,Harry Tector,हैरी टेक्टर,,found,https://www.wikidata.org/wiki/Q30066771,2026-10-03T11:34:13.955263+00:00
964521,,,,,,missing,https://query.wikidata.org/sparql,2026-10-03T11:34:13.955263+00:00
971203,Q68462607,Q6581072,Nonkululeko Mlaba,ननकुलुलेको म्लाबा,,found,https://www.wikidata.org/wiki/Q68462607,2026-10-03T11:34:13.955263+00:00
974719,Q22948969,Q6581097,Mohammad Usman,मुहम्मद उस्मान (क्रिकेटर),,found,https://www.wikidata.org/wiki/Q22948969,2026-10-03T11:34:13.955263+00:00
990023,Q61889500,Q6581097,Tanzid Hasan,तंजीद हसन,,found,https://www.wikidata.org/wiki/Q61889500,2026-10-03T11:34:13.955263+00:00
990031,Q41864142,Q6581097,Tawhid Hridoy,तौहीद हिरदॉय,தவ்கீது இரிதோர்,found,https://www.wikidata.org/wiki/Q41864142,2026-10-03T11:34:13.955263+00:00
990039,Q39901288,Q6581097,Shariful Islam,शोरफुल इस्लाम,,found,https://www.wikidata.org/wiki/Q39901288,2026-10-03T11:34:13.955263+00:00
